observation_date,ticker,raw_value,frequency,lag_category,dimension
2021-01-01,2.1799999999999997,1.7399999999999998,-1583701.3,11301.670999999857,0.13212209689419296,0.10392305131804869,0.0638266490393129,0.10257282234703125,0.24546378357948573,0.038150769000468765,0.19576001935609577,0.16611066890802806,0.5362641775323729,-0.023319373486519135,-0.08269492496100495,0.0416992296723826,-0.11893224782709944,-0.054661512899210285,0.10176379658607845,0.2393425787562852,,0.19366265725205395,-0.043430010223913976,0.1083316885686927,2
2021-01-04,2.19,1.7399999999999998,-1583691.65,11312.212000000058,0.12702613159169251,0.10383864833747047,0.06377939953461409,0.10254862438384715,0.24513506467408241,0.046439689758858815,0.1955463295407367,0.1659481023346061,0.5342900160591597,-0.023302989774046212,-0.08263126652615227,0.04528782230124695,-0.11883141775252881,-0.0546221930216132,0.09993649283559128,0.2457619652418448,,0.1931262327396875,-0.042126916314432605,0.10880776337471108,2
2021-01-05,2.23,1.71,-1583691.6539999999,11311.564000000013,0.10692401291026687,0.12736200639437034,0.06373218999783647,0.10246308160239015,0.24480721274322326,0.05056492305235105,0.1953330452428672,0.16578578934224764,0.5323345678479268,-0.023286618068979914,-0.08256766757128353,0.05352820373906364,-0.11873070545175846,-0.054582903935758265,0.10111976375597395,0.24881411504924889,,0.19259431772167018,-0.03919574678017066,0.10992726379757146,2
2021-01-06,2.27,1.63,-1661992.195,-78299.89400000009,0.08674317025884015,0.1894437469901895,0.0636850203841004,-0.37482072618275897,0.2444802237967989,0.07959670920593687,0.1951201651310981,0.1656237292588263,0.530397537646047,-0.023270258361474228,-0.08250412801666085,0.05703540042920685,-0.11863011070524576,-0.05454364561212577,0.11577092715239048,-0.01452693406682655,,0.19206684285167305,-0.037921242280251344,0.07488076240657372,2
2021-01-07,2.23,1.5699999999999998,-1661992.192,-78290.89199999999,0.10678161261582386,0.23491943390304493,0.06363789064860104,-0.3739669965852145,0.24415409387089304,0.09609799832834898,0.19490768788036683,0.16546192141482496,0.5284786365500287,-0.023253910641693687,-0.08244064778270532,0.04195646250026508,-0.11852963329406074,-0.05450441802123529,0.13868673347618438,-0.0010093429659136788,,0.19154374026689158,-0.04315193518419907,0.0828677633870613,2
2021-01-08,2.19,1.52,-1661992.191,-78290.89100000006,0.1267219879513175,0.27189910522649363,0.06359080074660595,-0.3731603228137691,0.2438288190275606,0.11665850795358601,0.19469561217189435,0.16530036514332247,0.5265775818367546,-0.023237574899811708,-0.08237722678999826,0.04257320710852164,-0.11842927299988404,-0.05446522113364671,0.15859462283621567,0.01572790409114372,,0.19102494354865515,-0.04288918940207085,0.09126042994138943,2
2021-01-11,2.15,1.5,-1661992.191,-78300.5410000002,0.1465443904244006,0.2861832627741545,0.06354375063345885,-0.3724035078632181,0.243504395354609,0.1247925340650462,0.194483936693149,0.16513905977997956,0.5246940967998972,-0.023221251126015363,-0.08231386495928228,0.024575221986724127,-0.11832902960500402,-0.05442605491995889,0.17051780380953194,0.02249455974687152,,0.1905103876842447,-0.04914164914238563,0.09478587465459364,2
2021-01-12,2.16,1.5,-1661992.191,-78300.53700000024,0.14143397706626648,0.28573416323455647,0.06349674026457586,-0.3716047278105614,0.24318081896538146,0.12468622482273628,0.19427266013780753,0.16497800466302737,0.5228279105913427,-0.023204939310497497,-0.08225056221145977,0.033720207046485706,-0.11822890289231525,-0.054386919350810414,0.16855787118466078,0.02269463455108106,,0.19000000902988115,-0.04589411935128346,0.09458744089283817,2
2021-01-13,2.13,1.5499999999999998,-1582087.032,79905.16300000018,0.1562138357185452,0.24832164150089464,0.06344976959544635,0.4482769041344852,0.24285808599854097,0.10394950801346137,0.19406178120571704,0.16481719913325366,0.5209787580674563,-0.023188639443465386,-0.08218731846758953,0.03994402607048175,-0.11812889264531568,-0.05434781439687908,0.16062234790543783,0.49784060049058476,,0.1894937452748414,-0.04366904762025559,0.16368587362089107,2
2021-01-14,2.12,1.6400000000000001,-1582087.632,79904.56000000006,0.16102023335199012,0.17958455091069325,0.06340283858163343,0.44702299974341964,0.2425361926178602,0.11626405553116381,0.19385129860285755,0.16465664253398948,0.5191463796400295,-0.023172351515133305,-0.08212413364889137,0.04674938652221394,-0.1180289986481049,-0.054308740028882085,0.1382325260664292,0.5067467598416989,,0.1889915354066675,-0.04124048625272646,0.15854358270994148,2
2021-01-15,2.13,1.68,-1582087.032,79905.15900000022,0.15590533303044207,0.14835326548460048,0.06335594717877435,0.44578304177422434,0.24221513501200787,0.11203654272498897,0.19364121104130505,0.1644963342110981,0.5173305211317512,-0.023156075515726626,-0.08206100767674096,0.03493644385491623,-0.11792922068538125,-0.05426969621757627,0.1254972936338972,0.5024281402517305,,0.18849331967743255,-0.045328380755935635,0.1533374819338965,2
2021-01-18,2.13,1.68,-1582087.032,79905.15900000022,0.1557562789416609,0.14821505700451088,0.06330909534257789,0.44454901038187367,0.2418949093943441,0.11194466604995545,0.19343151723919294,0.16433627351296098,0.5155309336360556,-0.02313981143548227,-0.08199794047267472,0.03491164986066719,-0.1178295585424406,-0.05423068293375699,0.12538269618393347,0.501422084705695,,0.18799903957102534,-0.045290472918747784,0.15303431051597846,2
2021-01-19,2.11,1.69,-1582087.0359999998,79905.15500000026,0.16552474971660613,0.1402582009428548,0.06326228302882675,0.44332342697730853,0.24157551200271166,0.10356961007735577,0.19322221592067734,0.16417645979046558,0.5137473733812021,-0.023123559264644822,-0.0819349319583832,0.03681745057071906,-0.11773001200517352,-0.054191700148259137,0.12600271763945933,0.49379505144989677,,0.1875086377714263,-0.0445769065465368,0.15206069647019835,2
2021-01-20,2.11,1.69,-1619492.864,-37405.83200000017,0.16536104732918866,0.14013103438463936,0.06321551019337557,-0.16436550821166684,0.2412569390992334,0.10763267255705311,0.19301330581589804,0.16401689239699246,0.5119796015984401,-0.023107318993470516,-0.081871982055716,0.03679126955192147,-0.11763058086006317,-0.05415274783195667,0.12588688165785247,0.13224099657818242,,0.18702205813193248,-0.0445395833074366,0.09767679102095074,2
2021-01-21,2.12,1.65,-1619492.2589999998,-37404.62699999986,0.16023875732718418,0.17119310156102374,0.06316877679215227,-0.16419909675494715,0.24356732001135217,0.11583057038350275,0.19280478566094428,0.16385757068840423,0.510227384394133,-0.02309109061222525,-0.08180909068667819,0.045289040473518005,-0.11753126489418342,-0.05411382595576153,0.13495178364851845,0.1402853902606452,,0.18653924564531013,-0.04151892633396135,0.10193531609488564,2
2021-01-22,2.14,1.67,-1619491.058,-37404.02600000007,0.1501361080877992,0.15545927278834992,0.06312208278115694,-0.16403615525594772,0.24324362843733827,0.10744480656115529,0.19259665419781746,0.1636984940230306,0.508490492625703,-0.023074874111185584,-0.08174625777343159,0.033422232691300735,-0.11743206389519645,-0.05407493449062628,0.12589500814099927,0.13348032915775856,,0.18606014641483598,-0.04562592126855138,0.09746170022938985,2
2021-01-25,2.1500000000000004,1.72,-1619493.258,-37406.226000000024,0.14500748200838598,0.11605610836626346,0.06307542811646116,-0.1638883834600835,0.2429207807107916,0.0865564063532469,0.1923889101743963,0.16353966176165913,0.5067687017812728,-0.023058669480637617,-0.08168348323829322,0.022828043366024398,-0.11733297765135031,-0.05403607340754091,0.11029488506606565,0.1166645634330224,,0.18558470762620358,-0.04928754902212634,0.08959119458800499,2
2021-01-26,2.16,1.72,-1619492.689,-37405.653000000166,0.13987588027429454,0.11595857378054575,0.0630288127542098,-0.16372606739169104,0.24259877299298416,0.0948261837795048,0.19218155234440015,0.16338107326752116,0.5050617918628817,-0.023042476710877557,-0.08162076700373411,0.02985570961935058,-0.11723400595147837,-0.053997242677534585,0.10845070274545703,0.12318457038437972,,0.1851128775202623,-0.0467815765195051,0.09027387928343386,2
2021-01-27,2.16,1.73,-1626136.226,-6643.361999999965,0.13974924118548682,0.10795179505480901,0.06298223665061875,0.0035643377246823427,0.24227760147010557,0.08641080858430894,0.1919745794673553,0.16322272790628012,0.5033695472731592,-0.02302629579221116,-0.0815581089923818,0.015728496335953412,-0.11713514858499441,-0.0539584422716749,0.10559003367928915,0.2166338103843199,,0.1846446053665631,-0.051679860968666815,0.10258125385777549,2
2021-01-28,2.17,1.66,-1626137.729,-6645.470000000205,0.13461220486910186,0.16290788301750214,0.06293569976197588,0.003550317623953525,0.2445841057790863,0.09885898225025214,0.19176799030855873,0.16306462504601948,0.5016917567053376,-0.02301012671495617,-0.08149550912701697,0.018142306136217146,-0.11703640534189341,-0.05391967216106819,0.12301274068890417,0.2279678398420256,,0.1841798414376844,-0.05078883637030715,0.10952563308685011,2
2021-01-29,2.17,1.6199999999999999,-1626142.174,-6651.116000000155,0.13449241030765258,0.1937751636116094,0.0628892020446401,0.0035168745733560325,0.2442578014259995,0.11957696709071008,0.19156178363904441,0.16290676405723015,0.5000282130365017,-0.022993969469437547,-0.08143296733057392,0.019968625087215974,-0.11693777601274724,-0.05388093231685975,0.1337604114851337,0.24432637927218137,,0.1837185369843127,-0.050103482518993867,0.11519119220459642,2
2021-02-01,2.1899999999999995,1.64,-1626135.0860000001,-6641.828000000212,0.1243199547374263,0.17808949738290525,0.06284274345504293,0.003565481676840676,0.24130458605554428,0.11116556802798949,0.3370140896181424,0.25928162992640047,0.3688543840180245,-0.20722580080820974,-0.0598590170422878,0.004241788103581667,0.13034033602030615,-0.053842222710232424,0.12469613127862891,0.23585449506182254,,0.18513896815369105,0.030951076630291008,0.12371441717582846,2
2021-02-02,2.1799999999999997,1.6099999999999999,-1626135.085,-6642.39599999995,0.12924547151935717,0.20108761139888065,0.0627963239496856,0.0035599035842510673,0.24098675867714037,0.12354207173658671,0.3363801829208526,0.25891983715862854,0.3680725918854342,-0.20698657287994093,-0.05981503543256228,0.008699742494446161,0.13022592302815927,-0.05380354331240833,0.1344554762062889,0.24556165474610425,,0.18476670154493807,0.0324829199391894,0.12823500445091524,2
2021-02-03,2.17,1.58,-1617914.58,8221.64599999995,0.1341608624843642,0.22382035368538578,0.06274994348514196,0.08512183405345208,0.24066974862544077,0.1358712853088495,0.3357489699509324,0.2585590592093532,0.36729467407827676,-0.20674784389133216,-0.05977109029809524,0.009686011185659593,0.1301116539582463,-0.05376489409464724,0.14411840870495507,0.3041719778544153,,0.18439612396058377,0.03279971457197289,0.1398803074655907,2
2021-02-04,2.19,1.58,-1617914.902,8222.827000000048,0.1239725763547943,0.2235449081390093,0.06270360201805558,0.08506317284951925,0.24035355223290011,0.1357514067808434,0.33512043090641663,0.25819929111251727,0.3665205975490937,-0.20650961203375884,-0.05972718159947843,-0.006822822968348574,0.12999752851523416,-0.053726275028246895,0.14044220017824793,0.30385116047412636,,0.18402722218755418,0.026993264432935885,0.13776612933642227,2
2021-02-05,2.18,1.54,-1617914.412,8227.762000000104,0.12890665210966779,0.25349946378439103,0.0626572995051411,0.08502509380662548,0.24003816585546667,0.16038934799111404,0.3344945461902793,0.2578405279366529,0.36575032964587173,-0.20627187550803827,-0.05968330929736143,0.010328777118077781,0.12988354640469146,-0.05368768608454422,0.1526393304144629,0.3233494341901465,,0.18365998315951096,0.03296800740760597,0.14515441115387945,2
2021-02-08,2.14,1.54,-1617914.404,8220.68200000003,0.14889655027063164,0.25314930047505446,0.06261103590318418,0.08492133630649112,0.24235386925844749,0.15200079291998736,0.3338712964077153,0.25748276478457277,0.3649838381059902,-0.2060346325243636,-0.05963947335246034,0.01689744454003783,0.12976970733308546,-0.05364912723491355,0.15949935853194536,0.31796575767495305,,0.1832943939547413,0.03523876498511909,0.14665408444727976,2
2021-02-09,2.1500000000000004,1.55,-1617914.403,8220.68200000003,0.1437407628472902,0.24528586591420587,0.06256481116904067,0.08485640655487336,0.23940261479375113,0.14773163566691028,0.333250662363465,0.2571259967930619,0.36422109105028166,-0.20579788130224042,-0.0595956737255503,0.02616838297452828,0.1296560110077778,-0.0536105984507671,0.15492876341723583,0.3127407213427029,,0.1829304417940867,0.038455358358576996,0.1448906514288844,2
2021-02-10,2.16,1.58,-1601463.775,16450.805000000168,0.13858192643353973,0.22223093412527972,0.06251862525963614,0.12966166397173207,0.2390896550054331,0.13517581115806077,0.33263262505918356,0.25677021913257625,0.3634620569772007,-0.20556162007042733,-0.05955191037746976,0.03235936375214821,0.12954245713702184,-0.05357209970355514,0.14504008877347763,0.3293914403127477,,0.18256811403890622,0.040594007400142976,0.14465187229870344,2
2021-02-11,2.1799999999999997,1.57,-1601463.883,16451.019000000088,0.1283758182367154,0.22956591806119975,0.06247247813196699,0.12955055876215438,0.23877749080666844,0.1392041330102045,0.33201716569084905,0.2564154270069394,0.3627067047571024,-0.20532584706687063,-0.059508183269117776,0.034232811864459256,0.12942904542995892,-0.053533630964766266,0.1440213511438604,0.33236013614945725,,0.18220739818907625,0.04122156076361648,0.14479550942738822,2
2021-02-12,2.1900000000000004,1.53,-1601463.7759999998,16450.636000000173,0.12321006646820765,0.2594141808830188,0.06242636974309934,0.12943634918530833,0.2384661186685164,0.15562583146875708,0.3314042656462157,0.2560616156530504,0.361955003626625,-0.20509056053864372,-0.059464492361455346,0.035501633732232696,0.12931577559661367,-0.05349519220592602,0.15264639749585907,0.3452421458873005,,0.18184828188102642,0.04163753560331841,0.14928794194260717,2
2021-02-15,2.1900000000000004,1.53,-1601463.7759999998,16450.62800000026,0.12310430392913374,0.2590475141141204,0.062380300050169035,0.12932431470616934,0.23815553508439113,0.15547908754454576,0.33079390650230533,0.25570878034058553,0.36120692318317493,-0.20485575874188677,-0.05942083761550587,0.03547643273288004,0.12920264734789266,-0.053456783398598495,0.15246722633018964,0.3448711799099729,,0.18149075288580643,0.04160064300869089,0.14908362955830806,2
2021-02-16,2.1500000000000004,1.43,-1601463.7789999999,16450.62400000007,0.14319381289584077,0.33169559131982984,0.06233426901038164,0.12921243864758103,0.23784573656987962,0.1881768255950147,0.3301860700229411,0.25535691637171,0.360462433379515,-0.2046214399417462,-0.05937721899235182,0.02533962119053501,0.12908966039557845,-0.05341840451438462,0.1849115721785992,0.3707763656064882,,0.18113479910719069,0.038024727200824324,0.1620773353514743,2
2021-02-17,2.13,1.44,-1559483.648,41980.12699999986,0.15312050017499224,0.3239411266698826,0.062288276581012214,0.26443212190853527,0.23753671966256107,0.1920554846075806,0.3295807381563163,0.255006019080791,0.35972150451844787,-0.20438760241231446,-0.05933363645313816,0.01744983168885983,0.12897681445232823,-0.05338005552492375,0.18565805237000985,0.45482569262872224,,0.1807804085798116,0.03523530949193869,0.17440166817405497,2
2021-02-18,2.13,1.52,-1559483.598,41980.284999999916,0.15297557461288114,0.2649577335217179,0.06224232271940511,0.264056149384607,0.23986292392219632,0.19184878957798013,0.32897789303260616,0.25465608383411364,0.35898410724759966,-0.2041542444365685,-0.05929008995907026,0.012696468459009624,0.1288641092316689,-0.053341736401892104,0.1649493546629312,0.45583047564646606,,0.1804275694673287,0.033543681271169856,0.16799782230335691,2
2021-02-19,2.1399999999999997,1.47,-1559483.6,41980.175999999745,0.14780115436651942,0.301345250764522,0.06219640738297394,0.263679893845268,0.23954883901520851,0.21194307111632416,0.328377516961615,0.25430710602959716,0.3582502125542939,-0.20392136430631425,-0.059246579471414984,0.02809784013025829,0.12875154444799453,-0.05330344711700363,0.17586016401075666,0.4714916966093452,,0.18007627006062535,0.03890625046728739,0.1743368087798782,2
2021-02-22,2.1599999999999997,1.44,-1559484.698,41979.07799999975,0.13757593360476128,0.3224769474234608,0.06215053052920072,0.2632996463122197,0.23923555460362422,0.2237920750613236,0.3277795924304596,0.2539590810965211,0.3575197917605222,-0.20368896032212325,-0.05920310495150005,0.02087950339840261,0.12863911981656195,-0.053265187642009715,0.17966366751863794,0.48055478059856527,,0.17972649877604052,0.03635196183263468,0.17636673631428149,2
2021-02-23,2.1999999999999997,1.44,-1559484.033,41979.74599999981,0.11717948955065394,0.32189564013540517,0.062104692115637405,0.2629295620771279,0.2389230671276048,0.22352016793377505,0.3271841021012911,0.2536120044952461,0.35679281651800165,-0.20345703079328115,-0.059159666360712904,0.021540516612082117,0.12852683505348872,-0.05322695794869858,0.1723077030248119,0.47992771186985966,,0.17937824415362663,0.03655548569834022,0.1740093515810802,2
2021-02-24,2.22,1.4300000000000002,-1522386.89,37096.75800000015,0.10689942207521308,0.3284506038758541,0.06205889209990367,0.2373014592052174,0.23861137304991797,0.22324887709822439,0.32659102880905144,0.25326587171694515,0.35606925880332496,-0.2032255740377238,-0.05911626366050071,0.027534749941294123,0.12841468987574833,-0.05318875800889655,0.1709901767128446,0.4641468010316607,,0.17903149485544134,0.03862567653329589,0.1714707983624572,2
2021-02-25,2.12,1.4300000000000002,-1522396.865,37086.73300000001,0.15747335608143787,0.3278450264784809,0.06201313043968848,0.23694507112004404,0.2383004688557535,0.2667296637930465,0.3260003555592643,0.2529206782833311,0.35534909091319133,-0.20299458838198348,-0.059072896812373155,0.02057709054416068,0.12830268400116784,-0.05315058779446613,0.1884653730278781,0.4985310550199158,,0.17868623966386338,0.03616274475252515,0.18141524179019541,2
2021-02-26,2.12,1.5300000000000002,-1522398.089,37085.51100000017,0.15732205724437032,0.254306575344837,0.06196740709274873,0.23663541307408886,0.2379903510525403,0.23862108336036747,0.32541206552586144,0.25257641974639355,0.35463228545972925,-0.20276407216113168,-0.05902956577789742,-0.010248966562781181,0.12819081714842429,-0.05311244727730735,0.16266024353404718,0.47567232516427144,,0.17834246747994192,0.025345913521782875,0.16853642573310776,2
2021-03-01,2.13,1.5200000000000002,-1522386.889,37097.809000000125,0.15213386623530156,0.2614021297670126,0.06192172201690971,0.23639696689498546,0.23768101616976534,0.2462805720142469,0.4567519303688947,0.3440021467603651,0.3897998224582202,-0.04584519347657878,-0.02294620797489577,0.00012291477364656522,-0.1052747393867467,-0.053074336429357216,0.16331411520588288,0.481471247450248,,0.2674771996860241,-0.052725439543392205,0.18017540566929927,2
2021-03-02,2.15,1.5500000000000003,-1522386.8939999999,37097.1390000002,0.14188700955593392,0.23859096336937036,0.06187607517006488,0.23609153125341997,0.2373724607587928,0.23398958441417328,0.4554420523911704,0.3433380034314728,0.3889090841418126,-0.04581224535324513,-0.022930102697671595,-0.000146449074902133,-0.10518899291583772,-0.05303625522259037,0.15173011307487594,0.4712700627386663,,0.26681611378406883,-0.05277828126353606,0.17499682958974952,2
2021-03-03,2.1399999999999997,1.5000000000000002,-1421991.983,100394.90699999989,0.14681596697493604,0.2755273507594358,0.06183046651017543,0.5286482302470612,0.23706468139268777,0.24963286395031847,0.4541415394880912,0.3426767801438544,0.38802319526621143,-0.04577932296758991,-0.022914009189588302,-0.00790611254324769,-0.10510333804856531,-0.05299820362901686,0.16636930116008275,0.6591340381441042,,0.2661590203193266,-0.0554527687958396,0.20700273583009615,2
2021-03-04,2.13,1.48,-1421993.5760000001,100403.28899999987,0.15173278465834095,0.2897835280038803,0.06178489599527026,0.526780741239586,0.23675767466604003,0.27685732867071144,0.4528502781711239,0.34201845471127434,0.38714211054478764,-0.04574642629507508,-0.022897927441064003,-0.005920966791993498,-0.1050177746339741,-0.05296018162068494,0.17306617823035852,0.6796089124799447,,0.26550587707258916,-0.054716613985294135,0.21203016751145246,2
2021-03-05,2.13,1.46,-1421992.476,100405.6129999999,0.15158988482872693,0.30385411835586873,0.06173936358344623,0.5249066402938372,0.23645143719478878,0.2842349962157229,0.4515681568599028,0.3413630051846346,0.3862657852828031,-0.04571355531119303,-0.022881857442530684,-0.04158630137858366,-0.10493230252148278,-0.052922189169678724,0.17792721018964233,0.6842028434657539,,0.2648566424633209,-0.06715816811592687,0.212149024975197,2
2021-03-08,2.1399999999999997,1.43,-1421991.501,100395.38800000004,0.14638953530795584,0.3248671855108638,0.06169386923286768,0.5230003476432661,0.23614596561605228,0.283798031884438,0.45029506584160783,0.34071040984872325,0.38539417536753495,-0.04568070999146934,-0.022865799184427438,-0.059252483532307054,-0.10484692156088382,-0.052884226248119504,0.18344801305644717,0.6825262134631414,,0.26421127553711754,-0.07330005965705265,0.21247114587212682,2
2021-03-09,2.16,1.47,-1421991.476,100395.41799999983,0.13611031602211465,0.2955101029250897,0.061648412901765814,0.5211518063010778,0.23584125658795396,0.26774165678336104,0.44903089723138323,0.34006064721902396,0.38452723725859506,-0.04564789031146432,-0.02284975265720479,-0.04762132931008134,-0.10476163160234064,-0.05284629282816522,0.16956167050205126,0.6683891631601079,,0.26356973595346683,-0.06918792416779726,0.20664112098782866,2
2021-03-10,2.17,1.49,-1352484.199,69507.78399999999,0.13090285894901377,0.2804322007271485,0.06160299454843954,0.38724482290867,0.2355373067894566,0.2634268374790001,0.4477755449337568,0.3394136960385732,0.38366492797845053,-0.04561509624676685,-0.022833717851321822,-0.035974833779639726,-0.10467643249638803,-0.05280838888200956,0.16244816925118866,0.5844107478020761,,0.26293198397380213,-0.06507045986121257,0.19236848995993666,2
2021-03-11,2.18,1.5099999999999998,-1352495.15,69498.42600000021,0.12569214465502498,0.26526876440005265,0.0615576141312546,0.38632574285675947,0.23523411292019292,0.2748133388217,0.4465289046050416,0.3387695352748732,0.3828072051031275,-0.04558232777300186,-0.02281769475724804,-0.013130692981001335,-0.1045913240939299,-0.05277051438188385,0.15530360240865354,0.5927865845235314,,0.26229798044983904,-0.05703386029079109,0.19252848446996687,2
2021-03-12,2.1900000000000004,1.41,-1352490.899,69501.57700000005,0.12047814914796051,0.33715434023979207,0.06151227160864359,0.38546916931365405,0.23493167170030027,0.3129832441841749,0.4452908736166812,0.33812814411685266,0.3819540267531074,-0.04554958486582528,-0.02280168336546462,-0.016736475152339336,-0.1045063062462388,-0.05273266930005471,0.17862505276830648,0.6226270999557125,,0.26166768681218944,-0.05825477427951875,0.20366028638496836,2
2021-03-15,2.1799999999999997,1.4299999999999997,-1352484.102,69507.39899999998,0.12548378892029666,0.32235301681096873,0.061466966939105694,0.3846294622854971,0.23462997987025558,0.30481104900234923,0.44406135101951794,0.33748950197188177,0.38110535158440006,-0.04551686750092465,-0.0227856836664585,-0.022412313651217874,-0.10442137880495361,-0.05269485360882631,0.17518297208767458,0.6154045044953309,,0.2610410650592458,-0.06020024844230791,0.2010957962990673,2
2021-03-16,2.19,1.4299999999999997,-1352484.801,69506.67500000005,0.12026439706552905,0.32177236041252666,0.06142170008120673,0.383764129388122,0.2343290341907147,0.30047126249580836,0.4428402375089533,0.3368535884628314,0.38026113877979517,-0.0454841756540213,-0.022769695650729282,-0.015229733026158154,-0.10433654162207984,-0.05265706728053787,0.1731393751416815,0.6112329081439487,,0.2604180777463227,-0.05764531631104465,0.20008447075402075,2
2021-03-17,2.23,1.42,-1264889.494,87594.70500000007,0.09964357727884221,0.3282911841376184,0.06137647099357957,0.4627024178120287,0.23402883144234998,0.3114459765187909,0.44162743539097726,0.3362203834251829,0.3794213480402904,-0.045451509300868276,-0.022753719308785225,-0.021227234804644945,-0.10425179454998712,-0.05261931028756539,0.16819010779383506,0.6671955307676599,,0.2597986879750571,-0.05970345336039084,0.20653051594300514,2
2021-03-18,2.17,1.38,-1264916.064,87579.0859999999,0.1303214804248065,0.35568430910265225,0.06133127963492235,0.4612824088781964,0.23372936842569092,0.32981593089258254,0.44042284854904,0.3355898669041857,0.3785859395766835,-0.04541886841725051,-0.022737754631145468,-0.00800101764355865,-0.1041671374414086,-0.05258158260232104,0.18850141022508726,0.6808598110963984,,0.25918285938305274,-0.055033329060434844,0.21522011021868387,2
2021-03-19,2.0999999999999996,1.3499999999999999,-1264908.402,87582.49699999997,0.1657813778014421,0.3755308787295515,0.06128612596399985,0.45995307061955915,0.23343064196096686,0.3404230045815557,0.4392263824117426,0.33496201915205903,0.3777548741013321,-0.04538625297898469,-0.022721801608337144,-0.014914106003824479,-0.10408257014944,-0.05254388419725309,0.2078451275750477,0.6883686312135602,,0.2585705561337663,-0.05741200191281849,0.22163967170106713,2
2021-03-22,2.08,1.4,-1264911.736,87572.36599999992,0.17570886846593958,0.34023019314947667,0.06124100993964321,0.4585763220656305,0.23313264888795038,0.32480828170697285,0.4380379439213222,0.3343368206252413,0.3769281128200763,-0.04535366296192167,-0.02270586023089749,-0.015822363272403828,-0.10399809252753778,-0.05250621504484587,0.19895097454728863,0.6748720079377268,,0.25796174290662643,-0.05768902404343332,0.2167531756749872,2
2021-03-23,2.1100000000000003,1.46,-1264909.02,87575.78099999996,0.1603716828188162,0.29693377639903873,0.06119593152074887,0.45726664035434283,0.23283538606580279,0.30146156443618466,0.43685744150291006,0.33371425198168225,0.3761056174243165,-0.045321098341941424,-0.022689930489375176,-0.02577013351416435,-0.10391370442951853,-0.05246857511761882,0.17841569018247389,0.6552304674010352,,0.2573563848873812,-0.061129915815574656,0.20697888601440656,2
2021-03-24,2.1,1.4699999999999998,-1053440.28,211449.21399999992,0.16527981797417213,0.28921525719038943,0.06115089066627877,0.814656418069619,0.23253885037291933,0.30096624827811747,0.43568478503454156,0.3330942940781789,0.375287350083247,-0.04528855909495755,-0.022674012374325758,-0.0383141589279008,-0.10382940570955745,-0.052430964388128776,0.17741854350748018,0.869090159688017,,0.25675444775866657,-0.06547953693954903,0.23795576840418084,2
2021-03-25,2.1100000000000003,1.54,-1053428.4780000001,211487.5859999999,0.1600506490471214,0.23720434649937583,0.06110588733526101,0.8089998954438209,0.23224303870677998,0.3042919474492516,0.4345198858178938,0.3324769279677551,0.3744732734362388,-0.045256045196915506,-0.022658105876316004,-0.05016405772258048,-0.10374519622218736,-0.05239338282896677,0.15737101464185232,0.8681793184497617,,0.25615589769078906,-0.06958625372935878,0.23103923852331337,2
2021-03-26,2.09,1.5,-1053429.828,211478.57400000002,0.17002316108908677,0.266552804823849,0.06106092148678899,0.8033493903027042,0.23194794798379648,0.3189610528629494,0.4333626565497337,0.33186213489708405,0.3736633505853726,-0.04522355662379174,-0.02264221098592123,-0.041140189247384384,-0.10366107582229755,-0.052355830412760596,0.1711198645155642,0.8763472452622599,,0.25556070133272074,-0.06638719189821686,0.2367201426924559,2
2021-03-29,2.08,1.44,-1053458.732,211453.00399999996,0.17490466020440842,0.3096779234498781,0.061015993080020925,0.7977584503006194,0.23165357513916485,0.3408450824868967,0.43221301129405343,0.33124989630394874,0.3728575450881111,-0.04519109335159577,-0.02262632769372963,-0.047686292020255094,-0.10357704436513215,-0.05231830711217367,0.18790870220300654,0.8903232812533879,,0.2549688258032943,-0.06863765986853763,0.24336766031945303,2
2021-03-30,2.04,1.44,-1053523.1030000001,211385.9169999999,0.19484564611628175,0.30914647031001086,0.06097110207418077,0.7921802616156715,0.23135991712671822,0.3327578046339281,0.43107086545487605,0.33064019381474563,0.3720558209501166,-0.04515865535636732,-0.0226104559903344,-0.057010813046210584,-0.10349310170629034,-0.05228081289990416,0.19468857137145665,0.8803303509525763,,0.25438023868260035,-0.07186061403334656,0.2432720916199715,2
2021-03-31,2.0300000000000002,1.43,-1018172.319,35267.96100000001,0.19963724502755587,0.31574531561070485,0.06092624842855687,0.18981773660889467,0.23371384320608435,0.3358653512918328,0.4299361357497138,0.3300330092420283,0.37125814261820267,-0.045126242614178524,-0.02259459586634094,-0.043877594365718475,-0.10340924770172333,0.003699333327689347,0.1986617707519583,0.5228112289224537,,0.25379490800357585,-0.05044059472529782,0.1939028533560548,2
2021-04-01,1.98,1.4900000000000002,-1018047.5869999999,35380.89100000018,0.22428608596394906,0.27189924980720126,0.12751945582651025,0.1901610189294245,0.2307677591683157,0.3127411156514499,0.5692234680960593,0.4930576457735518,0.4867121590290371,-0.03498458700097695,-0.007297220744977628,-0.040927674660731106,0.13307730211639446,0.0036967883987075734,0.21192070426785567,0.502750159379804,,0.3550894925144581,0.03336140612909444,0.232765319235306,2
2021-04-02,1.95,1.4600000000000002,-1018047.5869999999,35382.24100000004,0.2387956525356434,0.2932993920750533,0.12740859268397497,0.18996414048163301,0.23047624426888613,0.31597967258894566,0.5669237432865353,0.49146913790892244,0.4851723420758174,-0.034959781887001884,-0.007292137932402021,-0.04064266638126024,0.13295955265899995,0.0036942452232007206,0.22445584341893632,0.505047968921468,,0.3538274307903869,0.03341918376416911,0.23656368362612318,2
2021-04-05,1.9300000000000002,1.4500000000000002,-1018041.4619999999,35417.270000000135,0.24828088099097845,0.30002630018265153,0.12729786620255945,0.18993057065826813,0.23018543213035336,0.3266928537038194,0.5646481105331949,0.48989361120550634,0.483644852181516,-0.034934995432012506,-0.007287058752940667,-0.02893423413384888,0.1328419537955352,0.003691703799955093,0.2300968732715383,0.5134238846362285,,0.35257689245364104,0.03747521302157674,0.23980814974354253,2
2021-04-06,1.9500000000000002,1.5100000000000002,-1018056.963,35466.14000000013,0.23814709962755565,0.2558322191542117,0.12718727610895963,0.18996409453859986,0.22989531979799027,0.30728310721937446,0.5623961540024185,0.48833088719742035,0.48212952310226553,-0.0349102276196952,-0.0072819832038009125,-0.02033417938776172,0.13272450521047774,0.0036891641277578824,0.21104894440630645,0.4977421343774537,,0.3513377000469665,0.04044336327627797,0.2318769329816933,2
2021-04-07,1.9600000000000002,1.5000000000000002,-1002429.153,15743.165999999968,0.23291852514519418,0.26284125509433487,0.12707682213068483,0.09272327258948554,0.2296059043348473,0.3105508949712035,0.5601674675159507,0.4867807908007864,0.48062619168852083,-0.034885478433755446,-0.007276911282196874,-0.023690817447764356,0.13260720658928693,0.003686626205396726,0.21163896972304058,0.4418382221315625,,0.35010967987716735,0.039226724061151914,0.22317885281511118,2
2021-04-08,1.9800000000000002,1.49,-1002421.758,15625.82899999991,0.22274489616051407,0.26979964444427806,0.12696650399605725,0.09206590255140013,0.22931718282161406,0.302444976340992,0.5579616542797727,0.48524315023323283,0.479134697812593,-0.034860747857919816,-0.00727184298534278,-0.01840246707239912,0.13249005761840094,0.003684090031660592,0.2104805404104944,0.43478583229660206,,0.3488926619161502,0.04103588370059881,0.221740585001766,2
2021-04-09,1.96,1.46,-1002425.383,15622.20399999991,0.23235164651533036,0.29121242397053493,0.12685632143420733,0.09197619962815828,0.22902915235648336,0.30573981712067555,0.5557783266213874,0.4837177969356623,0.47765488429820446,-0.03483603587593187,-0.007266778310454858,-0.02224813633159539,0.13237305798523336,0.0036815556053393372,0.22130432110031503,0.4371950648873254,,0.3476864797049346,0.03964818926037508,0.2248394043784832,2
2021-04-12,1.9500000000000002,1.44,-1002424.339,15617.122999999905,0.23697879930341625,0.3051164434747551,0.12674627417507023,0.09187930161452917,0.22874181005501604,0.30522915834969666,0.5536171057352641,0.48220456549622304,0.47618659685199716,-0.034811342471553264,-0.007261717254753219,-0.021492317316771925,0.13225620737816812,0.003679022925223485,0.22775721722488101,0.43655599368148446,,0.34649097026053366,0.03987106839905571,0.22641396704467873,2
2021-04-13,1.97,1.49,-1002431.661,15625.302000000025,0.22681293691784865,0.26842616998839364,0.1266363619493842,0.09184872958387524,0.22845515305000563,0.29331121508896074,0.5514776214362025,0.4807032935764055,0.4747296839969277,-0.03478666762856819,-0.007256659815460753,-0.01652455289795396,0.13213950548655573,0.0036764919901040027,0.21132459600200007,0.42683130165149713,,0.3453059739856206,0.04156818100304182,0.219983794695186,2
2021-04-14,1.9800000000000002,1.49,-917351.752,85077.40100000007,0.221581792783335,0.2680334863135001,0.1265265844886858,0.4147563692597125,0.22816917849134666,0.29284419083617785,0.5493595119203656,0.47921382183920214,0.4732839970074987,-0.034762011330776166,-0.007251605989801679,-0.007663821110996838,0.1320229520007099,0.0036739627987734114,0.20932332303049803,0.6200306813195777,,0.34413133458089545,0.04462788465103159,0.24852861544996466,2
2021-04-15,1.9499999999999997,1.48,-917329.522,85092.23600000003,0.23612625436443246,0.27494540034092285,0.1264169415253078,0.41378456164906274,0.22788388354590405,0.2615380867272461,0.5472624235337487,0.47773599387926047,0.47184938984675995,-0.0347373735619958,-0.00724655577500255,-0.001847054406933002,0.1319065466119036,0.0036714353500244545,0.2168001616044667,0.5942315364987769,,0.34296689896006305,0.04662225287674704,0.24690984162768434,2
2021-04-16,1.97,1.45,-917340.8359999999,85084.54700000014,0.22595549556476247,0.29624580417552004,0.12630743279237655,0.4127252444221787,0.22759926539738085,0.2728055004202392,0.5451860105478517,0.4762696561549702,0.4704257191050296,-0.03471275430606613,-0.007241509168293581,0.0029203856528199346,0.13179028901236411,0.00366890964265143,0.22066268474681183,0.6024391062279271,,0.3418125171673447,0.04824940902560985,0.24925521200391026,2
2021-04-19,1.99,1.43,-917354.6939999999,85069.64500000014,0.2157585845028216,0.310065850134589,0.12619805802380646,0.4116424324897763,0.22731532124619047,0.2801165363835494,0.5431299349423238,0.47481465792242017,0.46901284394028275,-0.03468815354684529,-0.007236466166907873,0.013311326098716991,0.1316741788952711,0.0036663856754488577,0.22189796953023563,0.6074678813484196,,0.34066804229744324,0.05184484245053049,0.25063331000327405,2
2021-04-20,2.0,1.46,-917368.6429999999,85063.01800000004,0.21052420827523166,0.2880285727452683,0.12608881695430063,0.41060041466822406,0.22703204830932844,0.27198025359953504,0.5410938661943623,0.47337085117117117,0.4676106260201467,-0.03466357126820885,-0.007231426768077975,0.011490270216384824,0.1315582159547506,0.0036638634472121456,0.21232011844346516,0.6001636806661595,,0.33953333041788236,0.051166129194061036,0.24627883961654323,2
2021-04-21,2.01,1.47,-1008162.381,-90810.62900000007,0.20528827676550154,0.2803370511112755,0.12597970931934444,-0.4165986433183507,0.2267494438202462,0.2677114033392296,0.5390774810746477,0.47193809056178004,0.46621892946546684,-0.034639007454050574,-0.007226390969044094,0.013518851984125835,0.13144239988587292,0.003661342956738256,0.20776277755267528,0.10025960297252098,,0.3384082404936445,0.051834841041521036,0.16974505999132,2
2021-04-22,1.99,1.4000000000000001,-1008183.696,-90854.174,0.21502522177875738,0.3298356920526013,0.12587073485520484,-0.4157330405108184,0.2264675050287248,0.2634459968433862,0.537080463449604,0.47051623336502857,0.4648376207953806,-0.03461446208828356,-0.007221358767043551,0.011670672122836345,0.13132673038464815,0.0036588242028239293,0.228462540297537,0.09719747618545285,,0.33729263431403733,0.05114673813846675,0.17511355281635835,2
2021-04-23,1.9899999999999998,1.3900000000000001,-1008154.846,-90814.01000000013,0.21476970442155907,0.33621099566677315,0.12576189329892573,-0.41452883043264965,0.2261862292007517,0.26695233152699993,0.5351025040897803,0.4691051394027985,0.4634665688738655,-0.03458993515484077,-0.007216330159319551,0.01658770556434641,0.1312112071480216,0.003656307184267682,0.23057181302059399,0.1005563044824612,,0.33618637642171295,0.052826511604609105,0.17622556042466697,2
2021-04-26,1.98,1.3900000000000001,-1008181.968,-90827.27400000009,0.21948636574071423,0.3355732224811685,0.1256531843883264,-0.4135513579156783,0.22590561361839656,0.2587993901375807,0.5331433004841524,0.46770467099054525,0.46210564485770633,-0.03456542663767248,-0.007211305143117852,0.026304594827483374,0.13109582987387225,0.003653791899868253,0.23196681119415685,0.0944520655316955,,0.33508933404377567,0.05618628621543494,0.17595812963126053,2
2021-04-27,1.9700000000000002,1.3400000000000003,-1008223.224,-90854.58100000012,0.22418222252102904,0.36927748015635653,0.12554460786199684,-0.4126374000115558,0.22562565557968983,0.2816419286052092,0.5312025566601546,0.46631469288131755,0.46075472214584323,-0.0345409365207473,-0.007206283715684436,0.02282674599595791,0.13098059826100616,0.0036512783484254907,0.24537427829568398,0.1131064962250478,,0.3340013770249088,0.05492795399446507,0.1823177952778593,2
2021-04-28,1.98,1.3400000000000003,-960074.7699999999,48087.61100000015,0.21894382210512786,0.3684860566156489,0.12543616345929665,0.2467291518511865,0.22534635239850243,0.2812132942743715,0.5292799830092507,0.4649350722112773,0.4594136763300589,-0.0345164647880527,-0.007201265874271279,0.026973161898681264,0.1308655120091553,0.0036487665287399107,0.24323130659006084,0.5082159379693105,,0.33292237776245504,0.05633816582636477,0.2408831019869833,2
2021-04-29,1.9700000000000002,1.33,-960081.507,48102.18900000001,0.22364347417062946,0.37444318890378736,0.12532785092034993,0.24646900324821241,0.227727737954738,0.2922639413678998,0.5273752961178617,0.4635656784466746,0.45808238514696065,-0.03449201142359559,-0.007196251616128468,0.028514176878018604,0.13075057081897135,0.003646256439613138,0.24692868735215084,0.5183291978160901,,0.33185221114339064,0.056836538625830414,0.243316519457781,2
2021-04-30,1.96,1.33,-960091.272,48063.57400000002,0.22832180381812317,0.3736255598005638,0.12521966998604506,0.24596169135293655,0.23010069447227277,0.2918004664572591,0.5254882186034777,0.4622063833322305,0.4567607284312225,-0.03446757641140108,-0.007191240938511534,0.016651528261013793,0.130635774392025,0.07401417393777976,0.24824747826235394,0.5190778046609329,,0.3307907544831303,0.07375480810989751,0.2460968240151133,2
2021-05-03,1.96,1.35,-960037.762,48144.206000000006,0.22803620167135907,0.3592912514444542,0.12511162039802937,0.2460113812696587,0.22715311099034685,0.2836961926369461,0.5236184789557796,0.4608570608408873,0.45544858807004496,-0.03444315973551082,-0.007186233838677669,0.01941090155373293,0.13052112243079916,0.07395899391710925,0.24309809470994342,0.5108556494655603,,0.3297378874661045,0.074663906569719,0.24319183368480102,2
2021-05-04,1.97,1.3699999999999999,-960055.8439999999,48167.38000000012,0.22279589630569352,0.34487366046861534,0.12500370189870713,0.24579318712976872,0.22687026559234735,0.2755809956618347,0.521765811382606,0.45951758712488244,0.454145847958801,-0.03441876137998778,-0.00718123031388751,0.00939396951872018,0.13040661463868752,0.07390386144143668,0.23618545544062022,0.5040628681627374,,0.3286934920880529,0.0711013628875237,0.23930364431173842,2
2021-05-05,1.9799999999999998,1.39,-946041.314,14033.45599999989,0.21755454311290445,0.33037260729658446,0.12489591423123647,0.08092561090410055,0.22658808679464704,0.26745440100546425,0.519929955660603,0.45818784046810923,0.45285239395782706,-0.034394381328911594,-0.007176230361401803,0.014248738559607954,0.1302922507199904,0.07384877645548271,0.22924327691269203,0.39847173942361996,,0.3276574525999788,0.07274397918450423,0.22136970401502093,2
2021-05-06,1.96,1.38,-946033.4349999999,14048.072000000044,0.2272215003336442,0.3366901301888505,0.12478825713952735,0.0809365061662275,0.22630657185812808,0.26319698817958126,0.5181106569904073,0.45686770123972176,0.4515681138503309,-0.03437001956637953,-0.00717123397848618,0.025193748640331526,0.13017803037990983,0.07379373890406327,0.23480554782473134,0.3949034373582784,,0.3266296554537108,0.07651824432830345,0.22281233046383436,2
2021-05-07,1.9699999999999998,1.3599999999999999,-946040.37,14050.902000000002,0.22197929517018822,0.3497961043131399,0.1246807303682369,0.08088918306391712,0.2260257180597942,0.27826098615287065,0.5163076658562065,0.4555570518489469,0.4502928973013762,-0.03434567607651018,-0.00716624116240816,0.053846966420754594,0.13006395332454823,0.07373874873208952,0.2375256089296359,0.40675772959652334,,0.3256099892490192,0.08649044653048284,0.22664740641019648,2
2021-05-10,1.98,1.33,-946054.0619999999,13983.70000000007,0.2167359993689717,0.3694225196116103,0.12457333366276857,0.08049554555007221,0.22574552269264614,0.28167967320156095,0.5145207378895353,0.4542557767010731,0.4490266358179196,-0.0343213508434379,-0.007161251910436817,0.062042475818784304,0.12995001926090288,0.07368380588456724,0.24252748174203426,0.4090883795068798,,0.32459834468224197,0.08930251504326067,0.2286664648756918,2
2021-05-11,2.01,1.32,-946060.267,13995.576999999932,0.20148656846933188,0.3753241879996594,0.12446606676926808,0.08049340938471272,0.22546598306556254,0.28507841952277513,0.5127496337371651,0.4529637621545721,0.44776922270986397,-0.03429704385131538,-0.007156266219844998,0.05842614182189765,0.12983622789686322,0.07362891030659657,0.23922358479492736,0.41163837108838525,,0.3235946144963662,0.08798050249354526,0.22760856009985933,2
2021-05-12,2.02,1.27,-891157.594,54883.71999999997,0.1962387270479058,0.4073491208556361,0.12435892943462035,0.276791612834034,0.22518709650317859,0.3036341558541149,0.5109941189329552,0.4516808964793255,0.4465205530520979,-0.03427275508431482,-0.007151284087906218,0.034734090787792216,0.12972257894120687,0.07357406194337246,0.24856342559662575,0.5440945502856195,,0.3225986934325219,0.07963205298816141,0.24877769152818532,2
2021-05-13,2.04,1.28,-891183.554,54849.880999999936,0.18594541459420255,0.399865679018901,0.12425192140644792,0.27622244816371366,0.22490886034576807,0.29176328770874704,0.5092539637735269,0.45040706981592193,0.4452805236474968,-0.03424848452662532,-0.007146305511898654,0.03358402037400876,0.12960907210359696,0.07351926074018378,0.2423094591865206,0.5340894152726867,,0.32161047818284205,0.07917336058921713,0.24508487368095228,2
2021-05-14,2.0300000000000002,1.31,-891189.5220000001,54850.84799999988,0.1907928454969241,0.3792175323051521,0.12414504243310631,0.27581486523597665,0.22463127194912436,0.27984793672703834,0.5075289431976469,0.449142174135994,0.44404903299085396,-0.03422423216245485,-0.007141330489101594,0.04979765544112991,0.1294957070945777,0.07346450664241311,0.23674714496065855,0.5241460316926912,,0.32062986734464866,0.08479202888022158,0.24252231941029664,2
2021-05-17,2.0200000000000005,1.3,-891157.297,54896.7649999999,0.1956228529994084,0.38497821673366706,0.12403829226368379,0.2756149561267698,0.22435432868444427,0.28325237024635785,0.505818836669182,0.4478861032035626,0.4428259812337132,-0.034199997976031016,-0.007136359016796101,0.05174779768452553,0.12938248362557103,0.07340979959553717,0.24042186208568156,0.5265834670838148,,0.3196567613759161,0.08541853833719494,0.24384104978283494,2
2021-05-18,2.0300000000000002,1.3,-891191.807,54868.45999999996,0.19036857308980948,0.3841053215524808,0.12393167064799537,0.2750748275851682,0.22407802793821308,0.28281858720534325,0.504123428063521,0.44663875253735985,0.4416112701500843,-0.03417578195159632,-0.007131391092268569,0.060434962719446705,0.12926940140887355,0.07335513954512596,0.23824536431920018,0.5257465830783034,,0.31869106255197877,0.08840306930844988,0.24326882279176773,2
2021-05-19,2.0200000000000005,1.26,-858490.115,32667.47900000005,0.19520297291979305,0.40922435079005326,0.12382517733658327,0.16986076820088059,0.22380236711208767,0.29760277509290933,0.5024425055573409,0.445400019374103,0.4404048031030041,-0.034151584073413566,-0.007126426712804945,0.058661443694691284,0.12915646015765292,0.07330052643684204,0.2486971164994212,0.4742801012621084,,0.31773267492343843,0.08772642427937308,0.2383432825119082,2
2021-05-20,2.02,1.37,-858547.238,32636.31599999999,0.19498796646525762,0.33525601942979355,0.12371881208071134,0.16954151152555608,0.2235273436227856,0.2819049909675919,0.5007758615216129,0.44416980263269146,0.4392064850119315,-0.034127404325763666,-0.007121465875694288,0.05933182832383466,0.12904365958594388,0.07324596021644192,0.2227010386874813,0.46136530586307856,,0.3167815042752363,0.08790520883335506,0.2283962648795185,2
2021-05-21,2.0100000000000002,1.37,-858565.163,32624.35900000017,0.19980657916917277,0.33462253116145857,0.12361257463236464,0.1693155863308453,0.22325295490197083,0.27381134912784133,0.49912329241773556,0.4429480028792969,0.43801622232094317,-0.034103242692945956,-0.007116508578227987,0.052320788789365524,0.1289309994086456,0.07319144082977469,0.22413396100543034,0.45459020404196276,,0.31583745808685154,0.08539555811823629,0.22719741714737182,2
2021-05-24,1.9999999999999998,1.39,-858591.058,32566.23900000006,0.20460665600732098,0.3202359670074926,0.12350646474424543,0.16886661588369956,0.22297919839614244,0.27340712645262055,0.4974845986967029,0.44173452229332777,0.43683392296771095,-0.034079099159275095,-0.0071115548177012045,0.057440939790706524,0.1288184793415177,0.0731369682227816,0.22074685747845835,0.45383318973000164,,0.3149004454935933,0.08713188716311296,0.226093930150903,2
2021-05-25,2.01,1.44,-858629.0719999999,32562.735000000102,0.19934751299736186,0.2846725408134374,0.12340048216977006,0.16868263362188318,0.22270607156652433,0.2536853780727073,0.49585958470119484,0.44052926463423225,0.43565949635323853,-0.03405497370908739,-0.007106604591411436,0.05986886596544827,0.12870609910117703,0.07308254234149669,0.20642716348471074,0.43778152557121036,,0.31397037724894716,0.08792600047576785,0.21927687226469672,2
2021-05-26,1.98,1.42,-805019.7420000001,53470.372999999905,0.21417281912940878,0.2983271115220778,0.1232946266630679,0.26760942294312295,0.22243357188895585,0.2649583259006152,0.4942480585705067,0.4393321352091293,0.4344928533123362,-0.03403086632673402,-0.007101657896656399,0.05891501744623562,0.12859385840509496,0.07302816313204619,0.21636336372694068,0.5059924576197394,,0.31304716568795166,0.08753655548757955,0.23220015250616796,2
2021-05-27,1.9799999999999998,1.34,-805054.7880000001,53492.44999999995,0.213919248740694,0.35284816541860353,0.12318889797897614,0.2673254344422653,0.22216169685378362,0.2761218039205713,0.4926498321482202,0.43814304084122924,0.4333339060848105,-0.03400677699658605,-0.00709671473073803,0.058832886093158177,0.1284817569715926,0.07297383054064777,0.23532526434944695,0.5145897219140864,,0.312130724691562,0.08745227423485709,0.2389365599000661,2
2021-05-28,1.9899999999999998,1.37,-805048.957,53516.20599999989,0.20865854076637924,0.3317811558379362,0.12308329587304057,0.2670500444092081,0.224560833442778,0.26416854890717545,0.4910647208925236,0.43696188983903506,0.4321825682873519,-0.03398270570303119,-0.007091775090960262,0.06273136838992865,0.1283697945198381,0.07291954451361105,0.22607888257342257,0.506301365836932,,0.3112209696519804,0.08876127037250167,0.2348883026164369,2
2021-05-31,1.9899999999999998,1.37,-805048.957,53542.10099999991,0.20841668006417602,0.3311624238398818,0.12297782010150993,0.26678535193426156,0.22428409766753932,0.2637929402320749,0.4894925437891018,0.43578859196629094,0.43103875488609855,-0.033958652430476355,-0.007086838974630361,0.06268510652988502,0.1282579707698439,0.7247471293433578,0.2257460323968732,0.5056760219467404,,0.3103178174389153,0.28425421585791244,0.2637927997494887,2
2021-06-01,1.9699999999999998,1.33,-805017.444,53611.62799999991,0.21818526999328136,0.3576050260428636,0.12287247042133331,0.26672305969002386,0.22133628555273877,0.2711235890687811,0.617843767145736,0.5048678898549299,0.3112746267183355,0.04072825740944741,0.047582086114915656,0.07161073650129146,0.12814628544246331,0.7204401793552291,0.23838834473905074,0.5097344784006824,,0.3478433510630881,0.2860470114868829,0.277844564670622,2
2021-06-02,1.9799999999999998,1.36,-775738.0750000001,29281.667000000016,0.21292240374126603,0.3366375303093694,0.12276724659016014,0.15063681287913022,0.22106691478816187,0.2707275014810917,0.614995751466852,0.5031806324539001,0.3107426248107199,0.040699211699097404,0.04754784553784219,0.06888619621038172,0.12803473825938583,0.716198045833222,0.22917615089477042,0.4396042377852486,,0.3466514939562177,0.28378174081438523,0.26392361554743066,2
2021-06-03,1.96,1.3600000000000003,-775778.399,29276.389000000083,0.2226637357463821,0.3359982228810634,0.12266214836633504,0.15047135883893614,0.2207981562110799,0.27417242316272006,0.6121819227853504,0.5015077441189697,0.3102126121829305,0.04067018819710766,0.047513631803351775,0.0475667932077144,0.12792332894313585,0.7120193332427798,0.23233033002950643,0.44209964756018566,,0.3454714381204274,0.2750273427256315,0.2636360070818313,2
2021-06-04,1.98,1.4300000000000002,-775782.6460000001,29266.310999999987,0.2123966379628468,0.2869264525808186,0.12255717550889633,0.1502827293572946,0.22053000739733908,0.2544789107759904,0.6094016190954394,0.4998490195298866,0.309684575920836,0.040641186883303204,0.04747944488565059,0.06269526551049753,0.12781205721706757,0.7079026723972683,0.21153023434295176,0.42607077067357246,,0.34430297815944755,0.27904836467382826,0.25530268514485754,2
2021-06-07,1.9799999999999998,1.4200000000000002,-775785.394,29263.563000000082,0.21214690983716067,0.29349613142417263,0.12245232777757242,0.15013008530562355,0.2202624659365553,0.25024650390028236,0.6066541950688844,0.49820425739984664,0.30915850322869587,0.040612207737533934,0.04744528475897836,0.07106150983782533,0.12770092280536294,0.7038467213105923,0.21371076277473838,0.4224327338655332,,0.3431459135372098,0.2807208678182936,0.25537274746929794,2
2021-06-08,1.9799999999999998,1.4600000000000002,-775796.725,29220.71900000004,0.211897718471026,0.26475309084624277,0.12234760493278074,0.1497820210721299,0.21999552943201217,0.24211541421649474,0.6039390215818277,0.496573260376314,0.3086343814277688,0.04058325073967706,0.04741115139761187,0.06625971601678349,0.12758992543302838,0.6998501658080942,0.20353206474087826,0.415558861675681,,0.3420000484439724,0.2778024242498624,0.2505638244220881,2
2021-06-09,1.96,1.4900000000000002,-722785.5769999999,52952.49800000014,0.2216526286697973,0.24285048984390056,0.12224300673562394,0.262868458786109,0.2197291955005618,0.22217095993675806,0.6012554852535057,0.4949558349447196,0.3081121979549386,0.04055431586963176,0.047377044775860355,0.06899785191101881,0.127479064825891,0.6959117199316269,0.19924899350048142,0.4672953605214089,,0.34086519166589535,0.2775404368374065,0.2567163655704406,2
2021-06-10,2.0,1.51,-722817.6159999999,52960.783000000054,0.20132427275409515,0.22803909426059765,0.12213853294788768,0.2625346917530633,0.21946346177252507,0.2100314276697126,0.5986029879969115,0.4933517913349381,0.3075919403613596,0.040525403107323,0.04734296486806833,0.06984022289530611,0.12736834071059522,0.6920301261697399,0.18691873833950876,0.4572240342511231,,0.3397411564580575,0.2766320351129874,0.2510893210209836,2
2021-06-11,1.97,1.49,-722830.4809999999,52952.165000000154,0.2161634915193349,0.24224783913366044,0.12203418333203842,0.26212342961290136,0.2191983258915946,0.20978943308741727,0.5959809465814061,0.4917609434304582,0.3070735963111231,0.040496512432702136,0.04730891164861473,0.05024702781843282,0.1272577528146006,0.6882041555396448,0.19705422072815987,0.45662459977263137,,0.33862776042089454,0.2685879198834551,0.25255508427208456,2
2021-06-14,1.9600000000000002,1.45,-722866.565,52918.82900000003,0.22090591593801,0.2705822642537301,0.12192995765122028,0.2615985884470009,0.2189337855147362,0.2253709727746036,0.5933887922072214,0.4901831086801589,0.3065571535799412,0.04046764382574275,0.04727488509191469,0.05476332374743764,0.12714730086617765,0.6844326075439606,0.2085998503624751,0.4686162025967251,,0.3375248253800236,0.2689985008779535,0.25760336697495023,2
2021-06-15,1.9600000000000002,1.45,-722792.232,53004.49300000002,0.2206375503121183,0.27018337871697007,0.12182585566925286,0.26162769611265846,0.2186698383120933,0.22509548202297958,0.590825970091758,0.48861810801260175,0.3060426000538514,0.040438797266444615,0.04724088517241576,0.040957258498111715,0.1270369845944055,0.6807143100220732,0.20833508186095678,0.46825490627323474,,0.3364321772694116,0.26301227808900296,0.2562986465299756,2
2021-06-16,1.91,1.39,-646345.685,76439.89199999988,0.24520002677990016,0.311848404024458,0.12172187715062766,0.36625363130596456,0.21840648196689005,0.228759547723818,0.5882919390675541,0.48706576575276506,0.30552992372793564,0.0404099727348326,0.04720691186459969,0.049314514561360046,0.12692680372916754,0.6770481189132254,0.23148351392671362,0.5338037061427672,,0.3353496460178409,0.26479889707565224,0.2730728561652372,2
2021-06-17,1.8399999999999999,1.4100000000000001,-646580.5430000001,76237.07299999986,0.27908355883056535,0.29741976530261294,0.12161802186050874,0.36461269980135547,0.20738894799295493,0.2007419395229293,0.5857861711917594,0.48552590954113506,0.3050191127050623,0.04038117021095533,0.04717296514298397,-0.003131628751211313,0.1268167580011499,0.6734329179460949,0.238261570004765,0.5037945402949296,,0.33427706543861413,0.24531967062130697,0.2674148689985185,2
2021-06-18,1.8499999999999999,1.4800000000000002,-646571.8640000001,76258.61699999985,0.27381313271882024,0.24732094246881853,0.12151428956472587,0.3639453965653707,0.20714978136951423,0.16031229398591207,0.5833081513669338,0.48399837025508363,0.30451015519464186,0.040352389674886524,0.047139044982118294,-0.01978565851345393,0.1267068471418371,0.6698676182675942,0.21885121318509132,0.47090694194966065,,0.33321427312243784,0.23838270150021235,0.25535237875361777,2
2021-06-21,1.88,1.4300000000000002,-646589.884,76276.68099999998,0.2587822566136062,0.28258618941112057,0.12141068002977495,0.36326632746773746,0.2069111126954144,0.17632281942391193,0.5808573769729695,0.48248298193245787,0.3040030395114024,0.04032363110672499,0.047105151356589214,-0.012520964791303602,0.12659707088350935,0.6663511580218646,0.22590216011758685,0.4831647196370206,,0.33216111033342405,0.2398319845388314,0.25926043124500986,2
2021-06-22,1.9,1.4500000000000002,-646616.348,76175.88399999996,0.24859960206880505,0.2680000788786552,0.1213071930228149,0.3620791687279663,0.20667294016886806,0.17614381902378562,0.5784333575099119,0.4809795816973079,0.30349775407418145,0.04029489448659329,0.047071284241015254,-0.015329180556364563,0.12648742895923948,0.6628825018889188,0.21720204623845554,0.48216632055712916,,0.33111742190813487,0.2377701375076819,0.255930438058292,2
2021-06-23,1.8900000000000001,1.4300000000000002,-727400.7050000001,-81055.02000000002,0.25318002508183346,0.2817599873283112,0.12120382831166499,-0.3816035118408845,0.20643526199747742,0.1799944938739162,0.5760356142514524,0.4794880096876881,0.3029942874047349,0.04026617979463798,0.04703744361004958,0.00396278580756948,0.12637792110289015,0.6594606405910779,0.2235901528370501,0.03889464519308872,,0.3300830561576074,0.24345743959598423,0.19195062260887785,2
2021-06-24,1.8800000000000001,1.53,-727400.103,-80819.55999999994,0.2577353035814811,0.20942294142277618,0.12110058566480175,-0.37976270762470865,0.20619807639816967,0.17577832623982959,0.5736636799088535,0.4780081089854671,0.30249262812656164,0.040237487011032025,0.047003629438379324,0.0059742507918585375,0.12626854704910984,0.6560845903742001,0.19983556145093057,0.036483882255940306,,0.3290578647722842,0.24311035635659894,0.1841542704202311,2
2021-06-25,1.9,1.48,-727357.885,-80786.02099999995,0.24755139471653043,0.2454919567560252,0.12099746485135832,-0.37878470304115575,0.2059613815971344,0.18767922842134865,0.5713170983050466,0.47653972554807655,0.3019927649637473,0.04020881611597038,0.04696984170072649,0.01896693007685868,0.12615930653333085,0.6527533924697224,0.20886441247080195,0.046449389870666144,,0.32804170272977434,0.24662020055448303,0.18863018798745654,2
2021-06-28,1.8800000000000001,1.53,-727390.074,-80800.19000000006,0.25704212813449967,0.20884564696834462,0.12089446564112016,-0.37801339475749063,0.20572517582976158,0.1794311780699358,0.5689954240586657,0.47508270814214715,0.30149468673981916,0.04018016708967487,0.046936080371845046,0.01681462577044357,0.12605019929176597,0.6494661125426695,0.19932906097833153,0.04017201109931122,,0.3270344282053754,0.24484252253457417,0.18430950538992613,2
2021-06-29,1.8699999999999999,1.53,-727428.3010000001,-80811.9530000001,0.26157515260100994,0.20860346187527945,0.12079158780452337,-0.377235896362882,0.20548945734058077,0.17116948403893395,0.5666982222777417,0.47363690827896443,0.300998382376622,0.04015153991238951,0.04690234542652294,0.008264662950853152,0.12594122506140537,0.6462218401300523,0.2007999914080583,0.033887723817766405,,0.3260359024852801,0.24083861284330618,0.1829579235428984,2
2021-06-30,1.8699999999999999,1.57,-738875.395,-11474.689999999944,0.2612029366139468,0.17884897893700735,0.12068883111265238,-0.053638997667733834,0.21065347356164565,0.16289424155342536,0.5644250682628171,0.4722021801516898,0.3005038408932068,0.04012293456438343,0.04686863683958342,-0.0022919025730332443,0.12583238358001325,-0.0031081050314101244,0.19022481977662967,0.2245240787790874,,0.32504598988239486,0.042306736843019964,0.17835356574690372,2
2021-07-01,1.8599999999999999,1.5,-738626.103,-11226.0,0.265711434736581,0.2300806802215445,0.141097705216223,-0.05237345487179734,0.20500667068430056,0.17489027467445006,0.6364561782690437,0.47077838057429444,0.2925731113385803,0.06772072512070015,0.08903854941583567,-0.00904089536907804,0.12572367458612543,-0.003105967068819604,0.2158565518002108,0.231492149227062,,0.3501356808895947,0.0399071826053207,0.1930007855373193,2
2021-07-02,1.87,1.54,-738614.96,-11257.074999999953,0.26044710020480744,0.20054562313214253,0.1409696887617884,-0.05248931706786453,0.20477242966060571,0.1625551058156176,0.6333785360286013,0.46936536892214775,0.2921077713316711,0.06767033405450462,0.08896912575991567,-0.0018885401545486458,0.12561509781904645,-0.0031038305788159137,0.203638359796469,0.2214139522081388,,0.3489613101047277,0.042373146008929455,0.18789990019768282,2
2021-07-05,1.87,1.54,-738614.96,-11224.88599999994,0.2600781340269651,0.2003203224737966,0.1408418446454518,-0.052292625705531726,0.20453866889084837,0.1623980652927297,0.6303396237859267,0.4679630070742147,0.29164400717773176,0.06761998619092147,0.08889976903126162,-0.0018872271088716808,0.12550665301884556,-0.003101695560380646,0.20339201316890212,0.22126607814537375,,0.3477988454921645,0.04233629040037666,0.18750767060557436,2
2021-07-06,1.9,1.6099999999999999,-738656.037,-11227.735999999917,0.244984753516031,0.14801259796495803,0.1407141724826202,-0.052269211879370836,0.20430538666482012,0.14184688739615292,0.6273386639702263,0.4665711593568056,0.29118180959066664,0.06756968148018805,0.0888304791354575,-0.016707734036963462,0.12539833992635518,-0.003099562012496504,0.1797633247631322,0.20469921478819192,,0.3466480717731431,0.037111843457538145,0.17686267410908493,2
2021-07-07,1.8900000000000001,1.65,-746051.9469999999,-7176.551999999909,0.24958077415830204,0.11769253859707973,0.14058667188997243,-0.0321705876111501,0.20407258128108818,0.1253045854181205,0.6243748988967281,0.46518969248883835,0.29072116936184744,0.06751941987262211,0.08876125597828866,-0.022248806373585284,0.12529015828316714,-0.003097429934146523,0.17072166103137534,0.20338486453645926,,0.3455087788853666,0.03513524418810969,0.1733717093394396,2
2021-07-08,1.91,1.5999999999999999,-746059.6259999999,-7433.522999999928,0.23938180359681893,0.15530097082963934,0.140459342485451,-0.0334224285511594,0.20384025104693793,0.12519767997582454,0.6214475902258425,0.46381847552855837,0.2902620773592832,0.06746920131862866,0.08869209946573853,-0.02124676936133274,0.12518210783162975,-0.0030952993243144045,0.18027677379489568,0.20240883747812677,,0.34438076184418137,0.03544877866730963,0.17585686502132952,2
2021-07-09,1.9099999999999997,1.5299999999999998,-746046.823,-7431.863000000012,0.23906945237442545,0.20716895009593195,0.14033218388825985,-0.0333907912747754,0.203608394278316,0.13742243242910268,0.6185560184317793,0.46245737982167845,0.2898045245268006,0.0674190257686953,0.08862300950399238,-0.012516628666222163,0.1250741883148454,-0.003093170181984739,0.19828309603110303,0.21206850774540653,,0.34326382060629673,0.03846719482242271,0.18288123934607944,2
2021-07-12,1.9100000000000001,1.52,-746042.6989999999,-7427.738999999943,0.23875789292577232,0.2142729775007206,0.14020519571885615,-0.033346936138400673,0.20337700929977154,0.14140363288945346,0.6156994822813457,0.46110627895089173,0.28934850188323513,0.06736889317339712,0.08855398599943398,-0.009732298749944746,0.12496639947666699,-0.0030910425061430047,0.20062236336492936,0.2151409502083853,,0.34215775993620157,0.03940462250250988,0.18390798490016347,2
2021-07-13,1.9100000000000001,1.48,-746064.494,-7408.456999999937,0.238447121748953,0.24314149644006378,0.14007837759894648,-0.03322777910903041,0.20314609444440102,0.14537669685676868,0.6128772983234869,0.45976504868671464,0.2888940005216327,0.06731880348339003,0.08848502885864407,-0.018639044578319774,0.1248587410616957,-0.0030889162957747907,0.2105795296458398,0.21825234668663732,,0.3410623892753998,0.03625021888044913,0.18661484104766488,2
2021-07-14,1.9099999999999997,1.5299999999999998,-697576.324,48475.622999999905,0.2381371353641828,0.20634644754671716,0.13995172915148113,0.24003707726261947,0.2029156480537906,0.13703510244009842,0.6100888003900045,0.4584335669396258,0.2884410116084606,0.06726875664941523,0.0884161379884012,-0.014035504773317498,0.12475121281527768,-0.0030867915498669074,0.1975547727642593,0.37539971714192477,,0.3399775226145603,0.03782446034972599,0.20624443910666548,2
2021-07-15,1.92,1.5699999999999998,-697492.6100000001,48567.01599999983,0.23287367760887223,0.1764832691404672,0.13982525000064894,0.24015409303567758,0.20268566847796166,0.11216089054095013,0.6073333391077782,0.4571117137134528,0.28798952638283115,0.06721875262229715,0.08834731329568268,-0.018539343066055203,0.12464381448350159,-0.0030846682674067205,0.18522250636246346,0.35543256934094364,,0.3389029783686448,0.03621116451588422,0.1990390565794244,2
2021-07-16,1.9300000000000002,1.5699999999999998,-697533.915,48512.90799999994,0.22760957932417436,0.17630205562426715,0.13969893977187087,0.23958950458225559,0.2024561540753138,0.10377952758552289,0.6046102814227159,0.4557993710599779,0.2875395361557327,0.06716879135294396,0.08827855468766166,-0.019935899678489744,0.12453654581319507,-0.0030825464473821507,0.18327875416351577,0.3482510172629599,,0.337838579255057,0.035685462212932215,0.19703374298420281,2
2021-07-19,1.9700000000000002,1.69,-697576.817,48465.88199999987,0.20732938930099842,0.08538240086886928,0.13957279809179646,0.23905942545959658,0.20222710321257087,0.07038196487640325,0.6019190101355665,0.4544964230347186,0.28709103230927235,0.06711887279234685,0.08820986207170778,-0.038296049429137446,0.12442940655192314,-0.003080426088782451,0.14432096598699262,0.3210774891044231,,0.33678415217483826,0.029222547166340252,0.18003733328042185,2
2021-07-20,1.98,1.65,-697564.451,48500.04299999995,0.20206088331283523,0.1158244790128411,0.13944682458829716,0.23891101814857385,0.20199851426472692,0.0911887029369185,0.599258923449679,0.45320275565385515,0.28664400629592723,0.06706899689157941,0.08814123535538565,-0.04566184829352948,0.12432239644798382,-0.003078307190596541,0.15309392419047585,0.33749668179751524,,0.3357395280969191,0.026607699696880052,0.18447871650553183,2
2021-07-21,1.9599999999999997,1.5799999999999998,-670748.676,26827.648000000045,0.21188372043913417,0.16857316374704268,0.13932101889046256,0.13469824675200903,0.20177038561499083,0.11190713672464248,0.5966294345307075,0.45191825685226394,0.28619844963780605,0.06701916360180005,0.08807267444645617,-0.03259398198796193,0.12421551525040653,-0.003076189751814784,0.17495621513230064,0.29140688879991394,,0.3347045419454198,0.031144679716311175,0.18454573530347892,2
2021-07-22,1.9500000000000002,1.5099999999999998,-670760.667,26731.943000000087,0.2166450595202074,0.22029031255032927,0.13919538062859327,0.13411191843587034,0.20154271565473336,0.10766268986673655,0.5940299710782233,0.4506428164426297,0.2857543539259204,0.06696937287424687,0.0880041792528723,-0.035377135877917354,0.12410876270894922,-0.0030740737714284316,0.1946859944132658,0.28752293234775145,,0.33367903248998165,0.030133847259432623,0.18947407338755276,2
2021-07-23,1.93,1.4799999999999998,-670739.721,26794.194000000018,0.22637319979088244,0.24189596017963555,0.1390699094341974,0.134298635216912,0.20131550278343413,0.11173062095999553,0.591459974909152,0.4493763260756012,0.2853117108194645,0.06691962466024326,0.08793574968278373,-0.03426760856265798,0.12400213857409481,-0.003071959248428846,0.20561517881994051,0.2907529795682041,,0.3326628422391048,0.030485497729474235,0.1930360358004101,2
2021-07-26,1.94,1.4899999999999998,-670753.673,26823.144000000088,0.2211037760174268,0.2343120311479132,0.13894460493998473,0.1343223073270019,0.20108874540862876,0.1074815897835324,0.588918901552909,0.4481186792009597,0.2848705120451043,0.0668699189111932,0.08786738564453245,-0.02634859797761724,0.12389564259704922,-0.003069846181808278,0.2010789139898644,0.28723190346820426,,0.33165581733645255,0.03322051176225871,0.1913054908156419,2
2021-07-27,1.9500000000000002,1.5299999999999998,-670789.889,26774.562000000034,0.21583313738516186,0.2046812815540895,0.13881946677986168,0.13396644130177537,0.20086244194585556,0.09906326346679073,0.5864062198580835,0.44686977102977354,0.28443074939627633,0.06682025557858395,0.0877990870466514,-0.02628984715160898,0.1237892745297382,-0.0030677345705595327,0.18882588666269645,0.28014794072201116,,0.3306578074600831,0.03320447921117736,0.186315080853808,2
2021-07-28,1.9600000000000002,1.5199999999999998,-570947.716,99800.95999999996,0.21056105173790574,0.21182092201292657,0.13869449458892613,0.4603740235103366,0.2006365908186052,0.10315490634523727,0.5839214116104943,0.44562949849750555,0.2839924147324948,0.06677063461398314,0.08773085379786782,-0.024733742091670452,0.12368303412480453,-0.0030656244136767485,0.18944203918946914,0.4791302936735549,,0.32966866572455966,0.0337125648874939,0.21617620697213796,2
2021-07-29,1.9400000000000002,1.5199999999999998,-570969.81,99790.85699999996,0.22033682135941568,0.21157255363110838,0.1385696880034628,0.4589977691918796,0.20041119045826794,0.11140594783397151,0.5814639711624143,0.4443977602280491,0.2835554999786676,0.06672105596904143,0.08766268580710013,0.0008416396157393535,0.12357692113560637,-0.0030635157101545074,0.19273918764772224,0.4847701340572657,,0.32868824858588513,0.04262744154992464,0.2191034547818665,2
2021-07-30,1.95,1.5599999999999998,-571021.921,99717.80000000005,0.21506369327614294,0.18167380623228224,0.1384450466609377,0.45738609140252473,0.20833824482465357,0.09880160632108925,0.5790334050727537,0.44317445649866527,0.28311999712442115,0.06667151959549011,0.08759458298345879,-0.0060558004222909245,0.12347093531621245,-0.0030614084589871693,0.1803916388262301,0.4784758867931784,,0.327716415749205,0.040176874675176374,0.2138445098054235,2
2021-08-02,1.95,1.5999999999999999,-570903.844,99849.82899999991,0.2148083826538758,0.1514756349847537,0.138320570199993,0.45658523654818706,0.19994274316631921,0.09035818161837583,0.5766292317579682,0.44195948920579164,0.2826858982234328,0.06662202544514328,0.08752654523624281,-0.005967156309076849,0.1233650764214016,-0.0030593026591715367,0.16969557723351822,0.46620333312340445,,0.3267530300792195,0.040171481241562196,0.20855315284460532,2
2021-08-03,1.9700000000000002,1.6099999999999999,-570891.969,99897.91999999993,0.20450074023464904,0.1437800033974761,0.13819625826044302,0.4554629409187618,0.1997187231952562,0.08609802923495868,0.574250981153458,0.44075276183170464,0.28225319539277405,0.06657257346989365,0.08745857247494415,-0.011608991388635692,0.1232593442066583,-0.0030571983097031907,0.16335713774937669,0.46198742185637776,,0.3257979575132442,0.038160463993396954,0.20547881358059025,2
2021-08-04,1.96,1.6099999999999999,-485364.68200000003,85583.03399999999,0.2093013850928278,0.14364842037344117,0.13807211048326828,0.39666727884437103,0.19949514766632848,0.0860320923544613,0.5718981943852051,0.4395541794119999,0.2818218808122577,0.06652316362171717,0.0873906646092415,-0.01426571267698773,0.12315373842817157,-0.0030550954095801552,0.16495406505817461,0.42652312978998874,,0.32485106697685173,0.037194280390040295,0.20025659778866967,2
2021-08-05,1.9500000000000002,1.54,-485377.26200000005,85592.54800000001,0.21408222274250277,0.19603091887097546,0.1379481265106106,0.39577901677230853,0.19927201505030379,0.08596621629914836,0.569570423451401,0.4383636485038822,0.2813919467237984,0.06647379585266977,0.08732282154900495,-0.009551304384023074,0.12304825884283122,-0.00305299395780001,0.18492403751790054,0.42580359213288604,,0.3239122303020369,0.038808035873242844,0.20614701303179875,2
2021-08-06,1.94,1.46,-485385.06100000005,85636.85999999993,0.21884266400231644,0.2544430365722581,0.13782430598576934,0.3950396276280108,0.19904932382554463,0.11938351778355871,0.5672672309138058,0.4371810771552256,0.2809633854307776,0.06642447011488706,0.08725504320429134,-0.029466890406509072,0.12294290520822515,-0.0030508939533614443,0.20699728699683187,0.4519601850989802,,0.3229813221478322,0.03180133699459219,0.21540874495004345,2
2021-08-09,1.9499999999999997,1.44,-485414.69200000004,85489.152,0.21356411909898787,0.26847174044650535,0.13770064855319486,0.3935103134408684,0.1988270724779604,0.11928348721242732,0.5649881895985815,0.43600637487439675,0.28053618929741675,0.06637518636058681,0.08718732948534513,-0.03471948358061372,0.12283767728263761,-0.0030487953952635927,0.2100227454068811,0.4508292213212391,,0.3220582199233153,0.029926729177129283,0.21563477117764843,2
2021-08-10,1.95,1.41,-485431.581,85460.38800000004,0.21331207004026154,0.28942077015368106,0.1375771538584849,0.3924813404803349,0.19860525950095842,0.12752305980238643,0.5627328823063416,0.4348394526008055,0.28011035074815993,0.06632594454206586,0.08711968030260064,-0.03635897617127426,0.12273257482504607,-0.003046698282507032,0.21722964022542535,0.45667040783068513,,0.3211428037129383,0.029316750044068023,0.21835266667707515,2
2021-08-11,1.9899999999999998,1.42,-427662.30100000004,57702.380999999994,0.19287515370205144,0.2818800111778863,0.13745382154837937,0.27096465306872264,0.1983838833953957,0.12741350983759592,0.5605009015311548,0.43368022267617845,0.2796858622670624,0.0662767446117003,0.08705209556667737,-0.02839967418334899,0.12262759759511788,-0.003044602614092007,0.207400454172492,0.3835399297485477,,0.32023495620411563,0.0320663924098915,0.20461982362654238,2
2021-08-12,1.99,1.51,-427749.183,57628.07900000003,0.1926647633599905,0.21635431543144357,0.13733065127075572,0.2702314452407284,0.19816294266953194,0.1314714062850395,0.5582918491882536,0.43252859881651795,0.27926271639718814,0.06622758652194749,0.08698457518838087,-0.027903891543777926,0.12252274535320962,-0.0030425083890199822,0.1843558729582286,0.3862137577741878,,0.3193345626170065,0.0322038463165951,0.19790304315533763,2
2021-08-13,1.98,1.58,-427712.782,57672.27900000004,0.19752135180126018,0.16400767245084413,0.13720764267462338,0.27003834450081254,0.1979424358389814,0.10207802603062954,0.5561053363501827,0.4313844960847406,0.27884090574001297,0.06617847022534296,0.08691711907870348,-0.02022025273834227,0.12241801786036177,-0.003040415606293312,0.16769745129062352,0.36245088902838,,0.3184415106364254,0.03485709311081883,0.18951581036717322,2
2021-08-16,1.97,1.61,-427698.259,57716.43300000002,0.20235951879022473,0.1412011537052411,0.1370847954101202,0.2698456043677868,0.19772236142666766,0.097795205238002,0.553940982991149,0.4302478308639708,0.2784204229548375,0.06612939567450438,0.08684972714882311,-0.024207379228063597,0.12231341487829894,-0.0030383242649149045,0.1613716739964491,0.35877694366707424,,0.3175556903458225,0.0334256151981079,0.18663080861516768,2
2021-08-17,1.9800000000000002,1.61,-427715.29500000004,57716.285999999964,0.19707166117749275,0.1410730526523285,0.1369621091285067,0.26945234091655146,0.19750271796277574,0.08929958097367274,0.5517984177393143,0.4291185208314712,0.2780012607582054,0.06608036282212715,0.08678239931010157,-0.04072892763259095,0.12220893616942541,-0.003036234363888113,0.15943928257898943,0.3516127001065345,,0.3166769941632655,0.027607132678725624,0.18388400823230222,2
2021-08-18,1.9700000000000002,1.6,-331581.058,96081.24300000002,0.2019140906948178,0.14851960891857097,0.13683958348216252,0.43270521383147087,0.20001598692028,0.09344422742383784,0.5496772776367942,0.42799648493319076,0.27758341192332914,0.06603137162098371,0.08671513547408516,-0.04360028744211508,0.12210458149682357,-0.003034145902217067,0.16370366990933483,0.4543881023901208,,0.3158053167793669,0.02656625914848285,0.20020558439843272,2
2021-08-19,1.9800000000000002,1.6199999999999999,-331575.34,96173.843,0.1966237360872698,0.13320805628913623,0.13671721812457993,0.4319255740421508,0.19979186311605268,0.08493583460236542,0.5475772079071246,0.4268816433589213,0.2771668692795233,0.06598242202392801,0.08664793555250516,-0.05888782261590342,0.12200035062425041,-0.003032058878906785,0.15645629276911607,0.44697912997681444,,0.3149405550970978,0.02117976713924941,0.19589586117241883,2
2021-08-20,1.9600000000000002,1.5999999999999999,-331577.30700000003,96135.47499999998,0.2065235419107876,0.14827181404295242,0.13659501271036079,0.4306328458215527,0.19956818403271948,0.08909299870106091,0.5454978617299606,0.4257739175180344,0.27675162571164424,0.06593351398389258,0.08658079945727404,-0.07324564997665184,0.12189624331613635,-0.003029973292963062,0.16515687839691723,0.44939501687341205,,0.31408260817342415,0.01611871568093066,0.1978947754455826,2
2021-08-23,1.9700000000000002,1.6099999999999999,-331601.099,96097.16000000003,0.20123165179388747,0.14054816962158134,0.1364729668952116,0.4293487534214151,0.19934494813982728,0.08479965612398299,0.5434389000227782,0.42467323001579027,0.27633767415953714,0.06588464745388678,0.08651372710048832,-0.05253993041601235,0.12179225933758153,-0.0030278891433921373,0.16056482756397755,0.4450559458359318,,0.31323137716271426,0.023329948379531572,0.19673517669219132,2
2021-08-24,1.9500000000000002,1.5699999999999998,-331595.139,96120.15600000002,0.21110646451636517,0.17066871230765535,0.13635108033593846,0.42831533405450695,0.19912215391452537,0.09740654990814512,0.5413999912293623,0.423579504630204,0.2759250076174893,0.0658358223869997,0.08644671839442708,-0.042790055661240944,0.12168839845435375,-0.0030258064292006948,0.17452663598918872,0.4543877327079355,,0.3123867652618603,0.02670667804882927,0.2026188437257364,2
2021-08-25,1.9299999999999997,1.5099999999999998,-294244.34599999996,37336.71200000006,0.22091762362390144,0.21525477418734762,0.13622935269044278,0.16976094805277642,0.1988997998415165,0.12678092195024782,0.5393808111148555,0.42249266628944593,0.27551361913369,0.06578703873639835,0.08637977325155033,-0.04100604411484765,0.12158466043288585,-0.00302372514939675,0.19352914504107,0.32262118629677405,,0.3115486776570569,0.02729539816649434,0.1884334005960755,2
2021-08-26,1.9199999999999997,1.53,-294189.049,37386.29100000003,0.22566171630180287,0.2001691299819015,0.1361077836177167,0.16982668516274635,0.19867788441300882,0.11406865827090451,0.5373810425671641,0.42141264104977183,0.27510350180969767,0.0657382964553277,0.08631289158449862,-0.0467664337800201,0.12148104504027413,-0.0030216453029886514,0.18987313128461153,0.3123576683621767,,0.31071702147218844,0.02524362035019231,0.18528138806028593,2
2021-08-27,1.92,1.56,-294217.272,37360.03500000003,0.22538270771886748,0.1775154683575766,0.13598637277783832,0.16953409969163147,0.20119210968056578,0.11397457266139277,0.53540037540451,0.42033935607396034,0.27469464879991223,0.06568959549711018,0.08624607330609457,-0.030102099877798993,0.12137755204427392,-0.0030195668889854144,0.1818102734601069,0.3136153837524326,,0.30989170571876995,0.0310405381915706,0.183714396759325,2
2021-08-30,1.92,1.58,-294237.968,37363.130999999994,0.22510434937992407,0.16226544805041065,0.13586511983196692,0.16938067388759936,0.2009656827151447,0.11388059047018184,0.5334385061889322,0.41927273961025047,0.2742870533110551,0.0656409358151473,0.08617931832934156,-0.026570847700826628,0.12127418121329936,-0.003017489906397053,0.17633896505020724,0.3133122863377919,,0.3090726412473954,0.03224091975744634,0.18200283074119675,2
2021-08-31,1.9400000000000002,1.57,-294286.87299999996,37308.26600000006,0.21478270208484318,0.16965446422092367,0.13574402444234002,0.1689533894671973,0.20620496994637438,0.11799949045634617,0.5314951380455404,0.41821272097175854,0.27388070860165437,0.06559231736291582,0.0861126265674208,-0.021401358580507956,0.12117093231641918,-0.13946198642397611,0.1752762155397204,0.31949460801321994,,0.3082597407006396,-0.006919245119623912,0.17653410427111543,2
2021-09-01,1.92,1.56,-270384.942,23859.40399999998,0.22457488966418104,0.17701457669445464,0.1356230862722667,0.10451403820861427,0.20050146952251047,0.12211177051202426,0.5137291854770616,0.4801664800357177,0.23571130499755744,-0.022049250398921694,0.13212701103848934,-0.012654170139587473,0.1210678051233558,-0.13933749134648676,0.1812432391072025,0.2806987210482943,,0.3034199572150137,-0.003856475159627115,0.17175429791921426,2
2021-09-02,1.92,1.58,-270367.814,23821.234999999986,0.22429840799170075,0.1617460076045827,0.13550230498612525,0.1042459783993237,0.200276420810227,0.11357812096270559,0.5119651820219981,0.47868134040431265,0.23541086964530566,-0.02203381712375585,0.1320106591752912,-0.009405203144607799,0.12096479940448113,-0.1392131584184253,0.17576623695453678,0.2735759362958949,,0.30257658445777413,-0.002718088834571926,0.169002694320003,2
2021-09-03,1.9100000000000001,1.54,-270375.534,23841.738000000012,0.2290301750020607,0.19168997267440524,0.1353816802493566,0.10426121868261262,0.20005181993225674,0.12613074221082066,0.5102166626267246,0.47720778685364795,0.23511116872155147,-0.0220183950375753,0.13189445465000094,-0.0004914707010713615,0.12086191493081588,-0.13908898729228625,0.18786655576157002,0.28349241693757815,,0.30173971985564607,0.00040295929272470693,0.17437920312692795,2
2021-09-06,1.9100000000000001,1.54,-270375.534,23862.43400000001,0.22874330279377464,0.19148184422983783,0.1352612117284624,0.10427743111494503,0.19982766534280838,0.12602285863778206,0.5084833997236007,0.47574566689902476,0.2348121990947376,-0.02200298413145574,0.13177839715773154,-0.0004911292467435491,0.12075915147402605,-0.13896497762167004,0.18765716497680307,0.28328134478487765,,0.3009092739546594,0.0004043144930478623,0.1740773168733946,2
2021-09-07,1.9100000000000001,1.4900000000000002,-270380.772,23906.100999999966,0.22845711299434424,0.22840412184660752,0.1351408990909977,0.10440465679580546,0.19960395550379073,0.1427284373919715,0.5067651703331233,0.4742948308290835,0.2345139576524038,-0.02198758439648174,0.13166248639453904,-0.01662866765009874,0.12065650880642109,-0.13884112906127777,0.2004437019216324,0.2965879172933349,,0.3000851590231177,-0.005242594313670509,0.17885619877921882,2
2021-09-08,1.9099999999999997,1.52,-246253.91499999998,24131.027000000002,0.22817160277311843,0.2059103604190382,0.13502074200556935,0.10540790964405256,0.1993806888847638,0.12999078740726833,0.505061755948484,0.4728551316422418,0.23421644130103658,-0.02197219582375154,0.1315467220574087,-0.02605089733547017,0.12055398670095108,-0.13871744126690655,0.19243490971892563,0.28686578904310445,,0.2992672890097931,-0.008539151102153648,0.1742962908592686,2
2021-09-09,1.9000000000000001,1.5799999999999998,-246246.345,24121.469000000012,0.23288658325638978,0.1606017694466555,0.13490074014183073,0.10527678817171804,0.19915786396288926,0.10452045399039633,0.5033729424235385,0.47142642498486853,0.2339196469659215,-0.02195681840436614,0.13143110384425838,-0.018967682218317128,0.12045158493120489,-0.1385939138954455,0.17819114548861506,0.2662771544730814,,0.29845557950332713,-0.006058808219122934,0.16710399046051005,2
2021-09-10,1.88,1.5299999999999998,-246238.009,24137.524999999994,0.24255399760644636,0.19808062281623795,0.13478089317047592,0.10526970446851247,0.19893547922288146,0.12559163928867956,0.5016985198640718,0.4700085690911384,0.23362357159099356,-0.021941452129438765,0.13131563145393632,-0.015192250925946671,0.12034930327140758,-0.13847054660487101,0.19465638509908226,0.28299642164578,,0.29764994769278885,-0.004736195660549981,0.17454843635070638,2
2021-09-13,1.87,1.5499999999999998,-246225.794,24149.73999999999,0.2471968397386506,0.1828670018754337,0.13466120076323795,0.1052440780031072,0.19871353315696005,0.12548439664560784,0.5000382825222505,0.4686014247245156,0.2333282121386937,-0.021926096990088517,0.13120030458621113,-0.01861306961295761,0.12024714149641769,-0.13834733905424212,0.19092070479390089,0.2827620840125266,,0.296850312329359,-0.005932276557061612,0.17301326063882977,2
2021-09-14,1.8699999999999999,1.5999999999999999,-246307.966,24072.80600000001,0.2468645472389026,0.14480504398653293,0.13454166259288258,0.10478667296284594,0.1984920242648005,0.1041993469619642,0.4983920286941599,0.4672048551208152,0.2330335655898239,-0.0219107529774466,0.13108512294177355,-0.017550486391476827,0.12014509938172546,-0.1382242909036966,0.1774468557067672,0.2653266959061592,,0.29605659368910214,-0.005559172724521957,0.16621333361155127,2
2021-09-15,1.85,1.5699999999999998,-222960.57200000001,23293.342999999964,0.2564222325176977,0.16746575586707224,0.1344222783332052,0.1009227526882368,0.19827095105348724,0.11684299696125588,0.49675956062032234,0.46581872593279416,0.23273962894340317,-0.021895420082650774,0.13097008622222672,-0.01645787549424227,0.12004317670345,-0.13810140181444508,0.18868747943463102,0.27299061981403916,,0.29526871353679096,-0.005175565121110823,0.1705956804185263,2
2021-09-16,1.84,1.5199999999999998,-223026.72400000002,23219.620999999985,0.26098952744860293,0.20488600149764657,0.1343030476590259,0.10048459524064834,0.1980503120374668,0.12098203845893529,0.49514068438910264,0.46444290517622444,0.2324463992165262,-0.021880098296848338,0.1308551941300904,-0.028692262048463424,0.11994137323833765,-0.1379786714487684,0.20334734942889507,0.27590657513401734,,0.29448659509075203,-0.009456412518174542,0.17459337799373295,2
2021-09-17,1.83,1.4899999999999998,-223097.53300000002,23140.475999999966,0.2655304846942763,0.22692273192688828,0.1341839702461851,0.1000202986204628,0.19783010573850057,0.13356787840816775,0.49353520984290333,0.46307726317740294,0.23215387344422367,-0.021864787611195702,0.13074044636879223,-0.0397545792520716,0.11983968876375917,-0.13785609947001198,0.21261381689126313,0.2855645453419122,,0.2937101629886964,-0.013327041511912944,0.17804731138905291,2
2021-09-20,1.8399999999999999,1.5499999999999998,-223103.519,23122.274999999994,0.2602354666614901,0.18186832107432482,0.13406504577154066,0.09985243749659456,0.19761033068561695,0.10802135874682128,0.49194295048706094,0.4617216725220561,0.23186204867932303,-0.021849488016857044,0.13062584264266408,-0.05260608206035078,0.11973812305770726,-0.13773368554258247,0.1949558394389974,0.2648947479067839,,0.29293934325450705,-0.017823891313699974,0.16878221613428857,2
2021-09-21,1.83,1.5299999999999998,-223119.72400000002,23188.24199999997,0.2647796357030865,0.19670521002801689,0.13394627391296243,0.1000940227019369,0.19739098541506817,0.12067640671209667,0.4903637234013556,0.4603760080055901,0.23157092199230989,-0.02183419950500498,0.13051138265693907,-0.04790329291325057,0.11963667589879479,-0.1376114293319416,0.2017035781797749,0.2750321302398804,,0.29217406326594975,-0.016176744754642,0.17238289709320567,2
2021-09-22,1.8299999999999998,1.5399999999999998,-300815.457,-77854.88499999998,0.26439846692902624,0.18898286543238196,0.13382765434932842,-0.37631324561990276,0.1971720684702809,0.10356700551198883,0.4887973491540478,0.4590401465846581,0.23128049047119315,-0.02181892206682201,0.13039706611775026,-0.04051918786018616,0.11953534706625213,-0.137489330504604,0.19883176263129138,-0.02463110188018204,,0.2914142517232823,-0.013591143429258105,0.12676975492379197,2
2021-09-23,1.8100000000000003,1.47,-300884.659,-77857.93499999997,0.27380217288591924,0.24080596148622102,0.13370918676052068,-0.3755077076070277,0.1969535784018137,0.1332180952843942,0.4872436517183647,0.4577139673299908,0.23099075122136759,-0.021803655693497404,0.1302828927321229,-0.03637857415900936,0.11943413633992539,-0.13736738872813137,0.22022560305840527,-0.0005580012956130087,,0.29065983861872924,-0.012140769855118801,0.1368278248995941,2
2021-09-24,1.8,1.41,-300845.833,-77748.29999999996,0.2782643937430027,0.2839940686697271,0.1335908708274216,-0.37423335979692585,0.1967355137673108,0.14999429884326942,0.48570245839134896,0.4563973513804611,0.23070170136548285,-0.02178840037623242,0.13016886220797375,-0.04563770995186067,0.11933304350027352,-0.13724560367112892,0.2368677230926819,0.013496731456846517,,0.2899107552067962,-0.015380314359394184,0.1432554682941215,2
2021-09-27,1.7799999999999998,1.4,-300829.22599999997,-77725.70699999997,0.28753920592794713,0.2906938493770779,0.13347270623190943,-0.3733308172130323,0.19651787313145652,0.14563845511939033,0.4841735997150065,0.45509018189834527,0.23041333804330888,-0.021773156106233982,0.1300549742541084,-0.04498381265827123,0.11923206832836653,-0.13712397500324092,0.24242338122633156,0.010422997646566803,,0.28916693397540194,-0.01515030301643892,0.14430965205626914,2
2021-09-28,1.7999999999999998,1.3399999999999999,-300897.361,-77777.63699999996,0.2773899835219289,0.3323519112707005,0.1333546926568545,-0.37274552839118424,0.1963006550659323,0.17073365277695984,0.4826569093996682,0.4537923440257392,0.23012565841160493,-0.02175792287471845,0.1299412285802164,-0.06390893836322464,0.11913121060588283,-0.1370025023951459,0.2534160709744766,0.030719998226416717,,0.28842830861779417,-0.0217729554336134,0.149473954865712,2
2021-09-29,1.8099999999999998,1.3299999999999998,-190711.859,110103.598,0.27209968517130556,0.33862483614239847,0.1332368297861144,0.4823948602346617,0.19608385814937201,0.17892726865027386,0.4811522242494999,0.4525037248421022,0.22983865964398986,-0.02174270067291051,0.12982762489686483,-0.08123084420147964,0.1190304701151077,-0.13688118551855344,0.25372463139563073,0.5502290459506394,,0.2876948140052312,-0.02783448658579621,0.2264002768247235,2
2021-09-30,1.85,1.4899999999999998,-190900.9,109983.75899999999,0.25206935420649934,0.22364621337059387,0.13311911730453074,0.4804455914890773,0.2013736544831588,0.17456376471400836,0.4796593840900931,0.45122421332288964,0.22955233893081362,-0.021727489492043395,0.12971416291549986,-0.07858140553508008,0.11892984663893058,0.102897311751452,0.20643618384334184,0.5487425593545483,,0.28696638616040426,0.044991147911783276,0.22273250778305334,2
2021-10-01,1.85,1.5299999999999998,-190682.01,110163.82299999997,0.25172407287111387,0.19360273016246987,0.06903219125177973,0.4796264747243564,0.19563896692686344,0.1618036814693975,0.5200616926565886,0.3877988232117471,0.230516881975533,0.06302959975255429,0.1662051389736885,-0.06872362590822179,0.11882933996084222,0.10281506375974514,0.17657403843728822,0.5346022101662499,,0.3000066036391724,0.04838151904634069,0.21542142182286814,2
2021-10-04,1.8499999999999999,1.5199999999999998,-190695.192,110134.03399999996,0.2513797337243113,0.20087308432518336,0.06898074321873948,0.47803394977009095,0.19542344903933606,0.1658506070411201,0.5182413722769512,0.38692066873889974,0.2302289605310921,0.06298315713937575,0.166040856522083,-0.06468266122349065,0.11872894986493421,0.10273289989246215,0.17898270928294496,0.5367549249185523,,0.29927816907683885,0.04973607099224389,0.21648800444071262,2
2021-10-05,1.8399999999999999,1.4699999999999998,-190727.199,110170.16199999998,0.25596628925901976,0.2376915840191225,0.06892933947564073,0.4766985564529975,0.19520834660398068,0.18244347086323143,0.5164373741030159,0.38604724164175863,0.22994172094282694,0.0629367533326175,0.16587683513446527,-0.06808450055925375,0.11862867613589545,0.10265082001954728,0.193459057490042,0.5490989185247721,,0.2985548501638361,0.04848570745768878,0.22231412368534073,2
2021-10-06,1.84,1.4799999999999998,-128569.143,62142.716,0.2556103123236795,0.23002651209109026,0.0688779799710737,0.27833313746684096,0.19499365823392933,0.16969268308955798,0.5146494534714428,0.38517849825069717,0.2296551603952337,0.06289038828972582,0.16571307410423208,-0.08133822169178317,0.11852851855900992,0.102568824011247,0.1906362825364915,0.4197502238921086,,0.2978365788531475,0.04378725110690346,0.20118065072408614,2
2021-10-07,1.85,1.4100000000000001,-128493.83099999999,62407.069,0.25032407515258726,0.2806354069819923,0.06882666465371678,0.2790901976620206,0.19477938254900695,0.18209124057392412,0.5128773707415437,0.38431439546082147,0.22936927608945767,0.06284406196821757,0.16554957272758086,-0.07320714820650143,0.11842847692015535,0.10248691173811042,0.20648381814321787,0.4299947405857558,,0.2971232884057951,0.04657353857121199,0.2077112094179593,2
2021-10-08,1.84,1.3800000000000001,-128489.92599999999,62192.08400000002,0.25491555925367426,0.30154935228743174,0.06877539347233608,0.27771330242466563,0.1945655181756889,0.19441284592489616,0.5111208911669136,0.38345489072264516,0.22908406524316294,0.0627977743256769,0.16538633030348882,-0.07670584430898442,0.11832855100580031,0.10240508307098728,0.2153953370810879,0.4388975691001296,,0.2964149133586766,0.04528947226518174,0.21135038566879225,2
2021-10-11,1.84,1.3800000000000001,-128489.92599999999,62205.26600000002,0.25456250934559277,0.30104882416015744,0.06872416637578649,0.27735536651436044,0.1943520637470606,0.1942017726444436,0.5093797847708976,0.3825999420329469,0.22879952509041024,0.06275152531975525,0.16522334613370138,-0.07664776754066616,0.1182287406030027,0.10232333788102843,0.2150812166397485,0.43838587627240755,,0.2957113894933446,0.04525034193612632,0.21099764509654076,2
2021-10-12,1.82,1.4000000000000001,-128485.019,62242.17999999999,0.2640360037696108,0.286355624858299,0.0686729833130102,0.27710411133695323,0.1941390179027751,0.17309176715168983,0.507653826225767,0.38174950792581597,0.22851565288152864,0.06270531490817244,0.16506061952272133,-0.0824628287447361,0.11812904549940706,0.1022416760396827,0.21323896501367148,0.42121929126518887,,0.29501265380569347,0.04315567867603965,0.2073810984467091,2
2021-10-13,1.79,1.4300000000000002,-70741.759,57827.38399999999,0.27829082109653847,0.26437123324139944,0.06862184423303708,0.256934183047399,0.19392637928901357,0.15184776168182168,0.5059427947354793,0.38090354746386956,0.22823244588299496,0.06265914304871734,0.16489814977779016,-0.07168051111448304,0.11802946548324322,0.10216009741869869,0.2105182722881894,0.3919945467473049,,0.294318644476523,0.046870163254675676,0.20256484930588464,2
2021-10-14,1.81,1.5299999999999998,-70822.71800000001,57671.11299999998,0.2681267859207075,0.19031651441202113,0.06857074908498428,0.2558751814986182,0.19371414655844377,0.13898807398630297,0.5042464739219079,0.3800620202296481,0.22794990137731075,0.06261300969924499,0.16473593620887494,-0.06158469326933913,0.11793000034332235,0.10207860189012119,0.18102637984195027,0.3809440560232795,,0.2936293008429535,0.050344438042930484,0.19240851327325492,2
2021-10-15,1.76,1.4599999999999997,-70839.35500000001,57650.57099999998,0.2919822018958358,0.24199084808057503,0.06851969781805667,0.25543015722473084,0.19350231837018095,0.1473529849575621,0.5025646517144235,0.379224886317179,0.2276680166628806,0.06256691481767818,0.16457397812865615,-0.05718540986320775,0.11783064986903757,0.10199718932629209,0.20744647683716078,0.38724187332299675,,0.2929445633706629,0.05182499079992806,0.20133011351225266,2
2021-10-18,1.72,1.4599999999999997,-70854.172,57635.753999999986,0.3106384707012093,0.24167218318113548,0.06846869038154546,0.2550121298692958,0.19329089338974703,0.134470577431953,0.5008971202427224,0.37839210632370723,0.22738678905389276,0.06252085836200671,0.1644122748525123,-0.05332385508874371,0.11773141385035957,0.10191585959984861,0.21384933597328432,0.3765582759009881,,0.2922643736269197,0.053117403446520134,0.20167224610084147,2
2021-10-19,1.7200000000000002,1.4,-70847.797,57637.221999999994,0.31010465426879197,0.28474135267568257,0.06841772672482849,0.25466860900810095,0.19307987028903129,0.17245932814988563,0.49924367573278583,0.37756364134158615,0.2271062158801993,0.06247484029028749,0.16425082569850646,-0.04024493591620415,0.11763229207783543,0.10183461258372306,0.22872142044801463,0.40661655009818787,,0.2915886742543857,0.05763595843168787,0.21115147097748216,2
2021-10-20,1.75,1.4,-76315.018,-5573.258999999991,0.29525621023277804,0.2842984605420442,0.06836680679737106,-0.044950625537228506,0.19286924774625147,0.1764920503104821,0.4976041184058788,0.37673945295032785,0.2268262944871997,0.062428860560647115,0.1640896299873742,-0.03493374636536439,0.11753328434258714,0.10175344815114062,0.2233541768103991,0.22994481357379948,,0.2909174089456647,0.05943587273737015,0.18314270822621131,2
2021-10-21,1.74,1.41,-76279.662,-5456.943999999989,0.2995657384963941,0.2767031989100348,0.06831593054872354,-0.04435790435965714,0.19265902444591454,0.16789218672359874,0.4959782523804819,0.37591950320880896,0.22654702223572287,0.06238291913127636,0.16392868704250585,-0.039120605724377144,0.11743439043630799,0.10167236617562048,0.22218890725686719,0.22329442143063344,,0.29025052241857047,0.057911534501861935,0.18140019617157707,2
2021-10-22,1.72,1.43,-76224.077,-5384.721999999994,0.30860083925022463,0.26188282437171173,0.06826509792852375,-0.043977980031446595,0.19244919907877756,0.14655789347259085,0.4943658855770614,0.37510375464762635,0.22626839650191277,0.06233701596043084,0.16376799618993965,-0.041045077100875016,0.11733561015126215,0.10159136653097312,0.22014881164623484,0.20632904620647124,,0.28958796039209567,0.05717909652692743,0.17796785500190415,2
2021-10-25,1.7300000000000002,1.45,-76234.245,-5380.072999999989,0.3033186383552211,0.24698376082520146,0.06821430888649438,-0.04392436787129439,0.1922397703418106,0.14217069416425598,0.49276682962558804,0.37429217026160133,0.22599041467711234,0.062291151006437895,0.16360755675834104,-0.03853562982944636,0.11723694328028111,0.10151044909129991,0.2130701323790962,0.20272579681371453,,0.2889296695630539,0.05799859443518214,0.17526211579182685,2
2021-10-26,1.71,1.46,-76244.255,-5396.457999999999,0.31230764030823566,0.23934399443167953,0.06816356337244467,-0.04397240843765715,0.19203073693815687,0.1377818388232177,0.49118089977571056,0.37348471350242884,0.22571307416775044,0.06224532422768658,0.16344736807899385,-0.04114287409151374,0.11713838961676304,0.1014296137309929,0.2135271411707037,0.199060468158874,,0.28827559758337634,0.057027314553135124,0.17454020915385657,2
2021-10-27,1.69,1.5499999999999998,-206168.18899999998,-129853.17099999999,0.32119852271618865,0.17207368996449213,0.06811286133626893,-0.5675702211429482,0.19182209757709612,0.08613757331929484,0.48960791480950516,0.37268134827146504,0.2254363723952304,0.06219953558263436,0.16328742948578823,-0.03911912206942847,0.11703994895466985,0.101348860324733,0.19307913283911896,-0.15653881548407536,,0.28762569303804353,0.057676947507254384,0.1150008829147234,2
2021-10-28,1.6899999999999997,1.57,-206119.503,-129839.841,0.320623971012431,0.15676312006613946,0.06806220272794672,-0.5652434239132766,0.19161385097400707,0.09901621523390158,0.4880476969567078,0.37188203891265714,0.22516030679581744,0.06215378502980595,0.1631277403152025,-0.032095946237234774,0.11694162108852524,0.10126818874748955,0.18750414269588367,-0.14496477157644044,,0.2869799054236271,0.060076442822198525,0.11526296985153558,2
2021-10-29,1.6900000000000002,1.59,-206237.115,-130013.03799999999,0.32005170378498704,0.14139280866867843,0.0680115874975431,-0.5635448585397096,0.19418123965463407,0.09893789297395728,0.48650007181235977,0.3710867502056059,0.22488487482052832,0.062108072527788716,0.16296829990629425,-0.05868803654595611,0.1168434058134129,0.10118759887451967,0.18190905560804582,-0.14246785695187947,,0.2863381851274277,0.05071065890596577,0.11239368325738361,2
2021-11-01,1.69,1.56,-206093.425,-129859.18,0.31948170528873177,0.1640786128779559,0.06796101559520795,-0.5608049756525004,0.19119233844321526,0.10317219705207648,0.48105913242687515,0.49010607296288144,0.23575221193592344,0.10571912477894863,0.19281338817282823,-0.06138831534264433,0.11674530292497498,0.10110709058136647,0.18963441603690306,-0.1392298246839099,,0.3263939409854252,0.04970707282822567,0.1250603972790746,2
2021-11-02,1.71,1.58,-206064.732,-129820.47699999998,0.3094875426021444,0.1487201194328427,0.06791048697117574,-0.5584660764364706,0.1909852739819533,0.11170765885359502,0.4795670491984325,0.48854182349960507,0.23545171300508394,0.105633147236593,0.19260329333122272,-0.064324160021352,0.11664731221940872,0.10102666374385971,0.18074582780359819,-0.13112235438983438,,0.3255662694159007,0.048621102392477765,0.12324012789545113,2
2021-11-03,1.6999999999999997,1.54,-272974.114,-66805.92500000002,0.31367902088843125,0.17891186378958168,0.06786000157576555,-0.3187573918240042,0.19077859716329026,0.12451760048857485,0.4780866436197104,0.48699022170406914,0.23515194870144618,0.10554726122561497,0.19239359595937344,-0.06712841645528977,0.11654943349346625,0.1009463182381134,0.19276481011003418,0.02282680359443154,,0.32474451851696756,0.04758125143479579,0.14957678091663626,2
2021-11-04,1.7299999999999998,1.5599999999999998,-272978.668,-66859.16500000001,0.2989252534546676,0.16359569983973943,0.0678095593593806,-0.31842393560907534,0.1905723067327183,0.12011341727669844,0.47661776153576185,0.4854510954232101,0.23485291589242063,0.10546146659593192,0.1921842947565331,-0.06694473038591453,0.1164516665444506,0.1008660539405255,0.18222520146085663,0.019379756495544534,,0.323928611201528,0.047587243837645274,0.14569476328861747,2
2021-11-05,1.7300000000000002,1.64,-272984.188,-66747.07300000003,0.2984342221674996,0.1021559769092164,0.06775916027250917,-0.31738848713860823,0.19036640144160843,0.09411688786394357,0.47516025160336794,0.483924275735895,0.23455461146452228,0.10537576319783137,0.19197538842811301,-0.05607218597698482,0.11635401117021571,0.10078587072777712,0.16053431775860333,-0.0009197411270450151,,0.3231184717981082,0.05133440003596394,0.13650211211344587,2
2021-11-08,1.6700000000000002,1.5799999999999998,-272984.511,-66891.08600000001,0.3262177888858786,0.14816290726041426,0.06770880426572212,-0.3174463641888665,0.19016088004717435,0.09404337953396502,0.4737139652264295,0.48240959687665175,0.2342570323232207,0.1052901508819708,0.1917668756856481,-0.046531316738580464,0.11625646716916282,0.10070576847683199,0.1863458849309191,-0.0011365868578432775,,0.3223140260179466,0.054615533193753424,0.14450411393414891,2
2021-11-09,1.67,1.63,-273007.326,-66942.59400000001,0.32562313080907623,0.10963633964141661,0.06765849128967494,-0.31711049426160864,0.18995574131243664,0.08963493754627327,0.47227875649312123,0.48090689616153304,0.23396017539279002,0.10520462949937559,0.19155875524675592,-0.0440545741077244,0.11615903434024033,0.10062574706493499,0.17263836204457497,-0.004584901732484575,,0.32151520092299,0.05542428520086107,0.13979621636437647,2
2021-11-10,1.6600000000000001,1.42,-252078.506,20895.608000000007,0.32968537724617497,0.2672827138615044,0.06760822129510657,0.08799041417049769,0.18975098400618795,0.08956570765424776,0.4708544821147609,0.47941601391605193,0.23366403761616295,0.10511919890143662,0.1913510258351041,-0.05886820024900363,0.1160617124829395,0.10054580636961119,0.22922129827621973,0.23829740502940958,,0.3207219248947754,0.05018147119276091,0.19221870213988534,2
2021-11-11,1.67,1.42,-252078.506,20900.16200000001,0.3244227234116197,0.2668943450446426,0.06755799423283926,0.08794410103216888,0.189546606902959,0.08949654297752607,0.4694410013663377,0.4779367934051151,0.2333686159547843,0.10503385893991135,0.19114368618036925,-0.058825158070970884,0.11596450139729453,0.10046594626866634,0.22722837222954356,0.23809165914309754,,0.31993412760416406,0.050138554044813176,0.1913865755480907,2
2021-11-12,1.69,1.4,-252047.526,20936.66200000001,0.31448033272714304,0.2809277551047191,0.06750781005377782,0.08804826721429326,0.1893426087829828,0.0894274434274962,0.46803817602864517,0.476469080764901,0.23307390738846667,0.10494860946692253,0.1909367350182014,-0.07283743860285574,0.11586740088387937,0.10038616664018352,0.2286451737572851,0.23797648034036262,,0.3191517399819049,0.04517633679041332,0.19085440969227813,2
2021-11-15,1.7000000000000002,1.35,-252021.54,20962.97099999999,0.30923105153449626,0.31597046407992324,0.06745766870891101,0.0881044230780883,0.18913898843216126,0.11104803327554236,0.4666458703319796,0.4750127249366103,0.23277990891524736,0.10486345033495503,0.19073017109019008,-0.07559222494488471,0.11577041074380712,0.10030646736252535,0.23905783107772013,0.25518447352658363,,0.3183746941900004,0.044154305238380445,0.19621183968556075,2
2021-11-16,1.7200000000000002,1.35,-252096.74,20910.58600000001,0.29925445868802725,0.3154164518204421,0.0674075701493102,0.08778961005040253,0.1889357446420301,0.10662487523494435,0.4652639509013383,0.4735675776020394,0.23248661755124633,0.10477838139685458,0.1905239931438263,-0.09655400329126329,0.11567353077872666,0.10022684831433049,0.23535708972275732,0.25133511300341504,,0.31760292359384773,0.03675988911491132,0.19322210813303808,2
2021-11-17,1.7399999999999998,1.38,-204298.03,47780.475999999995,0.2892533948052056,0.2936874269655325,0.06735751432612824,0.2123362229199286,0.18873287620972623,0.10219970923481925,0.46389228670309035,0.47213349312091535,0.23219403033052588,0.10469340250582881,0.19031819993246568,-0.09227680041400188,0.11557676079082135,0.100147309374514,0.22423654191759682,0.3224012268656483,,0.3168363627351349,0.03819917894424101,0.20057011413054612,2
2021-11-18,1.7299999999999998,1.51,-204362.127,47716.378999999986,0.29355774237919907,0.19820027387846206,0.06730750119060169,0.2117985100639277,0.1885303819379538,0.09777252979674156,0.4625307489930597,0.47071032846993544,0.23190214430495137,0.10460851351544509,0.1901127902152948,-0.09379486465064069,0.11548010058280767,0.10006785042226718,0.19230755604736188,0.31841535903852214,,0.31607494730546515,0.03761018770293859,0.19011483565179393,2
2021-11-19,1.73,1.56,-204353.414,47694.11200000002,0.29308546724909035,0.160254429954225,0.06725753069404883,0.21145160995606727,0.1883282606349499,0.07589972813878942,0.46117921126598826,0.4692979431834632,0.23161095654405495,0.10452371427963003,0.18990776275729537,-0.09950350724355306,0.11538354995793232,0.09998847133705513,0.17884622322937502,0.30058770486564185,,0.3153186141206903,0.03555455635114928,0.18290485968150375,2
2021-11-22,1.71,1.4700000000000002,-204351.799,47669.74100000001,0.30209353509578984,0.2276115997763326,0.06720760278786986,0.21109585580234524,0.18812651111445322,0.0670968522089892,0.45983754920632935,0.46789619929582615,0.23132046413489626,0.10443900465266709,0.18970311632920955,-0.11584927103885301,0.11528710871997094,0.09990917199861715,0.2055590780416038,0.2932109019172704,,0.3145673010959269,0.02977599478797642,0.1887575831922499,2
2021-11-23,1.73,1.4300000000000002,-204350.01,47746.72999999998,0.29211305600771476,0.25667134332716635,0.0671577174235467,0.21120097443537467,0.18792513219566942,0.09762282920627907,0.45850564064033517,0.4665049612851653,0.23103066418192997,0.10435438448919543,0.18949884970750386,-0.12962169559958925,0.11519077667322652,0.099829952286965,0.21222185499427237,0.3175739273436497,,0.31382094722123866,0.02489816406186255,0.1934926070144182,2
2021-11-24,1.72,1.4600000000000002,-156858.126,47439.90400000001,0.2963924129935953,0.2343461466022645,0.06710787455264322,0.20956269734547206,0.18772412270324024,0.06695233629130515,0.45718336548939975,0.4651240960187919,0.23074155380687023,0.10426985364420926,0.18929496167433757,-0.13937044433292567,0.11509455362252674,0.09975081208238312,0.2058908582243439,0.2919339610622715,,0.31307949253796313,0.021428681876075314,0.18704152704254595,2
2021-11-25,1.72,1.4600000000000002,-156858.126,47504.00100000002,0.2959103613988683,0.23404671772245278,0.06705807412680453,0.20961280113285508,0.18752348146720954,0.06690313158885064,0.4558706057246169,0.46375347270000233,0.23045313014855862,0.10418541197305609,0.18909145101752434,-0.13924490253819033,0.11499843937322263,0.09967175126542727,0.20560239993050372,0.29180427483111926,,0.3123428781156619,0.021415263271889484,0.18674937022351792,2
2021-11-26,1.8199999999999998,1.62,-156856.337,47497.07699999999,0.24732170454548208,0.11285576118900309,0.06700831609775704,0.2093400257037794,0.1873232073229929,0.05807504553747811,0.4545672453225169,0.46239296281630393,0.23016539036283268,0.1041010593314382,0.18888831653050397,-0.14820105729472077,0.11490243373118703,0.09959276971692299,0.1461646078363969,0.28445797624604585,,0.3116110460296771,0.018223312667840087,0.16715433719542125,2
2021-11-29,1.81,1.58,-156864.568,47487.231,0.25186287605091695,0.1434830995556795,0.06695860041730795,0.2090545194923441,0.18712329911134362,0.07120614360792077,0.45327317022195146,0.46104244008901873,0.22987833162239624,0.10401679557540588,0.18868555701230072,-0.1507442264425206,0.11480653650281192,0.0995138673179663,0.15845867158750113,0.29467160604854925,,0.31088393933927483,0.017275968716491848,0.1720507225258252,2
2021-11-30,1.8100000000000003,1.6700000000000002,-156923.185,47426.82500000001,0.2515183568200565,0.07388691612099918,0.06690892703734597,0.2085395955182765,0.18972159312956327,0.027141810664191413,0.45198826828208327,0.45970178042420984,0.2295919511166895,0.10393262056136221,0.18848317126749903,-0.13639448438706914,0.11471074749500709,0.005494946652963462,0.13396452364057326,0.26067016172005697,,0.31016150206635845,-0.005940823916332676,0.15593913327932027,2
2021-12-01,1.8100000000000003,1.6700000000000002,-145427.945,11430.180999999982,0.25117477574036773,0.07383133295425748,0.06685929590983952,0.03998826788865206,0.18671844591068032,0.009465870414976152,0.48203256249624293,0.40121124504944694,0.21782391045395078,0.08482738596475925,0.2149087912908514,-0.12413223733285883,-0.1263355643759112,0.0054911659436023275,0.13380992681607068,0.14359672461158035,,0.3018762274549244,-0.0860163808149888,0.12424908647804105,2
2021-12-02,1.8000000000000003,1.67,-145449.183,11408.943,0.2556947029809873,0.07377579880293239,0.06680970698683875,0.03985899352652966,0.18651963966004947,-0.017052325405170432,0.4805328517623164,0.4002586195925324,0.21756492157272733,0.08476201099592773,0.21465414147612605,-0.12895669063612536,-0.12622642464556,0.00548738784021241,0.1353575877204235,0.12218531958781113,,0.30119558122057577,-0.08766787399652615,0.12108378845996375,2
2021-12-03,1.81,1.7599999999999998,-145476.062,11380.274999999994,0.2504764714656915,0.0033714513347926633,0.06676016022047282,0.03969435946926336,0.18632119472319353,-0.04354562072880375,0.47904491969922103,0.3993114306433385,0.21730649957417136,0.08469669728394313,0.21440004596591167,-0.13723152561123586,-0.1261174176554234,0.005483612340987598,0.10887482104631131,0.10077283593243114,,0.30051917646804877,-0.09052704644103444,0.1093291088546151,2
2021-12-06,1.7900000000000003,1.68,-145488.594,11375.973999999987,0.25985034813639185,0.06596887919208183,0.06671065556295175,0.03964588350913667,0.18612310996724846,-0.030258896697127446,0.4775686103028618,0.39836962508376006,0.21704864229837817,0.08463144474630013,0.21414650266017454,-0.13390653448605283,-0.12600854314458942,0.005479839444123558,0.1340499262338513,0.11125427872812912,,0.29984696357080454,-0.08932632533748772,0.11846591177145273,2
2021-12-07,1.75,1.63,-145455.636,11467.548999999999,0.27875140631812134,0.10483156862677112,0.0666611929665657,0.04005466006932612,0.18592538426450012,-0.030237796461243027,0.4761037704235105,0.3974331505211315,0.2167913475972667,0.08456625330065948,0.2138935094703167,-0.12237373665640738,-0.12589980085291153,0.005476069147816398,0.15425239912068206,0.11139778943130131,,0.2991788937420918,-0.08525291738391669,0.12499217397883525,2
2021-12-08,1.79,1.5899999999999999,-107936.66799999999,37491.27700000002,0.25905960205744805,0.13566285388784727,0.06661177238368388,0.16292810334851549,0.18572801649235693,-0.003640645390037389,0.47465024970002445,0.3965019552755913,0.2165346133344952,0.08450112286484646,0.2136410643190929,-0.10637559742512215,-0.1257911905210054,0.0054723014502642275,0.15813639129595852,0.20628115559249355,,0.29851491901661675,-0.07961668534606538,0.14106931767990596,2
2021-12-09,1.8099999999999998,1.61,-107952.503,37496.67999999999,0.24897810891890781,0.12010607460575429,0.06656239376675588,0.16279550974913382,0.18553100553331703,-0.025802111966519048,0.47320790049586847,0.395575988367711,0.21627843738537988,0.08443605335685489,0.2133891651405302,-0.11923285320998178,-0.12568271189024605,0.005468536349666042,0.14914818236365848,0.18835421959625526,,0.2978549922326983,-0.08407988688017992,0.1348493526746834,2
2021-12-10,1.83,1.62,-107959.62299999999,37516.43900000001,0.23887068137164724,0.11225886453840639,0.06651305706830968,0.1627299277816019,0.18533435027494094,-0.016914440177307477,0.47177657783688587,0.39465519950638517,0.21602281763681042,0.08437104469484424,0.21313780987985265,-0.11124141099334683,-0.1255743647027655,0.0054647738442223925,0.14284925818901167,0.1953070146920797,,0.2971990670148902,-0.0812460893403726,0.13426368301318212,2
2021-12-13,1.8200000000000003,1.6800000000000002,-108052.24399999999,37436.35000000002,0.24345283185684208,0.06540361436582498,0.0664637622409534,0.1621996706554163,0.18513804960982005,-0.039084003919421684,0.47035613935076137,0.39373953907697423,0.2157677519871708,0.08430609679713941,0.2128869964933977,-0.1214887191456846,-0.1254661487014488,0.005461013932134939,0.1280388848502195,0.17713542902360446,,0.29654709775705873,-0.08479589956685621,0.12639936931284276,2
2021-12-14,1.8199999999999998,1.6600000000000001,-108036.96399999999,37418.672000000006,0.24313060865516767,0.08099655441967557,0.0664145092373738,0.16196071885882168,0.18494210243554798,-0.03461972112299416,0.46894644520812734,0.3928289581296931,0.2155132383462579,0.08424120958222758,0.21263672294854352,-0.13664048278111973,-0.12535806362993251,0.0054572566116062315,0.13336885984740726,0.18044591587822645,,0.2958990396059006,-0.09006231426038641,0.12754295809837332,2
2021-12-15,1.8299999999999998,1.6300000000000001,-97662.431,10274.236999999994,0.23791475662821293,0.10433189123046627,0.0663652980103362,0.033269343102548365,0.1847465076546917,-0.030154286990303536,0.4675473580652574,0.39192340836824524,0.21525927463520111,0.08417638296876495,0.2123869872236317,-0.14348920033627466,-0.12525010923259994,0.005453501880840594,0.13969591615363858,0.1066860808621012,,0.29525484844489036,-0.09242270778485392,0.11786199291890125,2
2021-12-16,1.87,1.6800000000000002,-97698.96,10253.54299999999,0.2179019412708163,0.0651759857905363,0.0663161285126852,0.03314699282990263,0.18455126417476153,-0.021241335211256485,0.4661587430083012,0.3910228421386872,0.21500585878638323,0.0841116168755669,0.2121377873078849,-0.1162085645486366,-0.12514228525458082,0.0054497497380436855,0.11897211302527896,0.1136258860337933,,0.2946144808786378,-0.08283787250971299,0.1139634561558552,2
2021-12-17,1.8699999999999999,1.7100000000000002,-97745.92,10213.702999999994,0.2176407846000501,0.04156197034843312,0.06626700069734337,0.03293294474697883,0.1843563709081828,-0.04346194697143391,0.46478046749901436,0.3901272124185251,0.21475298874336235,0.08404691122161467,0.21188912120133852,-0.11905492956794272,-0.12503459144174556,0.0054460001814220504,0.11060106444117214,0.09560403181594986,,0.2939778942176534,-0.08379753229896428,0.10844576781431284,2
2021-12-20,1.89,1.6900000000000002,-97799.375,10252.868999999992,0.20745204763403846,0.057260558349797375,0.0662179145173114,0.03309765380138541,0.18416182677226778,-0.030084945803760643,0.46341240132193273,0.389236472806036,0.21450066246079325,0.08398226592605273,0.2116409869147633,-0.1273542765332818,-0.12492702754070506,0.005442253209183567,0.11251478644953596,0.10628773170118339,,0.2933450464635002,-0.08666578046314033,0.11003399023644228,2
2021-12-21,1.88,1.6400000000000001,-97789.619,10247.344999999987,0.21218448940844237,0.09641961448989633,0.06616886992566906,0.033047995136572084,0.18396763068918598,-0.030063970306023258,0.4620544165329521,0.3883505775098055,0.21424887790435077,0.08391768090818896,0.2113933824695884,-0.1310778958835872,-0.12481959329880632,0.0054385088195376685,0.12786209734211926,0.10615819925063623,,0.2927158962943252,-0.08793256856797642,0.11427144787861604,2
2021-12-22,1.8599999999999999,1.6600000000000001,-77862.782,19799.64899999999,0.22184698985365192,0.08068332650980281,0.06611986687557247,0.07877293201364899,0.18377378158593816,-0.030043009843252144,0.46070638740926784,0.38746948133848047,0.21399763305065234,0.08385315608749044,0.21114630589783068,-0.11707808504175232,-0.12471228846413007,0.005434767010694674,0.1257215707898809,0.13349362028515055,,0.2920904030507583,-0.08299620062385044,0.11831368494884885,2
2021-12-23,1.8599999999999999,1.5499999999999998,-77741.285,19957.675000000003,0.22157703676745788,0.16608555303068462,0.0660709053202575,0.07946853598923287,0.18358027839432545,-0.02556152757052843,0.45936819040063326,0.3865931396907307,0.21374692588718336,0.08378869138358902,0.21089975524202131,-0.1086766978861099,-0.12460511278548769,0.00543102778086646,0.1555031780254271,0.13738006657371224,,0.2914685267221692,-0.08001932540079922,0.1281221962641074,2
2021-12-24,1.8599999999999999,1.5499999999999998,-77741.285,20004.634999999995,0.22130769704630104,0.16592158083772257,0.06602198521303548,0.07963302723305565,0.18338712005092384,-0.025543773688130433,0.45803970408189665,0.385721508545412,0.21349675441221927,0.0837242867162773,0.21065372855513065,-0.10858762661642818,-0.12449806601241897,0.005427291128265788,0.15533684282331892,0.13737706941988334,,0.2908502279332677,-0.07995180508161677,0.1279273994810526,2
2021-12-27,1.8599999999999999,1.5699999999999998,-77743.852,20055.523,0.2210389682619729,0.15035638115412508,0.0659731065072966,0.07981629220394959,0.1831943054970555,-0.05675998420001149,0.45672080910678026,0.38485454445193,0.21324711663475426,0.08365994200550597,0.21040822390050185,-0.10596837820149174,-0.12439114789518912,0.005423557051107197,0.14978030424782326,0.11239837126059385,,0.2902354679310429,-0.07899876701850614,0.12250289889342085,2
2021-12-28,1.86,1.5599999999999998,-77800.569,19989.050000000003,0.2207708480000521,0.15793030772018213,0.06592426915650806,0.07943786104666106,0.18300183367876177,-0.043334612566951036,0.45541138816285986,0.38399220452079663,0.21299801057442513,0.08359565717138917,0.21016323935177295,-0.10397370028948494,-0.124284358184786,0.005419825547606338,0.1523226852490344,0.12279612678169288,,0.2896242085720267,-0.07826437280171293,0.12478262081471397,2
2021-12-29,1.8499999999999999,1.4999999999999998,-204734.046,-126871.264,0.22544784361289816,0.20363774467395612,0.06587547311421393,-0.5550628219696732,0.18280970354677573,-0.020948332077141307,0.45411132592771564,0.38313444641437666,0.21274943426143778,0.08353143213420067,0.20991877299280937,-0.1018937449862003,-0.12417769663291722,0.0054160966159793045,0.16994259783466317,-0.24011053671545152,,0.2890164123098752,-0.07750017558189733,0.07559527558326543,2
2021-12-30,1.85,1.5899999999999999,-204788.016,-127046.731,0.2251696760012445,0.13431674531662918,0.06582671833403464,-0.5534851546049097,0.1826179140564952,-0.025410486315554426,0.4528205090262114,0.38228122833781675,0.21250138573649546,0.08346726681437233,0.20967482291763417,-0.0985152166482911,-0.12407116299200727,0.005412370254444854,0.14556826296146616,-0.24284873338149224,,0.28841204218325645,-0.07628152179777097,0.06790395115736447,2
2021-12-31,1.85,1.5899999999999999,-204996.122,-127254.837,0.2248921545466136,0.13419776566079955,0.06577800476966811,-0.5520299668821214,0.18524904012339105,-0.025392839447049065,0.45153882598887307,0.38143250903016024,0.21225386305072558,0.08340316113249768,0.2094313872303588,-0.09843668410777129,-0.12396475701519538,0.005408646461221744,0.14541487350349502,-0.24038282761287744,,0.28781106180403887,-0.0762179104546718,0.06808711679192583,2
2022-01-03,1.8200000000000003,1.48,-204671.06600000002,-126927.21400000002,0.23938708887023874,0.21835663787166992,0.0657293323748882,-0.5488283263136187,0.18222928002973027,0.001530675729700004,0.45026616721133683,0.3805882477556317,0.21200686426560855,0.08333911500932589,0.2091884640451147,-0.10330428740618347,0.11995952463901549,0.005404925234530955,0.17992910407213447,-0.21873488718657302,,0.28721343534576743,0.0074508106018504935,0.09408947857037382,2
2022-01-04,1.84,1.45,-204587.23200000002,-126786.66300000002,0.2292377904702978,0.24056932984022272,0.0656807011035454,-0.5462729369013934,0.18203851688269568,0.019480430677874194,0.44900242491482634,0.3797484042951005,0.21176038745290726,0.08327512836576645,0.20894605148598,-0.09933532334129402,0.1198579268712281,0.0054012065725941305,0.18413670243974578,-0.20295630746891932,,0.28661912753242325,0.008803273207255163,0.09777283747577992,2
2022-01-05,1.7999999999999998,1.4,-382478.066,-177744.02,0.2485799374158555,0.2771239320158485,0.06563211090956633,-0.6895717590366307,0.18184809021289516,0.014976932762597261,0.44774749310763995,0.37891293893770706,0.21151443069459552,0.08321120112288605,0.20870414768691847,-0.09249738035354693,0.11975644751155579,0.005397490473634026,0.2036859875739663,-0.2926526550841635,,0.28602810362745723,0.011159920647393306,0.09038891201353867,2
2022-01-06,1.7799999999999998,1.4900000000000002,-382495.832,-177707.816,0.25798307989629543,0.20980852914541326,0.06558356174695357,-0.6856904402178818,0.18165799899879342,0.0014842890405344367,0.44650126754760655,0.37808181247265615,0.2112689920827895,0.08314733320190903,0.20846275079170695,-0.10286346941300661,0.11965508633992594,0.005393776935875172,0.1834021316886841,-0.3012320334990255,,0.2854403294230879,0.007495199005184316,0.08232019668830104,2
2022-01-07,1.78,1.4600000000000002,-382515.375,-177519.253,0.25762179332042234,0.23213347085665248,0.0655350535697854,-0.6814918529780201,0.18146824222336178,0.019471047994248147,0.4452636457054928,0.3772549861811716,0.21102406971967747,0.08308352452421675,0.2082218589538738,-0.08874364868343398,0.11955384313687811,0.005390065957543211,0.19107485853291178,-0.2844373280573964,,0.28485577122986,0.012400587845968408,0.08773088933562433,2
2022-01-10,1.76,1.4400000000000002,-382545.69999999995,-177874.63399999993,0.26694884759258986,0.24674804603261813,0.06548658633221627,-0.6786819764223735,0.18127881887405017,0.0059580758326864824,0.4440345267293264,0.3764324218286066,0.21077966171745244,0.08301977501134572,0.20798147033662828,-0.09557536104942532,0.11945271768356136,0.005386357536864672,0.19943988866848766,-0.29367543386284484,,0.2842743958664527,0.009972982083007014,0.0883451978001838,2
2022-01-11,1.7599999999999998,1.4700000000000002,-382512.299,-177925.06699999998,0.2665617120114059,0.22400801863059394,0.06543815998847502,-0.6751654363395629,0.18108972794276434,0.0014502963442235561,0.44281381140961185,0.3756140816567062,0.21053576619824188,0.08295608458499149,0.2077415831127969,-0.08029346017728056,0.11935170976173293,0.005382651672067862,0.19133085372124245,-0.2952851879627003,,0.2836961706497322,0.015285182856178685,0.08632329801282754,2
2022-01-12,1.7699999999999998,1.4800000000000002,-449149.70300000004,-66671.63700000005,0.26133802735537026,0.21620542656795805,0.06538977449286665,-0.30103936153446964,0.18090096842583847,-0.012070646798952422,0.4416014021454122,0.37479992837602216,0.21029238129404293,0.08289245316700367,0.20750219546475845,-0.06144588575780541,0.11925081915375557,0.005378948361381974,0.18675714122102488,-0.08173955330434063,,0.28312106338504234,0.02184541119699715,0.11782328689646654,2
2022-01-13,1.8,1.7500000000000002,-449249.46400000004,-66753.63200000004,0.24637176061052402,0.00554368870126698,0.0653414297997712,-0.3008849717625557,0.180712539324011,-0.025586996094977388,0.4403972029112726,0.3739899251584744,0.2100495051466531,0.08282888067938554,0.20726330558438022,-0.054391093667727874,0.11915004564259579,0.005375247603037314,0.1077728361990582,-0.09257305633910873,,0.28254904235672484,0.024278207472114965,0.0927248841188496,2
2022-01-14,1.7899999999999998,1.6700000000000002,-449211.609,-66696.234,0.2509212688867193,0.06887129649328383,0.06529312586364378,-0.3001535744333311,0.18052443964239928,-0.02556922430811992,0.4392011192249621,0.37318403563005287,0.2098071359076059,0.08276536704429915,0.20702491167295078,-0.062449137905395746,0.1190493890118205,0.00537154939526574,0.13151533564209422,-0.09223286032105504,,0.2819800763188657,0.021421552705828382,0.0993279236300607,2
2022-01-17,1.7899999999999998,1.6700000000000002,-449211.609,-66665.90900000004,0.2505794499852685,0.0688200334900142,0.06524486263901363,-0.2995369177781798,0.1803366683904748,-0.02555146511888806,0.43801305811600555,0.37238222386366093,0.2095652717381027,0.08270191218405598,0.20678701194112237,-0.06240321755203082,0.11894884904559677,0.005367853736300665,0.13136327800805303,-0.09196132172773346,,0.2814141344862562,0.021401327143638283,0.09917851783636566,2
2022-01-18,1.7799999999999998,1.58,-449209.859,-66697.56,0.25510613613377564,0.13940311578796138,0.06519664008048487,-0.299179227152061,0.18014922458203841,-0.016499578396740433,0.4368329280949914,0.371584454372097,0.2093239108089502,0.0826385160211256,0.20654960460884242,-0.07633557535399216,0.11884842552868768,0.0053641606243757245,0.1576372301967534,-0.08461766425940592,,0.28085118652557084,0.01648874574845615,0.10728462791377627,2
2022-01-19,1.77,1.62,-481485.742,-32336.03899999999,0.2596078177661323,0.10800441899372748,0.06514845814273684,-0.15041713268063372,0.1799621072351958,-0.025528517806369555,0.4356606391236244,0.370790692101167,0.2090830513004931,0.08257517847813034,0.20631268790529345,-0.07129811568602751,0.1187481182464507,0.005360470057726996,0.14820882030877197,-0.0026958295123584095,,0.28029120254674655,0.018215641913466217,0.1168634185894844,2
2022-01-20,1.79,1.73,-481508.097,-32258.632999999973,0.2495177236813655,0.0209103967743971,0.06510031678052197,-0.14993258748014693,0.17977531537233427,-0.04358931225793938,0.4344961025855114,0.37000090242293004,0.20884269140255163,0.08251189947784532,0.2060762600688335,-0.0654569465124557,0.11864792698483728,0.005356782034590779,0.11417993719367349,-0.016965813071039105,,0.27973415309456684,0.020223877775710785,0.10467622913744451,2
2022-01-21,1.8399999999999999,1.81,-481535.293,-32323.68400000001,0.22464041497174336,-0.04270972506415893,0.06505221594866772,-0.15008407732012397,0.17958884802009667,-0.048076995003745404,0.4333392312576485,0.3692150511290706,0.2086028293143567,0.08244867894319974,0.20584031934692848,-0.07126331642260475,0.1185478515303875,0.005353096553205372,0.08319140625225487,-0.020758733583012706,,0.2791800091404369,0.018155516253685573,0.09436194156138662,2
2022-01-24,1.8900000000000001,1.81,-481443.168,-32231.55900000001,0.1995207198202622,-0.04267926276435552,0.06500415560207506,-0.14953396131114893,0.17940270420935844,-0.038997841122356935,0.43218993928260185,0.3684331044243958,0.2083634632444873,0.08238551679727224,0.20560486399609768,-0.09449891143260725,0.11844789167023095,0.005349413611809739,0.07439575665018985,-0.013277027158959846,,0.27862874207435195,0.009986967166711219,0.09148240351480764,2
2022-01-25,1.91,1.78,-481428.668,-32218.80900000001,0.18928042812828738,-0.018777790826482232,0.06495613569571845,-0.14933886495503634,0.1792168829752041,-0.03897039872769381,0.43104814214135323,0.3676550289204563,0.20812459141080786,0.08232241296329601,0.20536989228185054,-0.0929287151037691,0.11834804719208214,0.005345733208644399,0.07916276376434733,-0.013249508170054394,,0.2780803236970494,0.010500486193502882,0.09285655675708382,2
2022-01-26,1.8399999999999999,1.71,-607629.561,-126143.81899999996,0.22395945577473597,0.037010222516855595,0.06490815618464651,-0.5210363504353217,0.17903138335690283,-0.05704905019164763,0.429913756626797,0.3668807916292842,0.20788621204040658,0.08225936736465456,0.2051354024786276,-0.0899716155780621,0.11824831788424084,0.005342055341951202,0.110811834257451,-0.2508422204003694,,0.27753472621233943,0.011499462409747918,0.06672581813172693,2
2022-01-27,1.8599999999999999,1.7399999999999998,-607600.41,-126092.31300000002,0.213771934463455,0.013072436814452582,0.06486021702398115,-0.5190365712060785,0.1788462043978858,-0.09761326421024719,0.42878670081786874,0.36611035995725105,0.20764832336953187,0.0821963799248826,0.20490139286973919,-0.12470447911455718,0.11814870353558793,0.005338380009972887,0.09885359505446199,-0.28220483145311337,,0.276991922219612,-0.0006930074496473702,0.05646938323582749,2
2022-01-28,1.91,1.7699999999999998,-607631.536,-126096.24299999996,0.18853491484302065,-0.010880251844848199,0.06481231816891753,-0.5172374121215837,0.17866134514572174,-0.09753633800871242,0.42766689405428737,0.36534370169903685,0.2074109236435342,0.08213345056766652,0.20466786174731033,-0.12699647496957311,0.11804920393558405,0.0053347072109537486,0.0816228275000356,-0.2811747105924871,,0.27645188470651344,-0.0015311326986100493,0.05119394293297447,2
2022-01-31,1.9300000000000002,1.7599999999999998,-607671.365,-126228.19699999999,0.17826209348906485,-0.00288599046395277,0.06476445957472365,-0.5158757378317952,0.17847680465209526,-0.10645319298897338,0.4265542569118961,0.36458078503171265,0.20717401111680256,0.08207057921684369,0.20443480741221864,-0.10831508160367476,0.11794981887426736,-0.22360786559288803,0.08081097393120631,-0.2876019142989986,,0.2759145870417886,-0.06371020163315899,0.04052512154998541,2
2022-02-01,1.92,1.7399999999999998,-607600.6240000001,-126171.95600000006,0.1831206532824885,0.013100585752600535,0.06471664119674081,-0.5139068038727441,0.17829258197278208,-0.09736834656389304,0.4420080713160639,0.30430314036684725,0.20708573181725232,0.09762738576846841,0.24988597492498066,-0.1004483647293376,0.11785054814225204,-0.2233363997506448,0.0880924260213034,-0.27926321039109164,,0.2745862909207222,-0.060910155730673377,0.04404829561830681,2
2022-02-02,1.91,1.7699999999999998,-668526.684,-60897.12300000002,0.1879628060317764,-0.010901944580543277,0.06466886299038266,-0.2666498575958406,0.17810867616762782,-0.10179597549979746,0.44080113468215787,0.3037976647268912,0.20684948583007423,0.0975497657068769,0.24954699511490763,-0.09189301004675965,0.11775139153072578,-0.22306554841131965,0.08137196040504638,-0.13456148925676564,,0.2740691140123964,-0.05786923100400774,0.06406425858549701,2
2022-02-03,1.9200000000000002,1.7299999999999998,-668540.186,-60939.775999999954,0.18272555577863514,0.021116961705170523,0.06462112491113592,-0.2664448994553471,0.1779250863005244,-0.09720788733617591,0.4396023450103619,0.30329400699848796,0.20661372293337976,0.09747222404681222,0.24920892689392682,-0.08203629341611784,0.11765234883144737,-0.2227953091515389,0.09073121859267275,-0.13087819776183435,,0.2735545234609644,-0.05437297335009633,0.06782032077625333,2
2022-02-04,1.9200000000000002,1.6199999999999999,-668542.681,-60911.14500000002,0.18253397586208386,0.10876104641115991,0.0645734269145597,-0.2659428649612672,0.17774181143938717,-0.10164103202610753,0.4384116088285779,0.30279215582003016,0.20637844141162254,0.09739476066933528,0.24887176598436667,-0.09106817151704627,0.11755341983674494,-0.2225256795616386,0.12132528587000321,-0.13423345773401404,,0.2730424937454424,-0.057487866956597036,0.0759000104937699,2
2022-02-07,1.9300000000000002,1.63,-668579.721,-60908.35600000003,0.17729257507930307,0.10074897676586092,0.06452576895628503,-0.26555021566295556,0.17755885065613364,-0.10156007250064836,0.43722883415593783,0.30229209993027983,0.2061436395580356,0.09731737545577879,0.24853550813716319,-0.08599109526349447,0.11745460433951416,-0.22225665724556531,0.11667227383269291,-0.13404287700461184,,0.27253299972260037,-0.0556647689970627,0.07467878518020679,2
2022-02-08,1.9100000000000001,1.5899999999999999,-668574.399,-60973.77499999991,0.1872048785620355,0.1322893800392786,0.06447815099201515,-0.2654435988050403,0.17737620302666013,-0.1059898783026546,0.4360539304726101,0.3017938281672321,0.20590931567457527,0.09724006828774745,0.24820014913162058,-0.08907169473576282,0.11735590213321578,-0.22198823982077587,0.13116643580806447,-0.1376323401091518,,0.2720260166196026,-0.056696999357124224,0.07820703397737858,2
2022-02-09,1.92,1.6099999999999999,-679159.1440000001,-10632.46000000008,0.18196114225458948,0.11638458575249544,0.06443057297752586,-0.04502834819062984,0.17719386763082023,-0.11941660344066096,0.43488680869034213,0.30129732946698917,0.205675468071862,0.0971628390471142,0.2478656847751639,-0.07844611785013889,0.11725731301187436,-0.22172042491814092,0.12375017669573747,-0.01623397108841454,,0.2715215200268201,-0.05293220916883486,0.09463050597683886,2
2022-02-10,1.9100000000000001,1.6600000000000001,-679140.137,-10599.951000000001,0.18681706500759576,0.07654445551574973,0.06438303486866381,-0.04485020413648633,0.17701184355240307,-0.1905323784120434,0.4337273811237161,0.30080259286265454,0.20544209506912403,0.09708568761602288,0.24753211090309613,-0.06762621938256996,0.11715883677007488,-0.22145321018184572,0.11149144264377006,-0.0731289190800847,,0.2710194858908166,-0.04909954696892699,0.08286803435848342,2
2022-02-11,2.0,1.77,-679141.817,-10599.136000000057,0.14085081483425643,-0.011708031728777546,0.06433553662134761,-0.044814720691690235,0.17683012987911106,-0.19032852140314427,0.4325755614621001,0.30030960748324076,0.2052091949941406,0.0970086138768873,0.2471994233783643,-0.07906319759025515,0.11706047320296231,-0.22118659326929424,0.06450063507332189,-0.07305357161006294,,0.2705198905075001,-0.05305693151634076,0.06806358767991104,2
2022-02-14,2.0,1.71,-679172.223,-10592.501999999979,0.1407234132241837,0.0365069949768444,0.06428807819156779,-0.04475305798792917,0.1766487257025382,-0.19890578139897974,0.4314312647422749,0.29981836255259076,0.2049767661831854,0.09693161771238623,0.24686761809131874,-0.09304463897995074,0.11696222210623808,-0.22092057185101388,0.08131706632783017,-0.07998722449041838,,0.2700227105154343,-0.05790501746110359,0.07121696123447932,2
2022-02-15,1.9900000000000002,1.6400000000000001,-679114.485,-10540.08600000001,0.14572142260352106,0.09252342750073339,0.06424065953538594,-0.04448511997626037,0.17646763011814914,-0.16780835991875465,0.43029440732171365,0.29932884738831755,0.20474480698097208,0.09685469900546684,0.2465366909594826,-0.08245213346966618,0.1168640832761596,-0.22065514361056027,0.10265789539710483,-0.05505718184987045,,0.2695279228893098,-0.05415236065089538,0.08179791796634403,2
2022-02-16,2.0500000000000003,1.6600000000000001,-685274.1009999999,-6114.95699999982,0.1147092797659095,0.0764745481326663,0.0641932806089347,-0.02448405010320509,0.17628684222525748,-0.14983278698723235,0.42916490685250275,0.2988410514007531,0.20451331574059672,0.09677785763934366,0.2462066379273169,-0.07276921657228907,0.11676605650953675,-0.22039030624442313,0.08617232394718193,-0.028784554316554453,,0.26903550493356465,-0.05071819789529025,0.08118516058576904,2
2022-02-17,2.12,1.95,-685277.169,-6137.0320000000065,0.07828110652156961,-0.15563910954697446,0.06414594136841756,-0.0245667973688245,0.17610636112700417,-0.1630686586735437,0.4280426822558805,0.29835496409191764,0.2042822908234858,0.0967010934974959,0.2458774549659961,-0.07219185667723871,0.11666814160373162,-0.22012605746193337,-0.007831518648366429,-0.039531188683927146,,0.2685454342761567,-0.05047111751430748,0.05128655704479405,2
2022-02-18,2.13,2.0,-685304.896,-6163.078999999911,0.07300806481293454,-0.194491389718756,0.06409864177010904,-0.024667514264360535,0.17592618593033738,-0.17622947312481219,0.4269276536973805,0.29787057505449765,0.20405173059933945,0.09662440646366632,0.24554913807317758,-0.07703592785294555,0.1165703383566552,-0.21986239498517068,-0.0232895711860048,-0.05022837550026364,,0.26805768886247733,-0.05212167481925282,0.04467504331189042,2
2022-02-21,2.13,2.0,-685304.896,-6132.672999999952,0.07295328720982552,-0.1942783320574063,0.0640513817703543,-0.024512797243003037,0.1757463157459911,-0.17605064567597417,0.4258197425625607,0.29738787397084043,0.20382163344607895,0.09654779642186173,0.24522168327277938,-0.07697763328518947,0.11647264656676493,-0.21959931654887188,-0.023248351165546983,-0.050100405438986514,,0.2675722469494082,-0.05205654031611016,0.04459501452442345,2
2022-02-22,2.1300000000000003,1.98,-685329.399,-6214.91399999999,0.07289855758697161,-0.17852333809823906,0.06400416132556908,-0.024868155977226136,0.1755667496884632,-0.2067081537045522,0.4247188714333019,0.29690685061196276,0.20359199774979153,0.09647126325635336,0.24489508661475523,-0.07300257147079003,0.11637506603306491,-0.21933681990034015,-0.01776742478127288,-0.07494736673689953,,0.26708908709951273,-0.050620672873305836,0.042606838398965514,2
2022-02-23,2.0999999999999996,1.93,-690648.1930000001,-5374.092000000179,0.08850142853759557,-0.13907905126003883,0.0639569803922393,-0.021040768106694308,0.17538748687599748,-0.19330152773849385,0.4236249640646621,0.29642749483657105,0.20336282190467947,0.09639480685167467,0.24456934417488152,-0.07161148711605081,0.11627759655510217,-0.2190749027993555,0.0014849261648166474,-0.062033190929213194,,0.266608188175363,-0.050089332536138675,0.05027914637348297,2
2022-02-24,2.24,1.9300000000000002,-690560.27,-5283.101000000024,0.015061369714361117,-0.13895399118303886,0.06390983892692126,-0.0206135505669931,0.1752085264305605,-0.18868418652715868,0.4225379453622713,0.2959497965900957,0.20313410431300638,0.09631842709261784,0.24424445205453216,-0.12237294877346161,0.11618023793296484,-0.21881356301808486,-0.024189465835960832,-0.0581903637035865,,0.2661295293339929,-0.06781151769959932,0.0403752603722321,2
2022-02-25,2.2,1.9200000000000002,-690513.2200000001,-5208.324000000139,0.03608169612166745,-0.13091013497490844,0.06386273688624122,-0.020259925069039064,0.1750298674778228,-0.18848369900529716,0.4214577413602498,0.295473745903738,0.20290584338504347,0.09624212386423858,0.24392040638046808,-0.09505158783793688,0.1160829899672815,-0.21855279834099461,-0.014031132532761979,-0.05792499375896751,,0.26565309002147997,-0.05820484875702776,0.04478445636814211,2
2022-02-28,2.34,2.06,-690505.9230000001,-5201.027000000118,-0.03761977314602816,-0.23970204988612265,0.06381567422689516,-0.020212757768912848,0.17485150914713787,-0.20149411360226666,0.4203842791996377,0.294999332893531,0.20267803753902092,0.09616589705185019,0.2435972033046241,-0.09356710468877072,0.11598585245921789,-0.3664795840483731,-0.07791793579318423,-0.06841204005487832,,0.2651788499676487,-0.10209731349485543,0.017342928721496842,2
2022-03-01,2.25,2.17,-690462.821,-5133.4220000000205,0.00980568191861586,-0.32094725405732305,0.0637686509056492,-0.019891536026447443,0.17467345057152261,-0.1924676422118935,0.47279942883797665,0.354054100490391,0.16242243836755121,0.13536403517657103,0.2651425873120301,-0.1163655260276022,0.11588882521047528,-0.36571119320352574,-0.08976895497685275,-0.061104965042469706,,0.2909070525023379,-0.10988020324705214,0.02014830138910037,2
2022-03-02,2.2399999999999993,2.0300000000000002,-675524.756,15123.437000000034,0.015070271360850818,-0.21591368267717648,0.06372166687933833,0.07214662465337329,0.17449569088763695,-0.21420936991966488,0.4713712757105448,0.3533447603880089,0.16226539264383089,0.13524379500480355,0.2647609473983157,-0.11491932300085994,0.11579190802328942,-0.3649465583477639,-0.05117869389691247,-0.023382106611125775,,0.2902963780670243,-0.10917856274647884,0.037336385944041636,2
2022-03-03,2.2399999999999993,1.8999999999999997,-675532.537,15027.733000000007,0.01505978282041176,-0.11376793735991875,0.06367472210486769,0.07165966963173132,0.17431822923576412,-0.22702686106383374,0.46995396575453907,0.35263869207476595,0.16210858635879433,0.1351237098550051,0.26438042809308815,-0.12227008066457412,0.11569510070042721,-0.36418564786549334,-0.015445437457367137,-0.03403474953056973,,0.2896892443361038,-0.11155693734709943,0.04594992681516544,2
2022-03-04,2.3099999999999996,2.0199999999999996,-675481.606,15031.61400000006,-0.021902753259941066,-0.20791845205826476,0.06362781653921146,0.07162406102753982,0.17414106475979096,-0.2654414813663253,0.4685473598723735,0.3519358695125574,0.16195201889403532,0.1350037793991028,0.2640010236577812,-0.14992537272335305,0.1155984030451862,-0.36342843051455453,-0.0613490768996086,-0.06489410962066175,,0.2890856117236247,-0.12104296854172475,0.025976118136665616,2
2022-03-07,2.3199999999999994,1.9799999999999998,-675459.772,15046.15100000007,-0.027167340091995396,-0.17660234925054696,0.06358095013941267,0.07163680712985743,0.17396419660718898,-0.26931051972658526,0.46715132143563554,0.3512362669544613,0.16179568963349156,0.13488400331005646,0.2636227283956025,-0.17640530529429466,0.11550181486139222,-0.36267487542057875,-0.05224510622806601,-0.06808781353904039,,0.2884854412946861,-0.13011868427768947,0.02671685378274225,2
2022-03-08,2.3499999999999996,1.8999999999999997,-675523.6440000001,14939.176999999909,-0.04298821439120892,-0.11320068189754451,0.06353412286258364,0.07109829881514806,0.17378762392899372,-0.2689198921456437,0.4657657162297615,0.3505398589405688,0.16163959796343064,0.13476438126184997,0.2632455366511366,-0.18753734867652105,0.1154053359533973,-0.36192495207144937,-0.03560587684228861,-0.06820436007002992,,0.2878886947514922,-0.13382369007452813,0.030986203113502767,2
2022-03-09,2.32,1.8199999999999998,-644670.7559999999,30854.000000000116,-0.02710691892126127,-0.048887855494824994,0.06348733466590506,0.1427863684380002,0.17361134587978655,-0.25575175208754664,0.46439041240019585,0.34984662029388636,0.16148374327244097,0.1346449129294942,0.2628694428099616,-0.14723860187513726,0.11530896612607733,-0.36117863031186304,-0.007551970645858674,-0.014762773079365271,,0.28729533441977373,-0.11952896160572989,0.049414482208421553,2
2022-03-10,2.3800000000000003,1.87,-644696.987,30835.550000000047,-0.05878861382843725,-0.08910066019645912,0.06344058550662668,0.14257494872286758,0.17343536161767448,-0.2553998967196224,0.4630252803999808,0.34915652611631076,0.1613281249514189,0.1345255979890172,0.2624944412982668,-0.15279175967722447,0.11521270518483195,-0.3604358803379917,-0.03272907025672572,-0.014713731171372674,,0.28670532323555836,-0.12128343317373488,0.04145803508010574,2
2022-03-11,2.3499999999999996,1.85,-644686.075,30795.531000000075,-0.04289603922757668,-0.07295062925405571,0.06339387534206642,0.1422673011950848,0.1732596703042717,-0.25932025236593015,0.461670192938739,0.348469551784673,0.1611727423935576,0.13440643611745973,0.26212052658247065,-0.16364982108952686,0.11511655293558065,-0.3596966726922395,-0.021528171365951407,-0.018140018993130252,,0.28611862473228244,-0.124895645661553,0.0436158550750827,2
2022-03-14,2.3299999999999996,1.71,-644736.2729999999,30723.49900000007,-0.032278947076708864,0.040355276674372886,0.06334720412961103,0.14181670254788936,0.1730842711046816,-0.2504046948700721,0.4603250249330031,0.34778567294684914,0.16101759499433665,0.13428742699287644,0.2617476931688534,-0.16865742135386552,0.11502050918476203,-0.35896097825809603,0.021830876598065718,-0.01138317170451511,,0.2855352030282369,-0.12646121273661504,0.05725640607030942,2
2022-03-15,2.36,1.7000000000000002,-644711.723,30811.92100000009,-0.04814324379656787,0.04841607906375045,0.06330057182671456,0.1420849227892036,0.17290916318747573,-0.23715895875173276,0.4589896534578528,0.3471048655179394,0.16086268215150978,0.13416857029432716,0.2613759356031826,-0.17223699333324216,0.11492457373933251,-0.3582287682550821,0.01908566389152827,-0.000730715415378641,,0.28495502281433027,-0.127527977334393,0.057725650958575306,2
2022-03-16,2.23,1.6600000000000001,-563265.331,81405.42499999993,0.020856375876027622,0.08068446949451347,0.06325397839090008,0.3573194521132965,0.17273434572467727,-0.2625863351758606,0.4576639576998196,0.3464271056765129,0.16070800326509405,0.13404986570187205,0.26100524847034845,-0.15478210629764555,0.11482874640676277,-0.3575000142337871,0.054515489396959396,0.10796321056209579,,0.28437804934216593,-0.12123368023194508,0.0854585887041519,2
2022-03-17,2.17,1.96,-563311.671,81385.31599999999,0.0526656729721382,-0.16122328631220795,0.06320742377975797,0.3565146416702978,0.0995663335678254,-0.25367821036652705,0.4563478189110217,0.34575236986091484,0.16055355773735913,0.13393131289657045,0.26063562639400617,-0.12443263819908446,0.11473302699503773,-0.35677468807099355,-0.019032937535097022,0.07070601684965222,,0.28380424841242213,-0.11042727034271442,0.0592829928186171,2
2022-03-18,2.14,2.02,-563366.8420000001,81319.23299999989,0.0685129320648088,-0.20806048627782925,0.06316090795094653,0.3555310625409547,0.09948679880338163,-0.2914149342563963,0.4550411203644893,0.345080634765639,0.16039934497281627,0.1338129115604767,0.26026706403621414,-0.12795913999817377,0.1146374153126537,-0.356052761964891,-0.029893371589273195,0.039878769401484715,,0.283233586363524,-0.11147843222939932,0.05110043568991185,2
2022-03-21,2.07,1.8400000000000003,-563380.587,81355.68599999987,0.1053983061231969,-0.06471920793283559,0.0631144308621916,0.3549591841397943,0.09940734526744444,-0.28676720695157465,0.45374374731064915,0.3444118773377596,0.16024536437820713,0.13369466137663477,0.2598995560970847,-0.11994282611025109,0.11454191116861678,-0.3553342084303741,0.033172013625283936,0.04320615208308351,,0.2826660300606016,-0.10849058275868423,0.07082544700139547,2
2022-03-22,2.05,1.7800000000000002,-563414.877,81296.84600000002,0.11582186447134468,-0.016003909814611528,0.06306799247128603,0.3540117032564034,0.09932797283471184,-0.2779136985418045,0.45245558693493004,0.3437460747734251,0.16009161536249317,0.1335765620290732,0.2595330973144314,-0.1255395660268066,0.11444651437244135,-0.35461900029442384,0.053856681871242415,0.04967284682122555,,0.28210154688472366,-0.110268268167355,0.07759307808063422,2
2022-03-23,2.03,1.8400000000000003,-607456.7119999999,-44191.380999999936,0.12621334262791617,-0.06469390221803228,0.06302159273609087,-0.19907030203384102,0.09924868138017384,-0.28170687575158015,0.45117652831645794,0.3430832045144092,0.15993809733684472,0.1334586132028055,0.25916768246342814,-0.12233796152609311,0.11435122473414783,-0.3539071106915712,0.040438281964286615,-0.28525847299346446,,0.2815401047224011,-0.10896749108465222,0.023382616158168765,2
2022-03-24,2.01,2.08,-607361.181,-44049.51000000001,0.1365693719658274,-0.2541491351622762,0.06297523161453378,-0.19823009954121273,0.09916947077911042,-0.2728467864337164,0.4499064623878075,0.34242324424472415,0.15978480971463083,0.13334081458381908,0.2588033063562636,-0.1204289797955812,0.11425604206426154,-0.35319851305944183,-0.022260347634396944,-0.2777138064042345,,0.2809816719553503,-0.10812008212379443,0.005692230419314149,2
2022-03-25,1.9600000000000004,1.94,-607330.5,-43963.65799999994,0.16248100284806744,-0.1446883173149872,0.06292890906460902,-0.19763616589610988,0.09909034090709157,-0.2850767573715087,0.44864528189577824,0.341766171887284,0.15963175191140677,0.13322316585908034,0.2584399638418047,-0.11360145920098275,0.11416096617381033,-0.3524931811343769,0.025106112655960782,-0.287188900890618,,0.28042621745050883,-0.1055521268998234,0.018727233990849235,2
2022-03-28,1.9400000000000004,1.96,-607342.1579999999,-43961.57099999988,0.1726778516888392,-0.16044569569912548,0.06288262504437858,-0.19740969509857642,0.09901129163997568,-0.3137099537903003,0.4473928813631687,0.3411119656006314,0.15947892334490632,0.1331056667165218,0.2580776498052655,-0.12948944087089387,0.11406599687432295,-0.3517910889471326,0.023146042109713376,-0.3100070051074007,,0.2798737105502996,-0.1109355320829396,0.013770859691937868,2
2022-03-29,1.9100000000000001,2.01,-607372.396,-43957.51899999997,0.1879681812462417,-0.19964209692948998,0.06283637951196996,-0.19717505644168598,0.09893232285390785,-0.3335722771795868,0.4461491570515146,0.3404606037757123,0.1593263234350284,0.1329883168450432,0.25771635916787283,-0.10437306259976564,0.11397113397782777,-0.35109221081865416,0.014765043364454096,-0.32580346189633635,,0.27932412106313026,-0.10196833826327449,0.01009477325117717,2
2022-03-30,1.9300000000000002,2.07,-567913.797,39542.91499999992,0.17746386074152887,-0.2457826716001924,0.06279017242557816,0.17915194433563641,0.09885343442532157,-0.3410245658384824,0.444914006924765,0.3398120650327092,0.15917395160382908,0.1328711159345075,0.2573560868865443,-0.08467732127114713,0.1138763772968503,-0.35039652135592336,-0.005074532072858792,-0.10601642541421116,,0.2787774192541286,-0.0948992867977809,0.0380346383598757,2
2022-03-31,1.9300000000000002,2.35,-567999.828,39361.353,0.17728145500330728,-0.444331366889714,0.06274400374346434,0.17816701090093479,0.09877462623093525,-0.3403736705812642,0.44368733061387133,0.3391663282179238,0.15902180727550896,0.1327540636757356,0.25699682795356216,-0.09027152993975263,0.11378172664441233,-0.47948572606107753,-0.07464426803720305,-0.10613395418588939,,0.2782335758360989,-0.13561714897169236,0.010902448074226558,2
2022-04-01,1.81,2.28,-567793.921,39536.57900000003,0.2382904276567348,-0.3965466289780325,0.13231592792146696,0.17875821879484133,0.09869589814775259,-0.3753847584788461,0.40425040649328503,0.39504074579571613,0.21383488221063685,0.13597274593969222,0.2702801169879194,-0.10068546932701761,0.11368718183402926,-0.47800618212742907,-0.0156948920860141,-0.13383533661752053,,0.2973340041557239,-0.13885125526077463,0.028722044631382483,2
2022-04-04,1.8100000000000005,2.25,-567820.794,39521.36399999994,0.23798162720535698,-0.3749833284103501,0.13219957439354002,0.1785078369861839,0.09861725005306199,-0.35886183768645896,0.40328034797069146,0.39412299125774375,0.21358456706553253,0.135851760262238,0.2698833262691194,-0.09777015902628727,0.11359274267970876,-0.4765381495000972,-0.00829072310368558,-0.12081441792561967,,0.2967574411149627,-0.13742354057133163,0.03296644957309231,2
2022-04-05,1.7699999999999996,2.13,-567838.692,39533.70399999991,0.2576780573129813,-0.287923523534492,0.1320833677715414,0.17837955663796445,0.09853868182443404,-0.34221105953354714,0.4023158975140315,0.39321033601886035,0.21333478606667233,0.1357309311135657,0.2694877345890183,-0.11055934297715098,0.11349840899594921,-0.4750814770646796,0.02903909715393367,-0.10761790454939865,,0.29618370442861924,-0.14149577001282448,0.04539060406900144,2
2022-04-06,1.77,2.06,-567244.88,668.9170000000158,0.2573179096116103,-0.2347153822946606,0.13196730775260734,0.002639510013590307,0.09846019333972245,-0.309113663181382,0.4013569996444577,0.39230273151933726,0.21308553723148305,0.13561025816097438,0.2690933356305969,-0.12132212154000899,0.11340418059773838,-0.4736360164485367,0.04750107688671459,-0.18663110853311798,,0.29561276836096717,-0.1448620842643557,0.038429536236635115,2
2022-04-07,1.7800000000000002,2.0599999999999996,-567247.832,751.9959999999264,0.2519770120139828,-0.2344154150172787,0.13185139403480384,0.003017479106085963,0.09838178447706292,-0.2753910305480892,0.40040359964999617,0.3914001298462735,0.21283681858797654,0.13548974107281309,0.26870012312410463,-0.13534580668251772,0.11331005730055055,-0.472201621958096,0.045701977159287595,-0.15947326628858205,,0.29504460751586176,-0.14937299887111732,0.04114480525279682,2
2022-04-08,1.7799999999999998,1.9999999999999996,-567263.9060000001,530.0149999998976,0.2516325893814435,-0.18769787975445096,0.13173562631712143,0.001999942762878515,0.09830345511487071,-0.2749820211751297,0.39945564357202956,0.390502483722601,0.2125886281746754,0.13536937951847672,0.26830809084659735,-0.13788792824241047,0.11321603892034582,-0.47077815051786587,0.06189783626458382,-0.15980357821345423,,0.2944791968309325,-0.1498686064180824,0.04573832239237778,2
2022-04-11,1.8200000000000003,1.9299999999999997,-567272.366,548.4279999999562,0.23122030415805161,-0.1322211378561623,0.13162000429947285,0.0020828555608860544,0.09822520513184196,-0.23210478640567334,0.39851307819206894,0.38960974649631464,0.21234096404054137,0.13524917316840313,0.2679172326214918,-0.1426732028611274,0.11312212527356813,-0.4693654616111017,0.0741357094955031,-0.12549899270890186,,0.2939165115719,-0.15115251563897625,0.054222114489444216,2
2022-04-12,1.9199999999999995,1.9999999999999996,-567223.822,614.8699999999953,0.17988241827564577,-0.1874106567193916,0.13150452768268872,0.002385782541423076,0.09814703440695127,-0.21455171235971138,0.39757585101880766,0.38872187212992393,0.21209382424490353,0.1351291216940651,0.2675275423181247,-0.13638828559205396,0.11302831617714393,-0.4679634172220781,0.03681647484949557,-0.11132167971874452,,0.29335652732701,-0.14856501446184195,0.04540107015951321,2
2022-04-13,1.9399999999999995,2.0199999999999996,-540158.0680000001,27086.811999999918,0.1693511827162213,-0.20281172541066506,0.13138919616851386,0.1230839033867106,0.09806894281945144,-0.21430021001474175,0.3966439102754471,0.38783881519011865,0.2118472068573869,0.13500922476796928,0.2671390138513057,-0.13196750755151443,0.11293461144847927,-0.4665718817799114,0.02770556890749884,-0.03874846028809617,,0.29279922000158015,-0.1466330781700357,0.053704244903924905,2
2022-04-14,1.9299999999999997,2.17,-540049.4480000001,27198.38399999996,0.17436175387445174,-0.3157798473681801,0.13127400945960388,0.1234832337035614,0.09799093024887218,-0.20100337252475997,0.3957172048872917,0.3869605308376476,0.21160110995784143,0.13488948206365237,0.26675164118088723,-0.15095380106838685,0.11284101090545984,-0.4651907221038919,-0.010114129884923759,-0.027918199648347852,,0.29224456581266306,-0.15289669318819202,0.04290466856220766,2
2022-04-15,1.9299999999999997,2.17,-540049.4480000001,27214.457999999984,0.17418457892471562,-0.31522733483924326,0.13115896725952148,0.12345100966816291,0.09791299657502028,-0.20077965001345988,0.3947956844696028,0.38608697481740073,0.21135553163627363,0.1347698932556749,0.26636541831133886,-0.14864698183156722,0.11274751436644803,-0.4638198073502716,-0.010017274392228229,-0.027805316264857993,,0.2916925412838167,-0.1517107558178732,0.04299054219087603,2
2022-04-18,1.94,2.15,-540080.892,27191.474000000046,0.1688238467964649,-0.30003288438338427,0.13104406927273193,0.12324235753132218,0.09783514167797791,-0.18742786068937678,0.39387929931570786,0.3852181034486917,0.21111046999277594,0.13465045801961706,0.26598033929131604,-0.15420888680598122,0.1126541216502821,-0.4624590089604711,-0.006609942373602198,-0.017295789025921382,,0.2911431232399809,-0.153281870492636,0.04521614917013097,2
2022-04-19,1.9099999999999997,2.07,-540159.805,27064.016999999993,0.18418385927349434,-0.23954934451796317,0.1309293152046016,0.12256146336649665,0.09775736543810187,-0.21775836627565648,0.3929680003853582,0.3843538736157375,0.21086592313745878,0.13453117603207776,0.2655963982132483,-0.1655754574166033,0.11256083257627392,-0.4611082006106544,0.019900874725816396,-0.04201539573776608,,0.2905962888024616,-0.15688757887731158,0.04878388842609867,2
2022-04-20,1.9099999999999997,2.15,-704316.709,-164158.64099999995,0.18398982979003686,-0.29923953626086275,0.1308147047613919,-0.6357662738758849,0.09767966773602232,-0.24760282438977788,0.39206173929332677,0.38349424275832855,0.21062188919038105,0.13441204697066378,0.2652135892129204,-0.1493486167937258,0.11246764696420763,-0.45976725816263553,-0.0010929858363714906,-0.5209342231957399,,0.29005201538401276,-0.150838516889122,-0.028580802917637545,1
2022-04-21,1.9300000000000002,2.2100000000000004,-704304.8489999999,-164255.40099999984,0.17344616240993393,-0.34222539635553906,0.13070023765025773,-0.6329563627928306,0.0976020484526432,-0.26003029845323344,0.39116046829824347,0.3826391688626858,0.2103783662814842,0.13429307051399353,0.2648319064690634,-0.1657121506067193,0.11237456463433815,-0.45843605961607536,-0.01986266058588447,-0.5292368273666992,,0.2895102806840217,-0.156198972975156,-0.03639659805603819,1
2022-04-22,1.9600000000000004,2.2100000000000004,-704215.1799999999,-164165.73199999984,0.15766521649180754,-0.34156388597543064,0.13058591357924199,-0.6296800585184256,0.09752450746914065,-0.2765329670421999,0.3902641402916607,0.38178861045249923,0.21013535255052385,0.13417424634168773,0.264451344202953,-0.20025032531770293,0.11228158540738908,-0.45711448506192776,-0.02518876024549549,-0.5405197042633308,,0.28897106268378897,-0.16792340448718815,-0.04158032871527926,1
2022-04-25,2.03,2.3000000000000003,-704233.758,-164152.86600000004,0.12078030782722671,-0.4033200897638467,0.13047173225727482,-0.6266513996383389,0.09744704466696197,-0.2761204360924333,0.38937270878734354,0.3809425265801454,0.20989284614700443,0.1340555741343672,0.26407189667800424,-0.22385884302319825,0.1121887091045517,-0.45580241663709975,-0.059747404000634545,-0.5384189618567728,,0.2884343396419041,-0.1758252718626562,-0.052952271347628685,1
2022-04-26,2.06,2.3400000000000003,-704269.492,-164109.68699999992,0.10481430205048858,-0.4289232709326488,0.13035769339416703,-0.6235783612528681,0.09736965992782465,-0.2545980995462278,0.38848612791077897,0.38010087681807847,0.2096508452301118,0.13393705357364794,0.263693558199382,-0.23660502576743714,0.11209593554748287,-0.45449973848028824,-0.07433083109050595,-0.5194037004320083,,0.28790009008971396,-0.17992810312107044,-0.05522399733768511,1
2022-04-27,2.0500000000000003,2.2900000000000005,-937191.963,-232875.25399999996,0.1100269319733389,-0.39447678925969065,0.13024379670060804,-0.7722324336551987,0.09729235313371687,-0.2499955722006354,0.38760435238890034,0.3792636212503919,0.2094093479686494,0.13381868434213806,0.26331632311360376,-0.2558789941371019,0.11200326455830378,-0.4532063366889586,-0.0604843110400407,-0.6049605060733974,,0.287368292826881,-0.1863184063592669,-0.0649950569701916,1
2022-04-28,2.06,2.2499999999999996,-937207.217,-232902.36800000002,0.10463591887153978,-0.36611052406080835,0.13013004188816302,-0.7672330271481969,0.0972151241668946,-0.25815814489011335,0.3867273375400202,0.3784307204645445,0.20916835254097244,0.13370046612343178,0.26294018580816103,-0.27823123777296876,0.1119106959595979,-0.4519220992774299,-0.052477099249795094,-0.6085372577008721,,0.2868389269170309,-0.19378881941790876,-0.06438230961349792,1
2022-04-29,2.0500000000000003,2.2099999999999995,-937295.603,-233080.42300000007,0.10985492838647315,-0.3372266900541443,0.13001642866926844,-0.7625807014472892,0.09713797290988246,-0.27047212079763594,0.3858550392639659,0.3776021355432495,0.20892785713492334,0.13358239860210963,0.26256514071112824,-0.2559636650076529,0.1118182295744099,-0.4506469161360359,-0.04057518798290437,-0.6156433337605528,,0.2863119716834847,-0.18564497724244583,-0.060787810124449934,1
2022-05-02,2.08,2.1099999999999994,-937185.103,-232951.34499999997,0.09382617534311177,-0.26363475834613004,0.12990295675722852,-0.7574558449904675,0.09706089924547268,-0.240364035518298,0.38498741403241765,0.3767778280565246,0.20868785994776928,0.1334644814637278,0.2621911822907914,-0.27044928015239855,-0.14734530765751863,-0.44938067899132883,-0.02046211702388783,-0.5885281958616353,,0.28578740670507724,-0.2810423094308696,-0.06512735922477277,1
2022-05-03,2.0499999999999994,2.1299999999999994,-937185.053,-232915.561,0.1097005975642964,-0.27813508614501437,0.129789625866213,-0.752577757768592,0.09698390305672322,-0.2697725382670675,0.3841244188794375,0.37595776005389014,0.20844835918613747,0.13334671439482193,0.2618183050552729,-0.2632724669603914,-0.1472091960523273,-0.44812328136729473,-0.02001518324338738,-0.6091743434407753,,0.28526521181205605,-0.27810556646463996,-0.0677802385058145,1
2022-05-04,2.0799999999999996,2.1699999999999995,-938353.684,-1161.7210000000196,0.09365305936881763,-0.3070547312014653,0.12967643571125254,0.005424746176497797,0.09690698422695876,-0.23537299431961667,0.3832660113921922,0.37514189405672704,0.20820935306595278,0.1332290970828971,0.26144650355216115,-0.2573556129714596,-0.14707327439440432,-0.44687461854755184,-0.03578765442805092,-0.12689935721361942,,0.2847453670820622,-0.2756124961423179,7.326743870967461e-05,2
2022-05-05,2.1000000000000005,2.2199999999999998,-938382.79,-1175.5730000000913,0.08290636720877465,-0.34237261815530107,0.12956338600823547,0.005362181455118131,-0.05479104793989065,-0.2048111821887485,0.3824121497018562,0.374330193050775,0.20797083981237563,0.13311162921642472,0.2610757723681474,-0.2740331656881163,-0.1469375422411604,-0.44563458753850305,-0.0519441720288136,-0.19350626564186232,,0.2842278528361874,-0.2810301240367977,-0.015706746851396232,1
2022-05-06,2.09,2.1499999999999995,-938399.8940000001,-1104.2910000000848,0.08818533757896274,-0.2912873828847996,0.12945047647390506,0.005661436831568389,-0.05475132066613364,-0.1783036880737815,0.38156279247470204,0.3735226204787805,0.20773281765974128,0.1329943104848441,0.26070610612866396,-0.2679687199995978,-0.14680199915152958,-0.44440308703341347,-0.032250572914871385,-0.17209688075976434,,0.2837126496351117,-0.2784906778129186,-0.00633514325158592,1
2022-05-09,2.17,2.2199999999999998,-938397.023,-1211.920000000042,0.04523022607575933,-0.3412481986221245,0.12933770682585521,0.00519980345414961,-0.054711625186129376,-0.16044714687746053,0.38071789890336305,0.37271914023328323,0.20749528485149593,0.1328771405785505,0.2603374994975258,-0.291702379793343,-0.14666664468596124,-0.4431800173773881,-0.06480497834347126,-0.1580648105411563,,0.2831997382753113,-0.28638316378097295,-0.015308755082532939,1
2022-05-10,2.16,2.2799999999999994,-938402.253,-1217.2000000000698,0.05057516712696675,-0.38225870927348427,0.12922507678252848,0.005173753128847158,-0.05467196146793851,-0.19116040043322524,0.37987742869827024,0.3719197166495414,0.20725823964013923,0.13276011918889674,0.2599699471765822,-0.3015704393071893,-0.1465314784064139,-0.44196528053322204,-0.07732171671652258,-0.18262724535003502,,0.2826890997853437,-0.28942525535972774,-0.023332115175085266,1
2022-05-11,2.17,2.3599999999999994,-938592.1109999999,-238.42699999990873,0.04515786274494138,-0.4345206545850807,0.1291125860632112,0.009338445522798056,-0.0546323294796669,-0.24296095999763867,0.37904134207926043,0.3711243144985934,0.20702168028716184,0.13264324600818944,0.2596034439053623,-0.2868139820237179,-0.14639649987634784,-0.44075878004809843,-0.09754320132508541,-0.22154509837223227,,0.2821807154222031,-0.2838513026794525,-0.03452724169972757,1
2022-05-12,2.2,2.46,-938616.061,-233.2709999999497,0.02895710888532599,-0.4955581054594985,0.129000234388031,0.009353983107884156,-0.05459272918946667,-0.22976088348081902,0.37820959976734336,0.3703328989804473,0.20678560506298638,0.13252652072968063,0.25923798446073354,-0.31928730834486296,-0.14626170866071975,-0.4395604210211107,-0.12461027848455108,-0.21095195443360473,,0.28167456666774343,-0.29481028225828715,-0.04282877738221324,1
2022-05-13,2.2399999999999998,2.3699999999999997,-938581.279,-181.3849999998929,0.007341156557153727,-0.438199605356026,0.1288880214779542,0.00956879833729607,-0.05455316056553505,-0.212165689779512,0.3773821629766372,0.3695454357174046,0.20655001224690772,0.1324099430475687,0.25887356365656045,-0.30265812389676483,-0.14612710432597453,-0.4383701100715842,-0.11213405063621901,-0.196723169160553,,0.28117063522517427,-0.288585862899434,-0.03614391119357018,1
2022-05-16,2.29,2.42,-938549.144,-152.12099999992643,-0.01968468374997079,-0.46843727975657246,0.12877594705478046,0.009687082306667927,-0.054513623576115555,-0.22059453274879426,0.37655899340645616,0.3687618907475063,0.2063149001270359,0.13229351265699107,0.25851017634336704,-0.29635174032895095,-0.1459926864400397,-0.4371877553081752,-0.13220990311085598,-0.203371550960704,,0.28066890301562,-0.28597687596159926,-0.042898009217697285,1
2022-05-17,2.27,2.32,-938593.475,-191.22199999995064,-0.008856485996231123,-0.4030692329682033,0.12866401084114165,0.009513437613526632,-0.05447411818949632,-0.23327841931733118,0.3757400532335544,0.3679822305181044,0.20608026700023507,0.13217722925402353,0.2581478174080001,-0.2657456867016358,-0.14585845457231816,-0.43601326629872517,-0.10557479838520954,-0.21359914379944678,,0.2801693521747454,-0.2748654293355014,-0.03489978744211872,1
2022-05-18,2.31,2.4099999999999997,-879991.475,58600.63599999994,-0.03048950924025806,-0.4598559008004016,0.12855221256049743,0.2548210467707672,-0.054434644374011576,-0.25862831547025433,0.3749253051045196,0.36720642187955277,0.2058461111720682,0.13206109253567289,0.257786481773306,-0.2706805566196293,-0.14572440829368227,-0.4348465540408487,-0.13305522974608164,-0.0866708109381501,,0.2796719650494463,-0.2761957039319136,-0.024428554891972466,1
2022-05-19,2.37,2.41,-879999.107,58616.95400000003,-0.06288718597863074,-0.45851348717108253,0.12844055193713255,0.2545365851349457,-0.05439520209804072,-0.2582684945303021,0.37411471212831393,0.36643443207901605,0.20561243095673798,0.13194510219987787,0.25742616439779753,-0.2474378672141453,-0.14559054717646647,-0.4336875309332343,-0.14395807002125988,-0.0865299658020987,,0.2791767241946005,-0.2676662043166844,-0.026522665475545312,1
2022-05-20,2.36,2.47,-880006.0889999999,58575.19000000006,-0.05744183436960204,-0.49357933854614744,0.1283290286961527,0.25402126911632683,-0.05435579133000834,-0.27059750505316005,0.3733082378689565,0.3656662287543955,0.20537922467703096,0.1318292579455005,0.2570668602753372,-0.2447992405106416,-0.14545687079446135,-0.43253611074763876,-0.1543587019116665,-0.09667871737073695,,0.27868361236988165,-0.26635047218107766,-0.031091085913801726,1
2022-05-23,2.3300000000000005,2.39,-880062.76,58486.38399999996,-0.041172365483355344,-0.44309992273201193,0.12821764256348311,0.2533196446181478,-0.05431641203838333,-0.2575143308382595,0.3725058463383517,0.36490177992836625,0.2051464906642606,0.13171355947232777,0.25670856443481194,-0.21931529953089945,-0.1453233787229078,-0.43139220860155436,-0.1310300081063336,-0.08660952512274891,,0.27819261253663263,-0.25704119996929886,-0.02130845806154908,1
2022-05-24,2.34,2.49,-880005.967,58587.50800000003,-0.046558901026127364,-0.5024850552235853,0.12810639326586326,0.2533776751301009,-0.05427706419168099,-0.23580367406752467,0.3717075019892464,0.3641410540025247,0.20491422725821207,0.13159800648106246,0.25635127193982465,-0.21545293669486054,-0.1451900705384891,-0.4302557409315316,-0.15373346670764046,-0.06918257269096782,,0.2777037078547958,-0.25530177481113187,-0.025366765173908137,1
2022-05-25,2.29,2.5,-814616.469,65375.005999999936,-0.019406566488412325,-0.5066070149601711,0.12799528053084464,0.2799028446612535,-0.05423774775846091,-0.23120271094647227,0.37091316970832944,0.36338401975164536,0.20468243280708442,0.13148259867332257,0.2559949778883779,-0.22822958740950183,-0.14505694581932527,-0.42912662546713864,-0.14570616934775082,-0.04956311061550228,,0.2772168816799022,-0.25938827427023103,-0.020750338117209693,1
2022-05-26,2.25,2.3499999999999996,-814628.4210000001,65370.68599999987,0.0023403867342253193,-0.4130910510353729,0.12788430408678853,0.27946254065392573,-0.05419846270732698,-0.22228215848789523,0.37012281480945686,0.362630646318042,0.20445110566743896,0.13136733575163584,0.2556396774125631,-0.22052611910191244,-0.14492400414496787,-0.42800478120553853,-0.1053974412793651,-0.04266728002235695,,0.2767321175601153,-0.25630897749806963,-0.007282641621844693,1
2022-05-27,2.26,2.3599999999999994,-814627.407,65378.68199999991,-0.0030989749836600744,-0.418491183338384,0.12777346366286157,0.2790719919957907,-0.05415920900692872,-0.23064742337032695,0.3693364030270081,0.3618809032060337,0.2042202442041423,0.13125221741944082,0.2552853656782603,-0.20129641099395335,-0.14479124509639119,-0.42689012838666984,-0.10922451631385693,-0.04957026890294439,,0.2762493992333314,-0.24919771814762154,-0.008520203143409115,1
2022-05-30,2.26,2.3599999999999994,-814627.407,65435.353,-0.0030968269101020462,-0.4174278940622881,0.12766275898903223,0.27887382081903644,-0.05411998662595996,-0.23035968880357327,0.36855390050936676,0.36113476027651004,0.20398984679031185,0.13113724338107557,0.2549320378848352,-0.20107034617749397,-0.1446586682559884,-0.4257825884690122,-0.10888482464362687,-0.04943545052701276,,0.2757687106243306,-0.24873993159242247,-0.008449577054920686,1
2022-05-31,2.18,2.2499999999999996,-814599.257,65406.70999999996,0.04044488656470224,-0.34343362396401944,0.12755218979606964,0.27834123807906863,-0.05408079553315892,-0.20841152351768433,0.3677752738125235,0.3603921877415972,0.20375991180726372,0.13102241334178033,0.25457968926483865,-0.19246580928685253,-0.14452627320756406,-0.06034256267636273,-0.06778040115094013,-0.03217295328660166,,0.2752900358419825,-0.13604999767595463,0.023254945970830155,2
2022-06-01,2.0799999999999996,2.1599999999999997,-782581.965,32034.504000000074,0.09463513572825555,-0.27968528294897577,0.12744175581553874,0.14226075845246355,-0.054041635697308577,-0.2255251355330684,0.3154054583286159,0.1865288718996232,0.13606621910356465,0.10160728861662305,0.28649403685331953,-0.21676474861223427,0.11727991272284433,-0.06029875133288909,-0.026535024782590448,-0.12748863477336175,,0.2070819936645789,-0.052909317961153196,0.01675029807119035,2
2022-06-02,2.0999999999999996,2.17,-782602.1889999999,32026.232000000193,0.08374579571756247,-0.28640636660105745,0.12733145677979762,0.14209793831712347,-0.054002507087236085,-0.22956590929764353,0.3148588538700907,0.18633224307938612,0.13594596094131983,0.10152573166745626,0.28604632211527803,-0.19181048242918464,0.1171815044715705,-0.060254975179608095,-0.03273176277528396,-0.1307954687001824,,0.2068011215752627,-0.04419663483904737,0.01563193603034602,2
2022-06-03,2.09,2.13,-782648.178,31979.22900000005,0.0890950012359879,-0.2571816416295529,0.1272212924219953,0.14177331114532232,-0.05396340967181301,-0.21630074559020762,0.31431433211966553,0.18613596537998078,0.1358258562195913,0.10144425895436404,0.2856000865650461,-0.19749299707748647,0.11708320859847987,-0.06021123418089647,-0.020663936411149164,-0.12035465558806052,,0.20652108769573363,-0.04620679622192124,0.020446873229091393,2
2022-06-06,2.08,2.05,-782657.043,31970.36400000006,0.09443713382726937,-0.19787143959982956,0.12711126247606752,0.14160861872205976,-0.053924343419955556,-0.21169975128231433,0.3137718793067099,0.18594003772117018,0.13570590461784549,0.1013628703452063,0.28515532169434876,-0.20092460812234048,0.11698502490034857,-0.06016752830118244,0.001931371722424191,-0.11674923584458893,,0.20624188718993586,-0.0474291126180519,0.027513131044815103,2
2022-06-07,2.07,2.11,-782708.345,31890.91200000001,0.09977166002945714,-0.24204597286961105,0.127001366676734,0.14114854780846486,-0.05388530830062299,-0.24597446641549925,0.3132314817891124,0.18574445902754255,0.1355861058165444,0.1012815657081545,0.28471201906424315,-0.2059341773591098,0.1168869531745027,-0.06012385750494609,-0.01169559949103366,-0.1444216294276943,,0.20596351526360615,-0.049203685716096304,0.01893840169702285,2
2022-06-08,2.07,2.06,-716606.023,65975.94199999992,0.0996919707530246,-0.2047906922358016,0.12689160475949612,0.27986751261589693,-0.05384630428281989,-0.23707365490566912,0.31269312605173805,0.1855492282284823,0.1354664594971413,0.10120034491169005,0.2842701703043904,-0.20388132912709145,0.11678899321881797,-0.0600802217567189,0.001282928908876886,-0.05404619892468909,,0.20568596716379645,-0.048506384094911384,0.0364234830106721,2
2022-06-09,2.0700000000000003,2.1900000000000004,-716608.064,65994.12499999988,0.09961236284010977,-0.29911063146064754,0.12678197646063305,0.2795157831019244,-0.05380733133559368,-0.25388456164467255,0.3121567987049134,0.18535434425814423,0.13534696534207735,0.10111920782460793,0.2838297671123404,-0.2242744747213875,0.1166911448317165,-0.0600366210210842,-0.031789801078998293,-0.06768257825593962,,0.20540923817840706,-0.055665151767710114,0.02331320971735482,2
2022-06-10,2.0400000000000005,2.0800000000000005,-716628.631,66019.5469999999,0.11575089309752706,-0.2189323923406088,0.12667248151719868,0.27919362440113527,-0.05376838942803652,-0.3038754674316203,0.31162248648293156,0.1851598060554236,0.13522762303477642,0.10103815431601015,0.2833908012528221,-0.26540579655299035,0.11659340781216576,-0.05999305526267529,0.0018882197200809983,-0.10784523296143703,,0.20513332363572218,-0.07008225263809119,0.02516067398502561,2
2022-06-13,1.98,1.8000000000000003,-716678.366,65978.67699999991,0.14790945795788835,-0.004275521234680224,0.1265631196670196,0.27861182413857755,-0.05372947852928378,-0.3279171178764282,0.3110901762425766,0.18496561256393074,0.13510843225964275,0.10095718425530809,0.2829532645570476,-0.30836228290751977,0.11649578195967636,-0.05994952444617807,0.08824081375322873,-0.1274042869355663,,0.20485821890395503,-0.08513813266559861,0.04580543591178264,2
2022-06-14,1.9900000000000002,1.7400000000000002,-716689.603,66018.74199999997,0.14241467254038276,0.0424701277163928,0.12645389064869184,0.2783500968464345,-0.05369059860851466,-0.3232615093546627,0.3105598549616746,0.18477176273196294,0.13498939270205512,0.10087629751222082,0.28251714892201907,-0.3267535405213732,0.11639826707430045,-0.059906028536328315,0.10264584728447901,-0.12381350854097825,,0.20458391939079762,-0.09159615426737394,0.04962828461179028,2
2022-06-15,2.0999999999999996,1.9000000000000004,-650100.504,66505.51900000009,0.08281775938490665,-0.08214371133855414,0.12634479420157652,0.2798446100155725,-0.05365174963495234,-0.28561094429578715,0.31003150973766114,0.18457825551247775,0.13487050404836487,0.10079549395677212,0.28208244630985013,-0.3251866796480366,0.11630086295662845,-0.05986256749791352,0.03813935507669634,-0.09277303920825763,,0.20431042054297754,-0.09106880609136692,0.0349431348638096,2
2022-06-16,2.1300000000000003,2.5000000000000004,-650115.9619999999,66492.10200000007,0.06640026495637952,-0.49956275375339443,0.12623583006579908,0.27936876480753003,-0.27841047738742375,-0.2809925817967076,0.30950512778617045,0.184385089863067,0.13475176598589034,0.10071477345929414,0.28164914874709024,-0.2887574794168768,0.11620356940778898,-0.05981914129577148,-0.11373612205921549,-0.22421909298530232,,0.2040377178458208,-0.07833961089191217,-0.02849521273789161,1
2022-06-17,2.13,2.5300000000000002,-650166.8589999999,66461.77200000011,0.06635114384813234,-0.5150885714849355,0.1261269979822448,0.27882797831410566,-0.2779888786848296,-0.3054592628434658,0.30898069643964643,0.1841922647459291,0.13463317820291354,0.10063413589042058,0.28121724832406536,-0.309330364688168,0.1161063862294458,-0.059775749894791064,-0.11922000027820764,-0.243863950497207,,0.2037658068228203,-0.08556111742899007,-0.034238308566686776,1
2022-06-20,2.13,2.5300000000000002,-650166.8589999999,66511.5070000001,0.06630206421641471,-0.5132992776009484,0.1260182976925568,0.2786034001769395,-0.2775686120699914,-0.30494970663706056,0.30845820314597217,0.18399977912784338,0.1345147403886766,0.1005535811210907,0.28078673719421543,-0.30880259812535393,0.11600931322379626,-0.059732393259911865,-0.11864353537681974,-0.2433388924454796,,0.20349468303521076,-0.08539736769351874,-0.03402982887509298,1
2022-06-21,2.1300000000000003,2.47,-650126.2069999999,66563.39600000007,0.06625302601481331,-0.4767839867006327,0.12590972893913177,0.27838797209203126,-0.2771496702096402,-0.29619109559626133,0.30793763546711883,0.1838076319801436,0.13439645223337804,0.10047310902254569,0.2803576075734535,-0.2861774320561363,0.11591235019356949,-0.05968907135612356,-0.10591291755829725,-0.23620989534757444,,0.2032243420815493,-0.07749950005873546,-0.028024199058048333,1
2022-06-22,2.17,2.62,-751608.112,-101507.60800000001,0.044285721076364526,-0.5590547758922312,0.12580129146511854,-0.4059435095525762,-0.276732045827768,-0.2957142969907167,0.3074189810778145,0.18361582227869233,0.13427831342816754,0.10039271946632877,0.2799298517395201,-0.28111558717634433,0.11581549694202398,-0.05964578414846633,-0.14242878174601775,-0.64617677082078,,0.20295477959730135,-0.07574876682655202,-0.10027877027157978,1
2022-06-23,2.2,2.7199999999999998,-751634.096,-101518.13400000008,0.027774112681137275,-0.6069221890038419,0.12569298501441528,-0.4050004070904456,-0.27631573170505275,-0.3034897986751145,0.3069022277642319,0.18342434900385518,0.13416032366514408,0.10031241232428312,0.27950346203135856,-0.2897718493534298,0.11571875327294645,-0.059602531602030884,-0.16499393120862202,-0.6515815222173906,,0.2026859912544335,-0.07879934310877844,-0.10838381134790358,1
2022-06-24,2.2199999999999998,2.6799999999999997,-751529.638,-101362.7790000001,0.016751184462789892,-0.584694893341168,0.1255848093316656,-0.40347538043798925,-0.2759007206782905,-0.29886800952588466,0.30638736342269457,0.18323321114047464,0.13404248263735075,0.10023218746855345,0.2790784308484844,-0.27893366305594003,0.11562211899064945,-0.059559313681958215,-0.16110485530793262,-0.6467200682904756,,0.20241797276101034,-0.07502683452743916,-0.1059889988248144,1
2022-06-27,2.1899999999999995,2.6099999999999994,-751504.596,-101337.73700000008,0.03325367462767237,-0.546355443682183,0.12547676416225584,-0.4024206597344442,-0.2754870056398344,-0.2859556200050043,0.30587437605840084,0.1830424076778454,0.13392479003877078,0.10015204477158224,0.2786547506503745,-0.2667447804947225,0.11552559389997019,-0.05951613035343917,-0.14194258992040198,-0.6355090952285706,,0.20215071986079747,-0.07078155441419506,-0.09798869445733607,1
2022-06-28,2.2199999999999998,2.6099999999999994,-751562.438,-101436.23100000003,0.016704823732529572,-0.5442727731451594,0.12536884925231262,-0.401809285769295,-0.2750745795370404,-0.2938088965864468,0.30536325378416707,0.18285193760968776,0.133807245564326,0.10007198410611107,0.27823241395585785,-0.28318423218463173,0.11542917780626749,-0.05947298158171466,-0.14703812751872666,-0.6411774364529587,,0.20188422833287084,-0.07655616350694189,-0.10130042116638537,1
2022-06-29,2.2399999999999998,2.7099999999999995,-749940.4230000001,1667.6889999998966,0.00566282245760541,-0.5927712967591532,0.12526106434870043,0.01162716598853386,-0.2746634353717201,-0.3179504509495601,0.30485398481918646,0.18266179993412424,0.13368984890986968,0.09999200534517594,0.2778114133425129,-0.2955032209544831,0.11533287051542129,-0.05942986733207589,-0.16790964670093156,-0.4121821223895598,,0.20161849399122875,-0.08088858285329441,-0.07392887629890041,1
2022-06-30,2.31,2.72,-750043.1900000001,1590.905999999959,-0.032967160705376974,-0.5950102116798153,0.12515340919901785,0.01129342550907797,-0.27425356619959906,-0.3092387432736743,0.30434655748780837,0.18247199365365385,0.1335725997721855,0.09991210836210951,0.2773917414460758,-0.295159023086524,0.11523667183382935,0.0896866461263719,-0.18224605757511192,-0.4051670790332521,,0.20135351268441223,-0.03606682910053155,-0.07052052532149805,1
2022-07-01,2.42,2.8200000000000003,-749880.532,1649.1060000000289,-0.09343277139087613,-0.6381792064123198,0.052977152372972736,0.011532701705047055,-0.2738449651297846,-0.31687024679661446,0.33023147607897707,0.12062610979287136,0.1762583917047582,0.11428050332043815,0.3077218988044972,-0.31464458762740755,-0.16314185499385625,0.08961736968643885,-0.24017104651922677,-0.41088355549213407,,0.20962742175328186,-0.14034004401151065,-0.10232799844299426,1
2022-07-04,2.42,2.8200000000000003,-749880.532,1624.064000000013,-0.09335937464406674,-0.6350570483978721,0.052938867918552734,0.011418372805307886,-0.27343762532423566,-0.316318107219859,0.32962612398562685,0.12052465887841879,0.17607929968883274,0.11418547757441089,0.3072001611826436,-0.31409681120611255,-0.16298273883970082,0.0895481585209581,-0.23906408768911275,-0.41026603728724387,,0.20932819840922978,-0.14011339495974726,-0.10194409154147503,1
2022-07-05,2.4100000000000006,2.8800000000000003,-749851.7270000001,1710.7109999998938,-0.08780278213435855,-0.6574624831115349,0.05290061382675071,0.011778825526577386,-0.27303153999724283,-0.33192968659454203,0.32902325837108704,0.12042332440759518,0.1759005070816777,0.11409055818743719,0.30668035338735744,-0.35379048199346463,-0.1628238692966194,0.08947901254120283,-0.24497265868803747,-0.42229537795803285,,0.20902995770363647,-0.15397131918916857,-0.10767431275258234,1
2022-07-06,2.39,2.77,-693733.1749999999,56207.24800000014,-0.07674524833744478,-0.606153773329753,0.0528623900676477,0.2387620684043068,-0.27262670241491305,-0.34727768819184,0.3284228615494793,0.12032210616837369,0.17572201302594204,0.11399574497237874,0.3061624630219364,-0.3667453513620538,-0.1626652457156761,0.08940993165862743,-0.22315594056322488,-0.2981409309598358,,0.20873269337269945,-0.1584707294796172,-0.08325535789171054,1
2022-07-07,2.33,2.29,-693737.606,56305.58400000003,-0.04359286616871394,-0.3361619863038908,0.052824196611365615,0.23884823636228014,-0.27222310589466014,-0.3386461091616506,0.32782491601217023,0.12022100394930679,0.1755438166678549,0.11390103774259419,0.3056464778021666,-0.3560428755688112,-0.16250686745043708,0.08934091578486658,-0.11706693938200197,-0.2909418090487485,,0.20843639921189155,-0.1546901353212769,-0.049855773667131495,1
2022-07-08,2.3100000000000005,2.21,-693710.07,56170.46200000006,-0.03249710238973624,-0.28268732847079003,0.05278603342806831,0.23799921593427853,-0.2718207438047029,-0.3419877334343746,0.3272294044254953,0.12012001753952317,0.17536591715720307,0.11380643631193199,0.3051323855550159,-0.34609905330718416,-0.16234873385695792,0.08927196483173638,-0.09447874077276369,-0.2938831034697543,,0.2081410690752272,-0.1511751360579288,-0.043067090892174774,1
2022-07-11,2.3199999999999994,2.3099999999999996,-693729.4149999999,56151.117000000086,-0.03801154851369892,-0.3479878077581522,0.052747900487962074,0.2376159950021397,-0.27141960956356703,-0.36104847533387663,0.3266363096285141,0.12001914672872571,0.1751883136473147,0.11371194049473377,0.30462017421733645,-0.37469570144997333,-0.16219084429377073,0.08920307871123212,-0.11927540454875926,-0.3091209490039577,,0.2078466968745399,-0.16114936739694077,-0.05436149460612756,1
2022-07-12,2.3099999999999996,2.34,-693711.281,56140.44600000011,-0.03244354306306363,-0.36638251684833123,0.05270979776129403,0.23726846637461096,-0.27101969663959524,-0.3563901503529825,0.3260456146308055,0.11991839130718973,0.17501100529503777,0.11361755010582941,0.3041098318345956,-0.37925560701146954,-0.16203319812187256,0.08913425733552915,-0.12377618164059997,-0.3053628584413766,,0.20755327657877143,-0.16271080459601098,-0.05545558480309527,1
2022-07-13,2.3200000000000003,2.3899999999999997,-645831.4230000001,47901.75199999986,-0.03796557571721748,-0.3967018351358713,0.052671725218352616,0.20366841457201845,-0.2706209985504622,-0.41298782612202356,0.32545730261029115,0.11981775106576142,0.17483399126072263,0.11352326496053511,0.30360134655961835,-0.3725563388764088,-0.16187579470471203,0.0890655006169816,-0.13633207623307528,-0.37056181128468507,,0.20726080221327056,-0.16033159656829782,-0.06871843349455238,1
2022-07-14,2.3099999999999996,2.55,-645883.2540000001,47854.351999999955,-0.03239005245031279,-0.48892068413542533,0.05263368282946823,0.2032461508389365,-0.2702235088626943,-0.4007553361761125,0.32487135691109925,0.11971722579585431,0.1746572707082028,0.1134290848746553,0.3030947066513501,-0.3984889159430688,-0.16171863340817882,0.08899680846812186,-0.16666865295616787,-0.36079068375514467,,0.20696926785910394,-0.1693735997325001,-0.07778292144522109,1
2022-07-15,2.3000000000000003,2.5799999999999996,-645829.883,47880.18699999992,-0.026812756665866355,-0.5036883153893714,0.052595670565012353,0.20312315365841016,-0.26982722119119695,-0.40355525882636545,0.3242877610414572,0.11961681528944879,0.17448084280477616,0.11333500966447585,0.3025899004736343,-0.3775073477822517,-0.16156171360058924,0.08892818080166043,-0.16989667404982953,-0.3628666475807645,,0.2066786676523757,-0.16199571724349618,-0.07802869002549404,1
2022-07-18,2.2800000000000002,2.55,-645866.508,47862.90699999989,-0.015672578837985562,-0.4856725380296165,0.05255768839539798,0.2028246528154658,-0.26943212919878645,-0.39884107040349104,0.32370649867161694,0.1195165193390888,0.1743047067211856,0.11324103914676598,0.30208691649401054,-0.3521160247345805,-0.1614050346526762,0.08885961753048566,-0.1597034843850413,-0.35903734215278527,,0.20638899578355777,-0.15307448552639413,-0.07313057052149986,1
2022-07-19,2.26,2.5,-645887.954,47823.32699999993,-0.00452858817211188,-0.456141042290105,0.0525197362910792,0.2024357678930908,-0.26903822659572696,-0.4091014089714258,0.32312755363181345,0.11941633773788096,0.17412886163160213,0.11314717313877631,0.3015857432825273,-0.3411134336220555,-0.16124859593757646,0.0887911185676622,-0.14547844977445215,-0.3672426023987223,,0.20610024649683137,-0.1491893747755725,-0.06958326988427202,1
2022-07-20,2.2,2.4699999999999998,-607218.991,38612.43200000003,0.028892507360157138,-0.43757341533595384,0.052481814222550494,0.1643383516263901,-0.26864550713927393,-0.4043854079983765,0.3225509099102555,0.1193162702794921,0.17395330671360543,0.11305341145823489,0.3010863695105699,-0.34463814784914537,-0.1610923968308181,0.08872268382643189,-0.1272937735247637,-0.38609261970643155,,0.2058124140894364,-0.15038888549005763,-0.06720725431454339,1
2022-07-21,2.2299999999999995,2.63,-607250.5430000001,38632.71100000001,0.012155328940351762,-0.5243177191916775,0.052443922160348544,0.16426251376243983,-0.2682539646332225,-0.39594060938989595,0.32197655165114347,0.11921631675814726,0.17377804114816575,0.11295975392334867,0.3005887839497099,-0.35467075356822997,-0.1609364367103101,0.08865431322021222,-0.16352365993985943,-0.3791473580343864,,0.20552549291103195,-0.15386622263142535,-0.0776277618540716,1
2022-07-22,2.28,2.77,-607207.746,38622.13699999999,-0.015744730989130096,-0.5909910464499855,0.05240606007505022,0.16405895531896775,-0.26786359292746087,-0.40248956404626834,0.321404463152722,0.11911647696862704,0.173603064119626,0.11286620035279937,0.30009297547056524,-0.33797437365117644,-0.16078071495632873,0.0885860066625963,-0.19663570408117537,-0.38427443380211057,,0.2052394773630655,-0.1479884790138479,-0.08752027880597998,1
2022-07-25,2.31,2.73,-607171.154,38695.35400000005,-0.032471029886350866,-0.569654060739847,0.052368227937273026,0.16420311304401003,-0.26747438591752903,-0.3940611137960284,0.3208346288653583,0.11901675070626694,0.17342837481568352,0.11277275056574143,0.29959893304167706,-0.3376305305376093,-0.1606252309515077,0.08851776406735268,-0.19503331333798735,-0.37721165476093416,,0.20495436189815147,-0.14783418730098513,-0.08602827983614622,1
2022-07-26,2.2899999999999996,2.73,-607168.261,38719.69299999997,-0.021283878953762603,-0.5673334456367887,0.05233042571767599,0.1641444251915094,-0.2670863375441834,-0.40061515767341127,0.3202670333896518,0.11891713776695445,0.17325397242737295,0.11267940438180402,0.2991066457284044,-0.34756173099165866,-0.16046998408082513,0.08844958534842395,-0.19031693589139015,-0.38225727355033345,,0.20467014101945974,-0.15127622467084212,-0.08595757024572843,1
2022-07-27,2.3000000000000003,2.7600000000000002,-596243.99,10975.001000000047,-0.026855890713539443,-0.5791888470591029,0.0522926533869581,0.047075930440954705,-0.2666994417929649,-0.388450857357736,0.31970166147457246,0.11881763794712663,0.1730798561490472,0.11258616162108726,0.29861610269183414,-0.3489471135721459,-0.16031497373159298,0.08838147041992706,-0.19642786220433736,-0.44253479269739493,,0.20438680928011232,-0.15172728943033048,-0.09697096866043195,1
2022-07-28,2.4199999999999995,2.6199999999999997,-596294.8790000001,10955.66399999999,-0.09368754712793326,-0.5077251118598912,0.05225491091585943,0.04696004109218599,-0.46449615815251866,-0.3838053992519873,0.31913849801562577,0.11871825104377032,0.17290602517836073,0.11249302210415868,0.2981272931876999,-0.32336499340871794,-0.16016019929344472,0.08831341919615276,-0.19481795737098073,-0.5575659896377895,,0.20410436128258871,-0.1427397916869111,-0.11246516408935212,1
2022-07-29,2.3600000000000003,2.63,-596355.196,10852.550000000047,-0.060238297943314256,-0.5111827935059075,0.052217198275160914,0.04648694597319891,-0.4607193622938519,-0.40162933923373634,0.3185775280530472,0.11861897685441769,0.17273247871625208,0.11239998565205522,0.29764020656532675,-0.3102366660071917,-0.16000566015832451,0.08824543159156484,-0.18433222252467932,-0.569842921179381,,0.2038227916781412,-0.1381111846804612,-0.11053708471684483,1
2022-08-01,2.3800000000000003,2.6999999999999997,-596216.881,10954.272999999928,-0.07134612168029475,-0.5446181132932844,0.05217951543568278,0.04688795184508332,-0.4617714584690287,-0.42984401577455045,0.1803771829320242,0.24180900368325497,0.1609595842301772,0.10327516233051592,0.30945119730576454,-0.29673347130780603,0.12079228906324446,0.08817750752079956,-0.19993362761004782,-0.5928053165940076,,0.19797630047604856,-0.03512616152935668,-0.10467573488250684,1
2022-08-02,2.29,2.55,-596211.0090000001,10957.251999999979,-0.020973497570811905,-0.4649165640885151,0.05214186236828655,0.04686732318014575,-0.4604158617664802,-0.4322996758665619,0.18019132727827358,0.2414939201606534,0.16080479358190125,0.10319193096931012,0.3089231634091292,-0.31574994841100534,0.12068990942489077,0.08810964689866596,-0.15441896287027848,-0.5939688638450502,,0.1977316070616258,-0.04183811957554032,-0.09226383460876567,1
2022-08-03,2.2899999999999996,2.57,-587422.618,8821.371999999974,-0.020958871306885896,-0.4743708023273948,0.05210423904387418,0.0377044769718069,-0.45907022540569487,-0.4523442263709275,0.18000579028946073,0.24117963362099948,0.1606502365143303,0.10310878638405785,0.30839709969235685,-0.3309578337911061,0.12058764930007104,0.08804184964014405,-0.15773411405883597,-0.6146948301570748,,0.19748753701057997,-0.047217009679819046,-0.09723512594053986,1
2022-08-04,2.32,2.31,-587431.926,8862.953000000096,-0.037765795701710014,-0.32142243292927675,0.05206664543338735,0.03785588853110977,-0.45773442548829657,-0.44406388522414053,0.17982057102748006,0.24086614054711308,0.16049591243125305,0.10302572843673641,0.30787299339174234,-0.31043043078690913,0.12048550846617734,0.08797411566038638,-0.11009588639082915,-0.6071782303536245,,0.19724408720896924,-0.0400884881141402,-0.08080775188517114,1
2022-08-05,2.29,2.16,-587435.307,8919.888999999966,-0.020906097533260337,-0.22422775996707567,0.052029081507807495,0.03807305135200334,-0.45640834025242727,-0.46367067818961416,0.17963566855824475,0.24055343744398505,0.1603418207386924,0.10294275698964972,0.3073508318603648,-0.3273974899327503,0.12038348670122145,0.08790644487471466,-0.07018812567277534,-0.6219377158919457,,0.1970012545670507,-0.04608296766862069,-0.07200922659415487,1
2022-08-08,2.2600000000000002,2.22,-587436.072,8780.809000000008,-0.0040346931708551415,-0.26328871745288396,0.051991547238157354,0.0374503680410907,-0.4550918500261453,-0.472527137134487,0.17945108195166526,0.24024152083859662,0.1601879608448935,0.10285987190543544,0.30683060256671113,-0.3109270651777757,0.12028158378383424,0.08783883719862229,-0.07796572954686147,-0.6286065988986224,,0.1967590360190249,-0.040374267328292815,-0.07454708979333949,1
2022-08-09,2.26,2.1900000000000004,-587426.948,8784.061000000103,-0.004031897767175607,-0.24334679713249474,0.05195404259549852,0.037437989970596997,-0.45378483718203855,-0.48451526850810533,0.1792668102816264,0.23993038727974225,0.16003433216031437,0.10277707304705941,0.3063122930933273,-0.3097840145416608,0.12017979949326185,0.08777129254777205,-0.07099633043623507,-0.6374203231333492,,0.19651742852278403,-0.04003008750260803,-0.07378710359556809,1
2022-08-10,2.2900000000000005,2.2100000000000004,-550563.5079999999,36859.1100000001,-0.020909298172711255,-0.25609587471492334,0.05191656755093277,0.156714564713911,-0.4524871860930203,-0.472961975318415,0.17908285262596557,0.2396200333378513,0.1598809340976135,0.10269436027781165,0.30579589113548367,-0.2687754368573133,0.12007813360936503,0.08770381083799594,-0.08137684024539227,-0.5558331530821976,,0.19627642905966136,-0.025732912885383114,-0.06257885470383943,1
2022-08-11,2.29,2.3499999999999996,-550585.1089999999,36846.81700000004,-0.020894718198195994,-0.34433791314947915,0.05187912207560208,0.156514668722888,-0.451198783089268,-0.4406784601620003,0.1788992080664511,0.23931045560481468,0.15972776607164163,0.1026117334613108,0.30528138449986186,-0.2669754424574974,0.11997658591261562,0.0876363919852956,-0.11226768434900566,-0.5293532367494282,,0.19603603463418762,-0.025158682195119936,-0.06784808448783702,1
2022-08-12,2.2700000000000005,2.38,-550599.0549999999,36836.252000000095,-0.00961193209804867,-0.36191455496339264,0.05184170614068795,0.15632228403544168,-0.4499195164162748,-0.45675575538576063,0.17871587568876057,0.2390016506938113,0.15957482749942753,0.10252919246150105,0.3047687611032581,-0.2777368107558844,0.11987515618409517,0.08756903590584053,-0.11448175862929807,-0.5415629437371084,,0.19579624227384707,-0.02898086832837407,-0.07097703883015002,1
2022-08-15,2.2699999999999996,2.4299999999999997,-550561.7189999999,36874.35300000012,-0.00960526506290904,-0.3909353009336427,0.051804319717411396,0.1563342452422627,-0.4486492761939783,-0.4554463734012302,0.17853285458245916,0.23869361523913635,0.15942211780017157,0.10244673714265051,0.30425800897130983,-0.2924720029735046,0.11977384420549186,0.08750174251596876,-0.12464790218356968,-0.5397461172920135,,0.1955570490288397,-0.034193832814013836,-0.07459610091376508,1
2022-08-16,2.27,2.4,-550551.194,36875.75399999996,-0.009598602734895878,-0.3722732644200325,0.051766962777032965,0.15619228773333882,-0.4473879543769349,-0.46095308356686926,0.1783501438409778,0.23838634589603291,0.15926963639523217,0.10236436736934995,0.30374911623723055,-0.3010652604449269,0.11967264975909941,0.08743451173218508,-0.11812506467111503,-0.5434798668396531,,0.19531845197184375,-0.03725706022038408,-0.07371844546737913,1
2022-08-17,2.2399999999999998,2.3299999999999996,-538670.8690000001,11892.63899999985,0.0073493129932951096,-0.3289453212175183,0.051729635290853615,0.049762737212245334,-0.44613544471550926,-0.4459510871648087,0.17816774256159307,0.23807983934052168,0.15911738270811604,0.10228208300651631,0.30324207114057344,-0.31464925200215366,0.1195715726278137,0.08736734347116282,-0.09703971229122202,-0.5945844942338053,,0.19508044819778397,-0.04206698473967013,-0.07583952348394193,1
2022-08-18,2.24,2.25,-538689.399,11895.709999999963,0.007344218511741385,-0.2780120615488191,0.05169233723021227,0.04974039656774898,-0.4448916427180504,-0.42734084616295753,0.17798564984540466,0.2377740922692373,0.1589653561644695,0.10219988391938317,0.3027368620260087,-0.32452629333774596,0.1194706125951317,0.08730023764974071,-0.07922604389391351,-0.5789634246205468,,0.19484303482360144,-0.04557941696499278,-0.06873848070010463,1
2022-08-19,2.2500000000000004,2.15,-538692.9180000001,11906.136999999871,0.0016842048019720668,-0.212418324250638,0.051655068566488715,0.04974971483635393,-0.44365644561402096,-0.4013568038686248,0.1778038647973157,0.23746910139926136,0.15881355619206539,0.10211776997350652,0.30223347734211337,-0.34818809653703475,0.1193697694451481,0.08723319418492426,-0.058260421237086454,-0.5574294815615001,,0.1946062089880262,-0.05391645622668305,-0.06052846479234685,1
2022-08-22,2.2399999999999998,2.1,-538706.903,11854.815999999875,0.007341880339962303,-0.17878207981839178,0.05161782927110092,0.049493342309151034,-0.44242975231805826,-0.4075729365955203,0.17762238652601048,0.23716486346796128,0.1586619822207953,0.10203574103476165,0.3017319056401828,-0.3667274047976562,0.11926904296255447,0.08716621299388505,-0.04451872103612004,-0.5618201952817605,,0.19436996785135396,-0.060460562744120094,-0.05810523805187961,1
2022-08-23,2.24,2.08,-538721.956,11829.238000000012,0.007336791177939395,-0.1651123059819345,0.05158061931550617,0.049347868364539194,-0.4412114633949339,-0.3885720723127246,0.17744121414393543,0.2368613752328259,0.15851063368265805,0.10195379696934159,0.30123213557305717,-0.3468919156503645,0.11916843293263568,0.08709929399395966,-0.03974724438674643,-0.5459758148684165,,0.19413430859522435,-0.05357343075301718,-0.05332298301043289,1
2022-08-24,2.23,2.02,-528652.636,10018.233000000007,0.012997902099041614,-0.12411173211120563,0.051543438671201924,0.041506040336784844,-0.4400014810253907,-0.3913164104074256,0.17726034676727753,0.23655863347130968,0.1583595100117503,0.10187193764375935,0.30073415589396735,-0.34810428747159494,0.11906793914126879,0.08703243710264896,-0.023426808902896827,-0.552150392739104,,0.1938992284224044,-0.054052990784819455,-0.04948374309385648,1
2022-08-25,2.2100000000000004,2.52,-528603.471,10085.927999999956,0.024326139841927885,-0.4394614422499864,0.0515062873097234,0.041768834706060964,-0.4387997089728276,-0.41544202890828885,0.17707978351594367,0.23625663498067007,0.15820861064425507,0.10179016292483989,0.3002379554553902,-0.34565979915804657,0.11896756137492082,0.08696564223761971,-0.12984546964990346,-0.5705721476866911,,0.19366472455657055,-0.05325259055280809,-0.08411117049175326,1
2022-08-26,2.1900000000000004,2.51,-528598.0160000001,10094.902000000002,0.03564772836545638,-0.4326729504838793,0.05146916520264533,0.04177807648073428,-0.4376060525508114,-0.41792775291584183,0.17689952351354155,0.23595537657781396,0.15805793501843413,0.10170847267972571,0.2997435232079291,-0.34522794613827645,0.11886729942064589,0.08689890931670141,-0.12351807818065443,-0.5718389879747198,,0.19343079424209914,-0.053156553556160266,-0.08244705612330355,1
2022-08-29,2.1899999999999995,2.4299999999999997,-528620.752,10086.15100000007,0.03562255900081146,-0.3855944313041031,0.05143207232158176,0.04171075184895745,-0.4364204185913896,-0.40627619501694634,0.1767195658873577,0.23565485509913953,0.15790748257461584,0.10162686677587374,0.299250848199198,-0.3585273579483229,0.11876715306608387,0.08683223825788788,-0.10706053360967754,-0.5618467560590164,,0.1931974347438538,-0.057866400231417287,-0.07677577484050485,1
2022-08-30,2.1700000000000004,2.44,-528604.539,10117.417000000016,0.046941951993797915,-0.3905771632326902,0.051395008638184914,0.04181647162897795,-0.4352427154141819,-0.42289093548162915,0.17653990976833933,0.2353550674003848,0.15775725275518626,0.10154534508105462,0.2987599195727306,-0.3652192720840991,0.11866712209945751,0.08676562897933571,-0.10485382134215683,-0.5743684946564257,,0.1929646433469802,-0.060263563800823844,-0.07840979433448941,1
2022-08-31,2.18,2.4,-605960.932,-77308.29599999997,0.041233637129472145,-0.36607426756020267,0.05135797412414611,-0.3245279607955528,-0.43407285279622954,-0.4042201848489174,0.17636055429107378,0.2350560103564734,0.15760724500457934,0.10146390746335099,0.2982707265669029,-0.35931193507310666,0.11856720630957174,-0.585060464207898,-0.09828682841351184,-0.7785366360342033,,0.19273241735670094,-0.2597787943296066,-0.1370502587394498,1
2022-09-01,2.2200000000000006,2.4000000000000004,-605883.063,-77279.59199999995,0.018466417316353567,-0.3653024159460857,0.05132096875119552,-0.32383458034748136,-0.43291074194257695,-0.3853541850087637,0.24377885825674062,0.1735998989366092,0.16479568358180785,0.11550243095509272,0.30703172210814444,-0.38794625397955396,-0.10007422438362201,-0.5825911516507545,-0.10599630889504758,-0.762330541381046,,0.19922082580702233,-0.34558451292233794,-0.14818094436226625,1
2022-09-02,2.24,2.46,-605883.32,-77285.30399999989,0.0070678260540029125,-0.3997307000338316,0.05128399249110127,-0.32327691537218894,-0.4317562954575722,-0.3662943932785514,0.24345876317477821,0.17342541111821408,0.1646350414118105,0.11540608978458389,0.30651277013882394,-0.36589332023373955,-0.0999942831630658,-0.580148923758001,-0.12204680814560964,-0.7460554411206978,,0.19897564598629847,-0.33710533831628214,-0.14934424786265527,1
2022-09-05,2.24,2.46,-605883.32,-77262.56799999997,0.00706292760884164,-0.3987799477679653,0.051247045315670814,-0.3226115941076845,-0.43060942731685736,-0.3655269969996121,0.24313948733461777,0.17325120928755844,0.1644746479616057,0.1153098571934228,0.3059957295692812,-0.3651224064205796,-0.09991442358782632,-0.5777332939482118,-0.12172684346099204,-0.7443542104544147,,0.1987310850839547,-0.3360828786874056,-0.148900845138582,1
2022-09-06,2.2699999999999996,2.33,-605898.703,-77294.16399999999,-0.010046831130962941,-0.32025280764223985,0.051210127196749555,-0.322158741427676,-0.42947005284003636,-0.3537105957212773,0.24282102707786124,0.17307729264345673,0.16431450257748437,0.1152137329887446,0.30548058817190227,-0.39770086450315145,-0.09983464553195553,-0.5753437873000655,-0.10024183541159609,-0.7339457531376492,,0.19848714004381757,-0.3467405647023071,-0.14255371328851787,1
2022-09-07,2.2399999999999998,2.39,-574679.586,31281.34600000002,0.007076836014717092,-0.35612576543100083,0.05117323810622132,0.13463062782452062,-0.4283380886639978,-0.3566979724418482,0.24250337876943462,0.17290366038799965,0.16415460460825293,0.11511771697819739,0.3049673338295791,-0.39919844111502034,-0.09975494886979852,-0.5729799402197807,-0.1068151538638329,-0.46158285445716485,,0.19824380783316015,-0.3465276685606208,-0.10370017265352768,1
2022-09-08,2.25,2.5999999999999996,-574683.0650000001,31199.997999999905,0.0013623782716143396,-0.47394748988795476,0.051136378016008566,0.13416704484357767,-0.4272134527168757,-0.35965910062809725,0.2421865387973976,0.17273031172653575,0.1639949534052234,0.11502180896994085,0.30445595453443275,-0.3895506269930482,-0.09967533347599133,-0.5706413001186428,-0.15006387566091658,-0.46355512522645664,,0.19800108544245926,-0.34242147619975666,-0.11641538155159216,1
2022-09-09,2.2,2.5599999999999996,-574682.3130000001,31201.006999999867,0.02992035928816983,-0.4510782938268112,0.051099546898071724,0.1340535605061124,-0.42609606419263,-0.37353439691220613,0.24187050357275441,0.1725572458676552,0.16383554832220026,0.11492600877264669,0.30394643838654245,-0.3620603960790043,-0.09959579922546191,-0.5683274251003602,-0.13207541301910294,-0.4740530197416755,,0.197758969885154,-0.33207789588667125,-0.1111025187786944,1
2022-09-12,2.2,2.5199999999999996,-574691.145,31192.17499999993,0.029899355209111578,-0.4278363675603112,0.051062744724409415,0.1338984115257713,-0.42498584352623026,-0.36545118725704206,0.24155526952926554,0.17238446202317248,0.1636763887154673,0.11483031619549355,0.3034387735927062,-0.3457483296068755,-0.09951634599342796,-0.5660378836580002,-0.12395913090559701,-0.46701340900590904,,0.19751745819740785,-0.32565400155750623,-0.10670848630683943,1
2022-09-13,2.1799999999999997,2.4699999999999998,-574675.3180000001,31223.384999999893,0.04130613686522899,-0.39852179949456523,0.05102597146705845,0.13391364390319227,-0.4238827123694253,-0.40763861390252065,0.24124083312326094,0.17221195940810885,0.16351747394377636,0.114734731048167,0.3029329484652068,-0.3820938153429132,-0.09943697365539594,-0.5637722543802403,-0.10971769048015015,-0.5000923322017563,,0.19727654743787348,-0.3376674524634803,-0.10926013798436215,1
2022-09-14,2.1499999999999995,2.4799999999999995,-587200.8200000001,-12521.234000000055,0.05840814366177671,-0.4032798876578042,0.05098922709809384,-0.05485509623052831,-0.4227865935670827,-0.4205684556682293,0.24092719083345715,0.17203973724067656,0.16335880336833442,0.11463925314085865,0.3024289514206011,-0.38213093629165895,-0.09935768208716134,-0.5615301256666819,-0.10540834226918146,-0.6230397784131501,,0.1970362346874615,-0.3369800541325917,-0.12636641889075031,1
2022-09-15,2.12,2.5699999999999994,-587151.429,-12468.363999999943,0.07547275215602789,-0.4521313147209486,0.05095251158962766,-0.05458709086305358,-0.42169741113408366,-0.43660928511039976,0.2406143391607749,0.17186779474226022,0.1632003763527916,0.11454388228426327,0.30192677097852694,-0.39562697238156164,-0.09927847116480681,-0.5593110954519662,-0.11654474342083393,-0.6350581292866022,,0.1967965170491114,-0.34101023387681884,-0.13217454823848548,1
2022-09-16,2.1799999999999997,2.5699999999999994,-587162.074,-12479.76099999994,0.04114425720559933,-0.4508457146914313,0.05091582491381108,-0.05459711362673103,-0.42061509023275656,-0.4286364850910618,0.24030227462815845,0.17169613113740212,0.16304219226322836,0.11444861828957809,0.30142639576052455,-0.39453852682471546,-0.09919934076470138,-0.5571147709384371,-0.12812076264589786,-0.6280365103885419,,0.19655739164756614,-0.339942684937827,-0.13449376018083314,1
2022-09-19,2.1499999999999995,2.5299999999999994,-587192.783,-12501.638000000035,0.05828021618221779,-0.42778008295812164,0.05087916704283235,-0.054652518995199406,-0.4195395571508357,-0.4477634201673577,0.23999099378039657,0.17152474565378362,0.1628842504681447,0.1143534609684973,0.3009278144888725,-0.3979137294578161,-0.09912029076349982,-0.5549407683371026,-0.11406120325871665,-0.6427259818215072,,0.19631885562914794,-0.3404441375785914,-0.13261416498034279,1
2022-09-20,2.1300000000000003,2.4499999999999997,-587214.111,-12538.792999999947,0.06966965923387769,-0.38153747286282413,0.05084253794891791,-0.05477410924231707,-0.4184707392799304,-0.4228648969492155,0.2396804931839469,0.17135363752221067,0.1627265503384474,0.11425841013321536,0.30043101598544397,-0.40070945070264463,-0.09904132103814167,-0.5527887126166415,-0.09390097338545589,-0.6222388266727208,,0.19608090616154006,-0.3407493838942677,-0.12359829706030002,1
2022-09-21,2.12,2.51,-685995.098,-98794.27799999993,0.07533058031100981,-0.4147111548918422,0.05080593760433061,-0.4043879841417971,-0.41740856509449176,-0.46193285398767403,0.23937076942675972,0.17118280597659652,0.16256909124743824,0.11416346559642276,0.29993598917057906,-0.419596570628582,-0.09896243146585015,-0.5506582372602145,-0.10354141982199214,-0.8626242127319126,,0.19584354043356897,-0.34669312191111556,-0.16349914103465962,1
2022-09-22,2.08,2.59,-686038.4249999999,-98886.99599999993,0.09808458649527929,-0.45721173402994797,0.05076936598137283,-0.4037516486777052,-0.5759691187004388,-0.42727229185621707,0.23906181911810487,0.1710122502539444,0.16241187257080192,0.11406862717130228,0.29944272306196607,-0.4320525527766237,-0.09888362192413214,-0.5485489840298378,-0.11046369184272217,-0.92965029391186,,0.19560675565498886,-0.35039235635421584,-0.17624381617898083,1
2022-09-23,2.0900000000000003,2.6,-685998.559,-98836.48499999999,0.09230955269868413,-0.4611800915444939,0.050732823052382914,-0.4026017092549723,-0.5735821228577008,-0.4594648844879441,0.2387536388884004,0.1708419695943333,0.16225489368659485,0.11397389467153296,0.2989512067735489,-0.4653914233090859,-0.09880489229077583,-0.5464606027380843,-0.11388484168031854,-0.9532822068579592,,0.19537054905627227,-0.3614068912813769,-0.1825261799609279,1
2022-09-26,2.01,2.41,-685978.209,-98785.42599999998,0.1376352678088788,-0.3538553139694086,0.05069630878973741,-0.40145646017168823,-0.5712208259108289,-0.41804463828009997,0.2384462253890418,0.17067196324090084,0.16209815397523286,0.11387926791128367,0.29846142951443744,-0.4985263759009284,-0.09872624244385153,-0.5443927510268828,-0.0604681235192642,-0.9180420822735902,,0.1951349178883991,-0.3723562417287378,-0.16291645618402867,1
2022-09-27,2.0799999999999996,2.32,-686006.309,-98792.19799999997,0.09779456775982265,-0.29921096445636786,0.050659823165849716,-0.40052654309252267,-0.5688847731712805,-0.39628981381408657,0.23813957529223506,0.17050223043982737,0.16194165281948059,0.11378474670521133,0.29797338058784284,-0.4964401396665937,-0.0986476722617089,-0.54234509415319,-0.0552977918940359,-0.8986786408095512,,0.19489985942265148,-0.3709842624208629,-0.15831380819711,1
2022-09-28,2.2499999999999996,2.57,-683140.2309999999,2854.8670000000857,0.00011176787283750933,-0.44266144635261717,0.0506233661531712,0.014975002251346625,-0.5665735207361611,-0.40231174052655694,0.2378336852908287,0.17033277044032058,0.1617853896044379,0.11369033086846314,0.29748704939002124,-0.48463464622695795,-0.09856918162297823,-0.5403173047813166,-0.1397053776219715,-0.6528085035121343,,0.19466537095040964,-0.3662165311818726,-0.14609902575309006,1
2022-09-29,2.2700000000000005,2.9400000000000004,-683145.196,2893.228999999934,-0.011416771938876247,-0.6166968212629145,0.05058693772418987,0.015130404028315558,-0.5642866351806914,-0.4185040745552391,0.23752855209814983,0.1701635824945984,0.16162936371753078,0.11359602021666881,0.29700242540923494,-0.46700662389103176,-0.09849077040656784,-0.5383090627816927,-0.2046636763033698,-0.6642969983356168,,0.19443144978295065,-0.3594168068386676,-0.1663483112214159,1
2022-09-30,2.24,2.87,-683199.343,2799.216000000015,0.005895986936078845,-0.5843299715824521,0.050550537851431265,0.014713501217545444,-0.5620236932602312,-0.4140443614127335,0.23722417244783922,0.16999466585787482,0.16147357454849898,0.11350181456594544,0.2965194982247277,-0.4647498501324313,-0.09841243849166403,-0.3125353787730586,-0.18728673327080125,-0.6596216043557982,,0.19419809325125065,-0.29086741465035093,-0.15020984951935007,1
2022-10-03,2.29,3.0300000000000002,-683025.956,2952.253000000026,-0.022966194323194244,-0.6468952947734978,0.05051416650745755,0.015365437276861016,-0.5597842816215846,-0.4332554801933942,0.23692054309369137,0.16982601978834455,0.16131802148938368,0.1134077137328926,0.29603825750571144,-0.4503263286542192,-0.26510297083998513,-0.31199970506914254,-0.21929727123160495,-0.6732556907615495,,0.1939652987057885,-0.3440001663437143,-0.1698862352588239,1
2022-10-04,2.2699999999999996,3.08,-683007.049,2999.2600000000093,-0.011400950631419327,-0.6622554233288784,0.050477823664868415,0.015558333312292172,-0.557567996523322,-0.44205713773017197,0.23661766080949276,0.16965764354716595,0.1611627039345176,0.11331371753458952,0.2955586930103704,-0.42135779643225446,-0.26472209767076005,-0.3114660420814742,-0.22063638378664369,-0.6788515081107556,,0.19373306351635178,-0.3335677755604973,-0.1696205418075931,1
2022-10-05,2.2200000000000006,2.9400000000000004,-627410.746,55729.48499999987,0.017506741582237195,-0.6046041574512204,0.05044150929629998,0.23916185720942962,-0.5553744435648476,-0.41068590114831716,0.23631552238886355,0.16948953639844633,0.16100762128051316,0.11321982578859413,0.29508079458487324,-0.4412796037019865,-0.26434233981152744,-0.31093437670800195,-0.19035164276525413,-0.5182762727319045,,0.19350138507184547,-0.34024799324213045,-0.1375087864577201,1
2022-10-06,2.16,2.83,-627412.748,55732.447999999975,0.052153946608985535,-0.5547218509350644,0.05040522337442588,0.23886536653454016,-0.5532032374239487,-0.41307669625758037,0.23601412464510174,0.169321697609228,0.16085277292625189,0.11312603831294576,0.2946045521624052,-0.4518258603860048,-0.2639636915663075,-0.310404695967224,-0.16077719950179986,-0.5190640795397095,,0.193270260780105,-0.34364775197347647,-0.1293223693824916,1
2022-10-07,2.1699999999999995,2.77,-627406.897,55792.445999999996,0.046342596666296476,-0.5251381229144091,0.05036896587195616,0.23880224518702398,-0.5510540016025708,-0.41544001805401853,0.2357134644110248,0.16915412644947114,0.16069815827287237,0.11303235492615604,0.2941299557622117,-0.4524010685120855,-0.2635861472804717,-0.30987698699676547,-0.15246774442525254,-0.5197030682925429,,0.19303968806770777,-0.34355862162642464,-0.12696965479849395,1
2022-10-10,2.28,2.77,-627406.897,55619.05900000001,-0.017367793411038224,-0.5232593367830465,0.05033273676163752,0.23778714867704198,-0.5489263681805605,-0.41440377740114787,0.23541353853881852,0.1689868221920403,0.16054377672375986,0.11293877544721131,0.293656995488645,-0.45111381388497596,-0.26320970134035737,-0.30935123705197376,-0.17411967453943838,-0.5182065536230294,,0.19280966437978944,-0.34281860144445875,-0.13318725952700738,1
2022-10-11,2.23,2.73,-627402.4260000001,55604.622999999905,0.011622506597330773,-0.5024766434486642,0.0502965360162535,0.23742306523001555,-0.5468199775771285,-0.39977349051079236,0.23511434389988217,0.16881978411268772,0.1603896276845358,0.11284529969557155,0.29318566153024195,-0.46036408665819073,-0.26283434817288487,-0.3088274335045361,-0.15670998709309064,-0.5054569398169018,,0.19258018717986336,-0.3457676822422373,-0.12655164264183222,1
2022-10-12,2.2699999999999996,2.75,-601790.237,25620.50900000008,-0.01158495944748339,-0.5103205736397809,0.05026036360862407,0.11144082707943048,-0.5447344783197876,-0.3988292974133698,0.23481587738467824,0.16865301149004064,0.16023571056304564,0.11275192749116836,0.29271594415879565,-0.4732337596698766,-0.26246008224518036,-0.30830556384111607,-0.16758882749795526,-0.5790396286749101,,0.19235125394963964,-0.3499845138226047,-0.14154245613660388,1
2022-10-13,2.28,2.9499999999999997,-601787.1309999999,25625.617000000086,-0.01737977762590681,-0.5967016529030666,0.05022421951160583,0.1113714313974643,-0.5426695268205286,-0.4413734610731892,0.23451813590258275,0.16848650360558426,0.1600820247693493,0.11265865865440206,0.2922478337284544,-0.45949295782327304,-0.26208689806420193,-0.30778561566200924,-0.19986123483165893,-0.6118776261123899,,0.19212286218884891,-0.344888634259219,-0.1554425939580268,1
2022-10-14,2.2800000000000002,2.92,-601765.083,25641.814000000013,-0.017367689364063743,-0.5816825800336354,0.05018810369809201,0.11134962089960787,-0.5406247871590011,-0.4336150391053627,0.23422111638173715,0.16832025974364884,0.1599285697157098,0.11256549300613994,0.2917813206748192,-0.47579516802468713,-0.2617147901763718,-0.3072675766798184,-0.19461116317976707,-0.604457131039926,,0.1918950094150662,-0.3503087583743161,-0.15362448001229986,1
2022-10-17,2.2800000000000002,2.9000000000000004,-601715.3319999999,25691.56500000006,-0.017355609706304675,-0.5708049931906336,0.05015201614101161,0.11147167168811167,-0.5385999308724705,-0.41587311778186553,0.23392481576890045,0.1681542791913948,0.15977534481658284,0.11247243036771915,0.2913163955140652,-0.4542258388864818,-0.26134375316721026,-0.3067514347181479,-0.1908106061716249,-0.5889754497361077,,0.1916676931635392,-0.34247478763423655,-0.14904379416615432,1
2022-10-18,2.2800000000000002,2.91,-601769.7559999999,25632.67000000016,-0.0173435386460965,-0.5727042476460867,0.05011595681333092,0.11112782807613697,-0.5365946367523351,-0.4114821754738368,0.23362923102930488,0.16798856123879635,0.15962234948860576,0.112379470560938,0.290853048842066,-0.46089101371390917,-0.2609737816609755,-0.3062371777103151,-0.19148193815826486,-0.5844658255847883,,0.19144091098701557,-0.3445238316943042,-0.14893280229258943,1
2022-10-19,2.25,2.7800000000000002,-600696.913,1093.3240000000224,0.00012719020031770611,-0.5129214387039089,0.05007992568805153,0.004863081619674858,-0.5346085906469851,-0.40710746285553634,0.23333435914651202,0.16782310517863008,0.15946958315058768,0.11228661340805757,0.2903912713335344,-0.4735267632076764,-0.2606048703203069,-0.3057247936980829,-0.16445400926984147,-0.6435332757008152,,0.19121466045557572,-0.348663509844219,-0.15036205549881362,1
2022-10-20,2.24,2.7,-600689.149,1097.98199999996,0.005951215081648531,-0.4732381957207771,0.0500439227382119,0.004879991870841982,-0.5326414852707958,-0.3959695231352873,0.23304019712226842,0.16765791030645794,0.15931704522349754,0.11219385873180299,0.2899310537411748,-0.4607340695999016,-0.2602370138458716,-0.30521427083040586,-0.1485372664022314,-0.6334325145482022,,0.19098893915646556,-0.3439041604551424,-0.14341444638205472,1
2022-10-21,2.3600000000000003,2.7300000000000004,-600720.887,1044.1959999999963,-0.06390135476338232,-0.4862364650296085,0.05000794793688601,0.004642561111777299,-0.5306930200190554,-0.36050150118240754,0.23274674197636558,0.16749297592061474,0.15916473513045593,0.11210120635535703,0.2894723868948412,-0.4496540664668882,-0.2598702069760175,-0.3047055973621985,-0.17754585254648098,-0.6040314762902929,,0.1907637446939315,-0.3397451749136765,-0.1471393172710568,1
2022-10-24,2.34,2.6900000000000004,-600697.122,1018.2099999999627,-0.05223110529411379,-0.4653907588176953,0.049972001257184484,0.004526199095225669,-0.5287629007886279,-0.349192426447011,0.23245399074650042,0.16732830132219334,0.15901265229672346,0.11200865610236188,0.2890152617007131,-0.458849647952453,-0.25950444448642573,-0.3041987616531172,-0.16617605206197783,-0.5938959621736501,,0.1905390746890586,-0.3426835608495427,-0.14270497539980762,1
2022-10-25,2.37,2.8400000000000007,-600650.694,1119.061999999918,-0.06963341179778304,-0.5339017298020164,0.04993608267225347,0.004962587871716551,-0.5268508398041627,-0.37301576869740816,0.232161940488135,0.1671638858150304,0.1588607961496893,0.11191620779691669,0.2885596691404775,-0.43827479193582397,-0.2591397211897727,-0.30369375216636163,-0.19625647475825378,-0.6115455661173942,,0.19031492677960854,-0.3352032052438673,-0.15331052643676324,1
2022-10-26,2.33,2.9000000000000004,-628011.7660000001,-27314.85300000012,-0.046305431843351785,-0.5579898438671975,0.04990019215527508,-0.11846386626209615,-0.5249565554496682,-0.3825564848941937,0.23187058827436058,0.16699972870569324,0.15870916611886332,0.1118238612635758,0.28810560027052423,-0.40974970533818833,-0.25877603193539045,-0.30319055746749113,-0.19653328885210972,-0.6920974409424137,,0.19009129861986232,-0.3249411752859999,-0.16399295443492937,1
2022-10-27,2.34,3.12,-627977.395,-27288.246000000043,-0.05210118606875069,-0.6420241997229608,0.049864329679467634,-0.11825042089248838,-0.5230797721052669,-0.3782713025005967,0.23157993119576092,0.1668358293034642,0.15855776163586421,0.1117316163273474,0.2876530462211486,-0.41577756178379754,-0.25841337160893463,-0.3026891662232597,-0.2279845861232587,-0.6874151577991305,,0.1898681878804619,-0.3267735765544342,-0.17305663901989685,1
2022-10-28,2.3000000000000007,3.0600000000000005,-628008.2000000001,-27287.313000000082,-0.028714706400791545,-0.6167470059169701,0.04982849521808452,-0.11814761926482753,-0.5212202199889633,-0.3945055861097406,0.2312899663602772,0.16667218692032937,0.1584065821344096,0.11163947281368958,0.2872019981957683,-0.4301343559731633,-0.2580517351320545,-0.3021895672004641,-0.2109630507457912,-0.699225172440067,,0.18964559224825578,-0.3315220020469654,-0.17048959333472824,1
2022-10-31,2.2800000000000002,2.9800000000000004,-628100.3690000001,-27403.24700000009,-0.016998312106157543,-0.5827507376180578,0.04979268874441578,-0.11854802565849032,-0.5193776350032548,-0.4003363020504672,0.23100069089307596,0.16650880087096276,0.15825562705030682,0.11154743054851357,0.2867524474701495,-0.4411272718702135,-0.2576911174620663,0.06834805720526571,-0.19497436078015065,-0.7030244380374209,,0.18942350942614675,-0.2240820191047182,-0.15020239944882938,1
2022-11-01,2.2199999999999998,3.01,-628025.42,-27374.726000000024,0.01814211502839158,-0.5921931506339475,0.0497569102317863,-0.11832606107978527,-0.517551758586428,-0.4193489152936024,0.21473119266974572,0.10264363931536824,0.14202872509153197,0.08651454997176189,0.31368167050857765,-0.4333130279259211,0.13037281657809463,0.06829769405462072,-0.18599078939240868,-0.7170058240346099,,0.16722359638993498,-0.08553976575535303,-0.1343731761887333,1
2022-11-02,2.1800000000000006,2.9800000000000004,-592096.991,35914.77500000002,0.04154453136211966,-0.5777214988761061,0.049721159653556724,0.15659778872498298,-0.5157423375683771,-0.43136274910503536,0.21447929430198176,0.10256165773825088,0.14190074293196964,0.08644779165961114,0.3131380630219691,-0.42956371390857884,0.13025906444188529,0.06824737298987826,-0.17274559073382822,-0.5605769285900647,,0.1670242736957509,-0.08428241541637925,-0.10679651039717733,1
2022-11-03,2.1900000000000004,2.8100000000000005,-592086.921,35890.474000000046,0.03566067665978756,-0.5029512364836191,0.049685436983123,0.15634596071042228,-0.6406348519113758,-0.4494826851903455,0.21422793532928086,0.10247975986074498,0.14177293069038144,0.086381096092504,0.3125965268504318,-0.4537487502964793,0.13014545359420415,0.06819709396488283,-0.14864606484340412,-0.6501594828728485,,0.16682545614686872,-0.09280202565633144,-0.11433168169568106,1
2022-11-04,2.2199999999999998,2.7800000000000002,-592097.97,35910.2300000001,0.01804702565485261,-0.4876504583347935,0.04964974219391727,0.15628239616913597,-0.6374842586159833,-0.4224704010801208,0.21397711374240624,0.10239794555380421,0.1416452879939325,0.08631446318549951,0.31205704829783865,-0.4222359047490145,0.1300319837497499,0.06814685693355282,-0.14946627877980412,-0.626697438332205,,0.16662714109020074,-0.08182731526967676,-0.10946181140167333,1
2022-11-07,2.2200000000000006,2.7300000000000004,-592108.447,35991.92200000002,0.018034470726751906,-0.4628534955993807,0.04961407525940631,0.15648327497533,-0.6343740001755847,-0.42464904608789633,0.2137268275428834,0.1023162146886818,0.14151781447100076,0.0862478928538295,0.311519613795898,-0.39569386978458687,0.1299186546240796,0.06809666184988128,-0.14080243612759816,-0.6264536719904699,,0.1664293258947245,-0.07259232675121316,-0.10549029917585076,1
2022-11-08,2.2300000000000004,2.8100000000000005,-592099.685,35925.734999999986,0.012147881660642179,-0.4983356260057532,0.04957843615309243,0.1560526461824132,-0.6313032551468992,-0.433258334186853,0.21347707474292665,0.10223456713692891,0.14139050975117096,0.08618138501290051,0.3109842099026232,-0.3739207115100388,0.12980546593360498,0.06804650866793405,-0.1552921796748611,-0.6317570327281741,,0.16623200795123474,-0.06502638335137162,-0.10954716432658151,1
2022-11-09,2.33,2.83,-521037.926,71059.06500000006,-0.04662000835050739,-0.5056251076518934,0.04954282484851302,0.3012027156524111,-0.6282712232783451,-0.419156367282584,0.21322785336536598,0.10215300277039563,0.14126337346523044,0.0861149395782903,0.31045082330082385,-0.3840913168079543,0.12969241739558934,0.06799639734185137,-0.17842294314628634,-0.5315661984016276,,0.1660351846720986,-0.06864069559177231,-0.10204912087487124,1
2022-11-10,2.36,3.2600000000000002,-521000.7,71086.22099999996,-0.0641805461678222,-0.6689628398103267,0.049507241319241,0.30081598561930667,-0.6252771249383411,-0.4278257383781865,0.21297916144357254,0.10207152146122911,0.14113640524516424,0.08604855646574583,0.3099194407966177,-0.3428665262929679,0.12957950872814483,0.06794632782584697,-0.2417480126965798,-0.5369372742939699,,0.16583885349101324,-0.05426655779993397,-0.1197452652503062,1
2022-11-11,2.36,3.2600000000000002,-521000.7,71097.26999999996,-0.0641333158552072,-0.6654361139445935,0.04947168553888415,0.3003666578465092,-0.6223202005522468,-0.42671234165507965,0.21273099702138687,0.10199012308187205,0.14100960472414803,0.08598223559118878,0.30939004931796443,-0.34220324303976624,0.1294667396502278,0.06789630007420788,-0.24050779476826495,-0.5345419989475063,,0.16564301186276795,-0.05408888616407609,-0.11903621823152485,1
2022-11-14,2.2700000000000005,3.2,-520965.132,71143.31500000006,-0.011157104902836612,-0.6419168427562403,0.0494361574810851,0.3000578581828688,-0.6193997100489386,-0.42560604379310474,0.21248335815304764,0.10190880750506248,0.14088297153654628,0.08591597687071073,0.3088626359132216,-0.30001284854458565,0.12935410988163643,0.06784631404129393,-0.21374503443635134,-0.5320899461541256,,0.16544765726300967,-0.03937666431964405,-0.10848158758621841,1
2022-11-15,2.2300000000000004,3.2800000000000002,-520886.688,71212.99700000003,0.012429972767294739,-0.6653061480831631,0.04940065711952202,0.2998439410392635,-0.6165149323178203,-0.4404762548108697,0.21223624290311838,0.10182757460383396,0.1407565053179045,0.08584978022057044,0.3083371877497203,-0.2866292864718488,0.12924161914300747,0.06779636968153868,-0.2136864642246973,-0.5423835986158299,,0.1652527871880102,-0.03474677266063286,-0.10936229816187606,1
2022-11-16,2.24,3.41,-496455.45,24582.475999999966,0.00652272011897459,-0.7016049515427043,0.04936518442790705,0.10479601176547049,-0.6136651646769118,-0.47339645290806043,0.21198964934641928,0.10174642425151181,0.1406302057049449,0.0857836455571992,0.307813692112366,-0.2942432813408359,0.1291292671558124,0.06774646694944808,-0.22846922566993327,-0.6840386540733132,,0.16505839915443915,-0.03746596487992379,-0.13550186075535572,1
2022-11-17,2.18,2.8400000000000003,-496470.819,24529.880999999994,0.04191257075070931,-0.49059424144816255,0.049329739379988524,0.10448422492136178,-0.6108497223524983,-0.46586758079849344,0.21174357556795398,0.10166535632171492,0.14050407233556284,0.0857175727971975,0.3072921364022505,-0.3166237511318125,0.1290170536423545,0.06769660579960046,-0.14223966293011206,-0.6765133630974767,,0.16486449069913792,-0.04535336238143017,-0.10973578502608518,1
2022-11-18,2.1300000000000003,2.7900000000000005,-496469.793,24530.907000000007,0.07131902809661561,-0.46685415938019936,0.04929432194954786,0.10440475773475932,-0.6080679379707137,-0.47361542482556895,0.21149801966284354,0.10158437068835324,0.14037810484881952,0.08565156185733236,0.30677250813529056,-0.31200079221993293,0.1289049783257652,0.06764678618664766,-0.12364899936438994,-0.6810902480020278,,0.16467105937889726,-0.04378949900696441,-0.1046588970159415,1
2022-11-21,2.08,2.7800000000000002,-496481.806,24483.326,0.1005931217677154,-0.46095614183364353,0.04925893211040289,0.10411481830752511,-0.6053191610613146,-0.4599992764965344,0.21125297973625434,0.10150346722562786,0.14025230288494006,0.08558561265454068,0.30625479494088537,-0.33892426669636433,0.1287930409300022,0.06759700806531299,-0.11134937738995397,-0.6687220268495011,,0.16447810277023908,-0.05326682659863284,-0.10058361554164649,1
2022-11-22,2.0700000000000003,2.8500000000000005,-496460.312,24426.376000000047,0.10636173578252461,-0.4906114459786727,0.04922356983640497,0.10378443647256774,-0.6026027575738158,-0.47686380093623715,0.2110084539033319,0.1014226458080294,0.14012666608530577,0.0855197251059272,0.30573898456059023,-0.32332165406238467,0.12868124117984414,0.06754727139039218,-0.11972032761773031,-0.6807820334097385,,0.16428561846919992,-0.047859963091771526,-0.10414099314324562,1
2022-11-23,2.0200000000000005,2.87,-472921.784,23533.666000000027,0.13541555322607302,-0.497662131697707,0.049188235101440325,0.09982774851609721,-0.5999181094060773,-0.4873020880377794,0.21076444028913088,0.10134190631033735,0.14000119409245038,0.085453899128763,0.30522506484681333,-0.30713557145143033,0.1285695788008887,0.06749757611675378,-0.11202983193463979,-0.6898958869642116,,0.16409360409111745,-0.042248824592663436,-0.1024072552911438,1
2022-11-24,2.0200000000000005,2.87,-472921.784,23549.035000000033,0.13529549436840327,-0.49602546178035467,0.0491529278794296,0.09981533357508132,-0.5972646139453641,-0.4857608873378999,0.21052093702855057,0.10126124860761965,0.13987588655005578,0.08538813464048833,0.30471302376152387,-0.3066165340273693,0.12845805351955009,0.06744792219933671,-0.1115096102303541,-0.6870782780924896,,0.16390205727042123,-0.04212109151793572,-0.1018572741930647,1
2022-11-25,2.06,2.9,-472883.676,23586.117000000027,0.11185604642291613,-0.5071479184646861,0.049117648144328285,0.09989733043738314,-0.5946416836218511,-0.48127744158968044,0.21027794226626595,0.10118067257523089,0.13975074310294677,0.08532243155870711,0.30420284937499087,-0.2923187535418996,0.1283466650630538,0.0673983095931534,-0.12361686077132097,-0.6818685651824252,,0.16371097566042486,-0.03717073808965001,-0.10401320980710137,1
2022-11-28,2.0500000000000003,2.89,-472907.524,23574.282000000007,0.11761004404535935,-0.5012086034043122,0.04908239587012586,0.09976662980598805,-0.5920487454744872,-0.48861012891362243,0.21003545415666158,0.10110017808881211,0.1396257633970861,0.08525678980119178,0.3036945298645255,-0.30057386010260867,0.1282354131594352,0.06734873825328647,-0.11953477701459572,-0.6862573725319974,,0.16352035693312153,-0.040113834954124766,-0.10393602499401665,1
2022-11-29,2.0599999999999996,2.83,-472916.98699999996,23543.32500000001,0.11166184802842616,-0.47370319101174774,0.04904717103084599,0.09955282822878608,-0.5894852407290998,-0.47527299342643137,0.20979347086376832,0.10101976502428989,0.13950094707956984,0.08519120928587931,0.30318805351324785,-0.30199326013045524,0.12812429753753607,0.06729920813489065,-0.11200031873490876,-0.6741778422413334,,0.16333019877898228,-0.04066437446705451,-0.09999387843198523,1
2022-11-30,2.15,2.9,-505005.337,-32083.553000000014,0.05858289222604873,-0.5023082730420744,0.04901197360054743,-0.14383023857168653,-0.5869506243885869,-0.46487345115335965,0.2095519905611949,0.10093943325787569,0.13937629379862249,0.08512568993087077,0.30268340870887567,-0.29675929398624634,0.12801331792700088,-0.026865722023896366,-0.14060029120544473,-0.8103672786988518,,0.16314049890675703,-0.06712080822790482,-0.13301817567395766,1
2022-12-01,2.0900000000000003,2.9600000000000004,-504939.71,-32017.926000000036,0.09394531432154829,-0.5254219460661039,0.04897680355332179,-0.14341727147945915,-0.5844443648350093,-0.4694821908214609,0.23509969020032173,0.16539344041948967,0.15951924438809728,-0.0049217115951918355,0.3062776750846268,-0.2456680207005727,0.12790247405827393,-0.026847044148000432,-0.13632378004459794,-0.8123027344458498,,0.17587294869192727,-0.04927205456920469,-0.12616511519265575,1
2022-12-02,2.0300000000000002,2.9800000000000004,-504939.187,-32055.511,0.1290541419999831,-0.5316046504403533,0.04894166086329621,-0.14344947393930518,-0.5819659434433853,-0.48282252899381495,0.23480126510492605,0.16523204909776368,0.15936664128089806,-0.004918304057305534,0.30576181981401507,-0.24553450547107158,0.12779176566259642,-0.026828379549391435,-0.1262101796951407,-0.8215072736246662,,0.17565318364301022,-0.04925847279778374,-0.12456461996115714,1
2022-12-05,1.9899999999999998,2.89,-504983.071,-32075.54700000002,0.1522301859382691,-0.49262411191260513,0.048906545504630694,-0.14340605088787062,-0.5795148542069554,-0.492906868999476,0.23450356485549362,0.16507090814141812,0.15921426615569967,-0.00491489891224306,0.3052478554055498,-0.26641358705330387,0.12768119247200338,-0.02680972821802352,-0.1044659104396284,-0.8280780382564764,,0.17543398260960535,-0.05659925656886222,-0.12018287170328797,1
2022-12-06,1.9700000000000006,2.9800000000000004,-505000.889,-32083.90200000006,0.16367357686717354,-0.5280622916790685,0.048871457451519884,-0.1433123443527241,-0.5770906033736861,-0.49704617128297135,0.23420658638133007,0.16491001689097073,0.15906211843724227,-0.004911496158255257,0.30473576981976924,-0.27875428021460436,0.12757075421932074,-0.026791090143858498,-0.11287461294870726,-0.8298787056622232,,0.17521534278145381,-0.060951561141506815,-0.12368308820980822,1
2022-12-07,1.9500000000000002,3.0700000000000003,-425903.814,79101.52299999999,0.17505863896704388,-0.5612148229314158,0.04883639667819284,0.33240044269420244,-0.5746927090937585,-0.49827061667374395,0.2339103266303486,0.1647493746894837,0.15891019755239855,-0.004908095793591971,0.3042255511255221,-0.26970857640458135,0.12746045063816158,-0.026772465316867722,-0.1205037453840723,-0.5439918531787288,,0.17499726136997673,-0.05781858361330723,-0.0826733737915329,1
2022-12-08,1.9099999999999997,2.85,-425928.238,79011.47200000001,0.1978281122083323,-0.469888911273348,0.04880136315891148,0.331434140801264,-0.572320701077784,-0.493795590919607,0.23361478256892698,0.16458898088255203,0.15875850293016214,-0.004904697816507264,0.30371718749871457,-0.25770512621493813,0.1273502814629237,-0.02675385372703143,-0.08058087072508203,-0.5395684089015976,,0.17477973560804735,-0.05365035178131447,-0.06946214141794958,1
2022-12-09,1.9,2.7600000000000002,-425899.01300000004,79040.17399999994,0.20331420138206524,-0.42877339041120976,0.04876635686797193,0.3309356984106546,-0.5699741202654833,-0.4719961719278055,0.2333199511817623,0.16442883481828963,0.15860703400163945,-0.004901302225253756,0.30321066722108103,-0.2575107413025334,0.12724024642878673,-0.026735255364338295,-0.064280809099809,-0.5210199906551416,,0.17456276274976873,-0.05361524981511281,-0.061838838113038676,1
2022-12-12,1.8800000000000003,2.72,-425910.782,79072.28899999999,0.21445513715532405,-0.4094294718072887,0.04873137777970449,0.33045261773616175,-0.5676525185045592,-0.47639921776574623,0.2330258294717289,0.1642689358473175,0.15845579020003808,-0.004897909018088176,0.3027059786789601,-0.26895361723998235,0.12713034527170852,-0.026716670218785987,-0.05362160379427628,-0.5234393146736355,,0.1743463400702505,-0.057653146254531634,-0.05966376525994533,1
2022-12-13,1.9100000000000001,2.8200000000000003,-425932.941,79067.94800000003,0.1971198962065026,-0.45328852983846346,0.04869642586847189,0.3298291769171364,-0.5653554582394918,-0.45438048108574247,0.23273241445973736,0.16410928332275065,0.15830477096065687,-0.004894518193267916,0.30220311036210323,-0.2374127043550226,0.12702057772842212,-0.026698098280381055,-0.07505009401064472,-0.5048201536620073,,0.17413046486539244,-0.04664667380342448,-0.06170243610666007,1
2022-12-14,1.9500000000000002,2.84,-349126.451,76777.36300000001,0.1739259739034862,-0.4606969711031679,0.0486615011086724,0.3202534012500686,-0.5630825122099821,-0.46196083553622524,0.23243970318459306,0.16394987660018656,0.1581539757208763,-0.004891129749049261,0.30170205086248525,-0.2361966315918994,0.12691094353643417,-0.02667953953913882,-0.08577139868728687,-0.5152661350049283,,0.17391513445166845,-0.04625385268115447,-0.06648063414618136,1
2022-12-15,1.9700000000000002,2.8699999999999997,-349057.582,76870.65600000002,0.16218132233603133,-0.47222704293861895,0.04862660347473624,0.3200544131274783,-0.6319486960857061,-0.47518506150505213,0.23214769270285984,0.16379071503769205,0.15800340392014833,-0.00488774368369449,0.30120278887314567,-0.2605976227061064,0.1268014424340198,-0.02666099398508337,-0.09392802116848478,-0.5672846189789784,,0.1737003461659144,-0.05482696129075533,-0.07807005684952689,1
2022-12-16,1.98,2.8299999999999996,-349060.127,76838.88600000006,0.15621945780684787,-0.45358873966988944,0.04859173294112762,0.31936485366177214,-0.6289093276757689,-0.4443501585412779,0.23185638008872123,0.16363179799579064,0.1578530549999866,-0.004884359995464105,0.3007053131870323,-0.2635441608789073,0.12669207416022132,-0.02664246160824746,-0.08950172876972626,-0.5412068112414203,,0.1734860973651182,-0.05589096883401433,-0.07304366130095354,1
2022-12-19,1.98,2.7399999999999998,-349068.352,76842.43,0.15607093369945768,-0.41230584979935037,0.04855688948234449,0.31881670603927326,-0.6259080353755347,-0.44013310136904216,0.23156576243384452,0.1634731248374519,0.1577029284039564,-0.004880978682619386,0.30020961269587,-0.25903221885342287,0.12658283845484486,-0.02662394239867294,-0.0751151537902591,-0.5363612786969907,,0.17327238542621326,-0.05434446585910418,-0.06782231146393863,1
2022-12-20,1.9899999999999998,2.6199999999999997,-349092.995,76839.946,0.1501016248416973,-0.35534234999705716,0.048522073072918115,0.31824701419172774,-0.6229440560412032,-0.4022412132484984,0.23127583684724673,0.16331469492807793,0.1575530235776652,-0.00487759974342683,0.29971567638904295,-0.24542844249771967,0.12647373505845638,-0.026605436346409994,-0.057277631882500506,-0.504611195708484,,0.17305920774587336,-0.049615778507665145,-0.05705253376070418,1
2022-12-21,2.0100000000000002,2.6299999999999994,-453422.554,-104296.103,0.1382823378289053,-0.3593929419797486,0.0484872836874124,-0.4329128101660521,-0.6200166461270553,-0.391892095658557,0.23098660045516084,0.16315650763549172,0.157403339968752,-0.004874223176150383,0.29922349335249265,-0.2500854551261732,0.12636476371238103,-0.026586943441517796,-0.06284252634657142,-0.94527135030271,,0.1728465617403124,-0.05127832502728259,-0.1251235687683922,1
2022-12-22,1.9900000000000002,2.5999999999999996,-453438.48699999996,-104380.90499999997,0.14984417842185982,-0.34428941741054553,0.048452521300425655,-0.43206571654925285,-0.617125081140967,-0.40348986942420684,0.23069805040090352,0.1629985623299246,0.15725387702687943,-0.004870848979058207,0.2987330527676262,-0.24836234061924822,0.12625592415869802,-0.026568463674064402,-0.0535200772559123,-0.9523063741534974,,0.1726344448450836,-0.05070778486341189,-0.12334953581803917,1
2022-12-23,2.0,2.5199999999999996,-453431.937,-104371.81,0.14386440225667863,-0.3045129949286619,0.04841778588658796,-0.4308922567635989,-0.6142686551108534,-0.3994154245784388,0.23041018384474388,0.16284085838400575,0.15710463420372256,-0.004867477150415911,0.29824434391024846,-0.23894302330100858,0.1261472161402386,-0.02654999703412597,-0.04170167166921776,-0.9466288867874224,,0.17242285451488504,-0.04744353161650728,-0.1185156506326335,1
2022-12-26,2.0,2.5199999999999996,-453431.937,-104363.58499999996,0.1437332817922259,-0.3040036225582623,0.048383077420564025,-0.42972949728108445,-0.6114466800625635,-0.3984732827815114,0.2301229979637751,0.16268339517274888,0.15695561095295862,-0.004864107688496988,0.2977573561495026,-0.23863320766922658,0.12603863940058346,-0.026531543511788658,-0.04157969604194353,-0.9434843326313979,,0.17221178822336344,-0.047367561947561684,-0.11804874594358611,1
2022-12-27,2.0200000000000005,2.4299999999999997,-453436.848,-104343.853,0.1318790992049379,-0.25820923466942336,0.04834839587705053,-0.4285336380070376,-0.6086584855096182,-0.3723454528921031,0.22983648995178396,0.16252617207354136,0.15680680673026104,-0.004860740591570267,0.29727207894682417,-0.23080579438527904,0.12593019368405955,-0.026513103097145607,-0.02971102864945475,-0.920191636423676,,0.1720012434629249,-0.0446603911745705,-0.11064080186884219,1
2022-12-28,2.01,2.3899999999999997,-421667.83400000003,31754.719999999972,0.13763323550973627,-0.23732079409107554,0.048313741230777474,0.1330799548508257,-0.6059034179550704,-0.35551200770064917,0.22955065701912547,0.1623691884661329,0.15665822099328564,-0.004857375857909352,0.2967885018549137,-0.23916620890869045,0.12582187873573702,-0.02649467578029996,-0.020396523134235497,-0.5681036840230662,,0.17179121774454426,-0.04761891829462368,-0.05552954285178807,1
2022-12-29,2.01,2.59,-421683.15,31755.33699999994,0.13751035569284076,-0.33714554141023856,0.048279113456507705,0.13296619298817003,-0.6031808404056761,-0.38034038383639446,0.2292654963925953,0.16221244373262134,0.15650985320166422,-0.0048540134857868455,0.2963066145167226,-0.22691184770384343,0.12571369430142743,-0.026476261551363067,-0.055388580964136916,-0.5864010955196193,,0.17158170859757924,-0.04336223215625452,-0.06818564629122732,1
2022-12-30,1.9900000000000002,2.54,-421928.547,31503.389999999956,0.14910881938105258,-0.312103728388751,0.04824451252903761,0.13177335634978693,-0.6004901318984813,-0.3857955083003273,0.2289810053153054,0.1620559372574455,0.1563617028169937,-0.0048506534734800155,0.2958264066644505,-0.21866471087394745,0.12560564012767905,-0.026457860400455058,-0.04257486439398316,-0.5898664719694784,,0.17137271356958597,-0.04050803288133046,-0.06448545665341977,1
2023-01-02,1.9900000000000002,2.54,-421928.547,31503.389999999956,0.1489704980358464,-0.31156629432094274,0.04820993842319532,0.13165858327610191,-0.597830687039862,-0.38492837438478933,0.22869718104656078,0.1618996684273688,0.15621376930282804,-0.004847295819264796,0.2953478681185542,-0.218402654354671,0.12549771596177584,-0.026439472317704937,-0.04244554717282512,-0.5876459617660875,,0.17116423022613686,-0.04044857013282478,-0.06415678638015017,1
2023-01-03,2.0300000000000002,2.63,-421563.103,31873.744999999995,0.12532737789571735,-0.35462408798802636,0.048175391113842725,0.13312805298846597,-0.5952019155569969,-0.4088524120500572,0.22841402086173557,0.16174363663147218,0.1560660521246673,-0.00484394052141901,0.2948709887867784,-0.24089090263712853,0.125389921551734,-0.026421097293249485,-0.06580123119815533,-0.6043262471811643,,0.17095625615064142,-0.04835167256786293,-0.07490299328414035,1
2023-01-04,2.07,2.73,-417347.113,4320.72100000002,0.1015556384173617,-0.40052591386243674,0.048140870575873906,0.013748874171999548,-0.5926032418617009,-0.4260406125364349,0.22813152205215292,0.16158784126113956,0.15591855074995054,-0.004840587578222144,0.2943957586631909,-0.22040866168804052,0.12528225664629877,-0.02640273531723525,-0.0901973352330141,-0.6881451106429688,,0.17074878894416867,-0.04121506235978018,-0.0937760292842744,1
2023-01-05,2.0300000000000002,2.7700000000000005,-417360.057,4323.093000000052,0.12515248435978465,-0.4176456024300521,0.048106376784215366,0.013749730833720886,-0.5900341046265052,-0.4457043677735869,0.22784968192496335,0.16143228171004842,0.15577126464804514,-0.00483723698795524,0.2939221678272341,-0.24069680414685746,0.1251747209949421,-0.02638438637981677,-0.087940678289329,-0.7023341184945402,,0.17054182622527175,-0.048348045017115406,-0.0963490714572291,1
2023-01-06,2.0700000000000003,2.9300000000000006,-417325.836,4602.71100000001,0.10135400571116548,-0.4854395626090443,0.04807190971382691,0.014960284045384187,-0.5874939563728412,-0.4296957074044546,0.22756849780302657,0.16127695737415793,0.15562419329023802,-0.004833888748900006,0.2934502064427884,-0.20548611631207192,0.12506731434786067,-0.026366050471157587,-0.12000837200010951,-0.6872767693200379,,0.17033536562981516,-0.03605639582882121,-0.10191864496490792,1
2023-01-09,2.02,2.9500000000000006,-417316.692,4611.85500000004,0.1308824786057312,-0.4921097854385338,0.0480374693397001,0.014989880817062762,-0.5849822630711461,-0.41959162620564017,0.2272879670247927,0.16112186765169767,0.15547733614972703,-0.004830542859340814,0.29297986475725235,-0.17267798634875264,0.12496003645597087,-0.02634772758142956,-0.11201831658957087,-0.6776687303169622,,0.17012940481080413,-0.02460560073690249,-0.09641429343224991,1
2023-01-10,2.02,2.8700000000000006,-417310.513,4252.590000000026,0.13076814832370154,-0.4571797945465166,0.04800305563685958,0.013409815980879314,-0.5824985037526946,-0.4094692798928875,0.22700808694418595,0.16096701194315677,0.1553306927016116,-0.004827199317563591,0.2925111331006254,-0.17592398021160693,0.12485288707090891,-0.026329417700812763,-0.09984315948692737,-0.6690286365773992,,0.16992394143821526,-0.025773707909488134,-0.09169231415955749,1
2023-01-11,1.9900000000000002,2.9400000000000004,-366030.583,51316.53000000003,0.14832696934173994,-0.4850984642987568,0.04796866858036197,0.21566320777094128,-0.5800421701329331,-0.4175262508858606,0.22672885493048667,0.16081238965127298,0.15518426242288452,-0.004823858121854485,0.292044001884616,-0.1726952986777659,0.12474586594502557,-0.026311120819497158,-0.10347942266084731,-0.5526483781258836,,0.16971897319883117,-0.02467563770230826,-0.07521268587277519,1
2023-01-12,1.9700000000000002,2.9,-366034.402,51325.65499999997,0.15992406286898286,-0.4669960422451013,0.04793430814529631,0.2154472026049008,-0.5776127662460845,-0.4254461844637194,0.22645026836821924,0.16065800018102183,0.15503804479242134,-0.004820519270499646,0.2915784616017483,-0.14642553242119027,0.12463897283138548,-0.02629283692767992,-0.09309490033805255,-0.5576562857556857,,0.1695144977960752,-0.015513146934735655,-0.07152526055596016,1
2023-01-13,1.9500000000000002,2.84,-366011.194,51314.64199999999,0.17146318437777208,-0.440113681352706,0.047899974306784054,0.2151477904880168,-0.5752098080907753,-0.4361683760221432,0.22617232465703552,0.16050384293960462,0.15489203929097428,-0.004817182761790106,0.2911145028244915,-0.13725589834864194,0.12453220748376315,-0.026274566015567546,-0.07965768164919165,-0.5649719113793696,,0.16931051294984856,-0.012335661607377838,-0.06816581220530747,1
2023-01-16,1.9500000000000002,2.84,-366011.194,51305.49799999996,0.17129112692775772,-0.43891227722386694,0.047865667039979076,0.2148567964847714,-0.572832823286428,-0.4350007795764044,0.22589502121160376,0.16034991733643933,0.1547462454011601,-0.0048138485940159015,0.29065211620439335,-0.13713351959228426,0.12442556965664076,-0.026256308073374757,-0.0793077024916445,-0.5627862397421175,,0.1691070163963707,-0.012324674899487652,-0.06778219384464143,1
2023-01-17,1.9100000000000006,2.8000000000000003,-365924.741,51385.772,0.1943730655669289,-0.4203208439867049,0.04783138632006678,0.2149390730084466,-0.5704813507401565,-0.41007127824836,0.2256183554614961,0.16019622278314882,0.15460066260745498,-0.004810516765470063,0.29019129247122777,-0.138605154761816,0.12431905910520569,-0.02623806309132548,-0.06473230655090156,-0.541382389237714,,0.1689040058880203,-0.012871552407211256,-0.06033178174000418,1
2023-01-18,1.96,2.96,-332660.639,33369.94399999996,0.16505153026521868,-0.48680160463793576,0.04779713212226522,0.13842012971403905,-0.5681549403238959,-0.4210228671474482,0.22534232485107797,0.16004275869355,0.15445529039618267,-0.004807187274444957,0.28973202243215446,-0.13361642043084376,0.12421267558534765,-0.026219831059650978,-0.0982733863937714,-0.5946591800838728,,0.1687014791931789,-0.01115726001381893,-0.07817911213449044,1
2023-01-19,1.9899999999999998,2.7600000000000002,-332639.106,33395.29599999997,0.14726904021117315,-0.400045270936102,0.04776290442182418,0.13840576557753526,-0.5658531525614983,-0.42291678637431696,0.2250669268393981,0.15988952448364424,0.15431012825550816,-0.0048038601192352814,0.289274296970889,-0.1525279983391994,0.12410641885365514,-0.026201611968592387,-0.07414280942717782,-0.5948018612898314,,0.1684994340960765,-0.017808036410518202,-0.07200946895918667,1
2023-01-20,1.98,2.6700000000000004,-332619.484,33391.71000000002,0.15302107049795333,-0.3581506841915405,0.04772870319402589,0.13826720534029713,-0.5635755583255201,-0.40992623796008887,0.2247921589000792,0.15973651957160562,0.15416517567542765,-0.004800535298137842,0.2888181070468816,-0.14307499238616106,0.12400028866741519,-0.026183405808398286,-0.057476753834547735,-0.5831260021592048,,0.1682978683966378,-0.014531168044080538,-0.06481713458169767,1
2023-01-23,1.9600000000000004,2.6300000000000003,-332664.46,33346.734,0.1646243377094807,-0.33874471250366367,0.04769452841418409,0.1379509782529782,-0.561321738543433,-0.41786486344426044,0.22451801852121145,0.15958374337777093,0.15402043214776073,-0.004797212809450002,0.2883634436945104,-0.13563414042180277,0.12389428478460807,-0.02616521256932669,-0.04663377265370881,-0.5883143469296812,,0.16809677991033245,-0.011958513243816155,-0.062006865844554136,1
2023-01-24,1.9400000000000004,2.6900000000000004,-332577.347,33347.39399999997,0.17616739078502652,-0.36599667881328524,0.04766038005764428,0.13783124234006405,-0.5590912839129849,-0.4078758563493968,0.2242445032052447,0.15943119532462946,0.1538758971661418,-0.0047938926514699,0.28791029802228385,-0.13381487068854292,0.12378840696390614,-0.02614703224164361,-0.052142136792597264,-0.57905671002327,,0.1678961664680258,-0.011353371976115955,-0.06223011172068061,1
2023-01-25,1.96,2.6900000000000004,-485409.00399999996,-152748.36499999993,0.1642785815544161,-0.36522598067285883,0.04762625809978416,-0.5878606802158204,-0.5568837946264473,-0.40388847690610885,0.2239716104688827,0.15927887483681213,0.1537315702260118,-0.004790574822499782,0.2874586612120522,-0.1291504144216833,0.12368265496467123,-0.026128864815623376,-0.056043712261519704,-1.0099574664302478,,0.16769602591583105,-0.009752375254641232,-0.1278455834522315,1
2023-01-26,1.9100000000000001,2.6399999999999997,-485401.512,-152762.40599999996,0.19330636415035563,-0.3412701678128499,0.04759216251601295,-0.5853990460784502,-0.5546988801034798,-0.41187951023197067,0.22369933784297857,0.1591267813410817,0.15358745082460934,-0.0047872593208405645,0.287008524518227,-0.13091283988061697,0.12357702854695174,-0.02611071028154921,-0.03750968252706911,-1.0135623638947346,,0.1674963561149642,-0.010400747051247593,-0.12297328237127703,1
2023-01-27,1.8800000000000003,2.61,-485381.077,-152761.593,0.21045066553356695,-0.3264920942887459,0.04755809328177185,-0.5829226269009598,-0.5525361587323563,-0.4078886977502275,0.22342768287243042,0.15897491426632193,0.15344353846096248,-0.004783946144794826,0.2865598792670201,-0.12726481456079164,0.12347152747147971,-0.026092568629712654,-0.026347072079781084,-1.0075862295801716,,0.16729715494160058,-0.009155421070172969,-0.11859108048608588,1
2023-01-30,1.87,2.58,-485426.15699999995,-152761.69699999993,0.21596317776593477,-0.31162597172111406,0.04752405037253338,-0.5804760043482358,-0.5503952576192923,-0.41579540946514315,0.22315664311607808,0.15882327304352795,0.1532998326358812,-0.004780635292666702,0.2861127168556785,-0.12618715179365125,0.12336615149966934,-0.026074439850413467,-0.019224762772552736,-1.0111590847526313,,0.16709842028673214,-0.008809682058017708,-0.11698813878168011,1
2023-01-31,1.9,2.61,-485439.01499999996,-152861.66799999995,0.19838689515460262,-0.32536190647603835,0.04749003376380134,-0.5783386653485632,-0.5482758123456237,-0.41180132498370403,0.22288621614660165,0.1586718571057959,0.1531563328519483,-0.004777326762762546,0.28566702875174244,-0.12912244290295272,0.12326090039361359,0.09111902511189762,-0.030194243833362104,-1.0054097466034753,,0.16690015005602768,0.025284167655300595,-0.1143520724782279,1
2023-02-01,1.9099999999999997,2.7399999999999998,-553693.652,-68284.64800000004,0.19236239586390402,-0.38479810627428257,0.047456043431112205,-0.2876140239767767,-0.5461774667325909,-0.4137416239955498,0.12033639964310772,0.02608478931477598,0.21731815367171592,0.06359182348900894,0.31452969953244514,-0.11628490682991999,-0.20659860825105603,0.09104839846223367,-0.05311568561429883,-0.8312681936220605,,0.141590741733458,-0.0856947107396715,-0.11808145590518494,1
2023-02-02,1.8800000000000003,2.69,-553705.453,-68303.94099999999,0.2095303962843642,-0.3612127639604844,0.04742207935003262,-0.2872417048977829,-0.5767185486834732,-0.4097622854326459,0.12023528917133253,0.026066665019984114,0.21706043993509105,0.06354510293030202,0.3139831903256143,-0.10596003455085812,-0.20636227725427225,0.09097783892549183,-0.03886220488163228,-0.8461859804948704,,0.14141380261788256,-0.08201945745414808,-0.11553602650237181,1
2023-02-03,1.8300000000000005,2.56,-553696.607,-68315.52999999997,0.23795101085305426,-0.2993523479975183,0.04738814149616144,-0.28684034645591017,-0.5743255878827218,-0.43212670999488256,0.12013429450882618,0.026048553586773604,0.21680328790141745,0.0634984211100118,0.31343877087767646,-0.14779778343786576,-0.20612643171779632,0.09090734640917209,-0.007274025551713985,-0.8624009285990852,,0.14123734386412393,-0.0966012713817301,-0.11072320169660552,1
2023-02-06,1.7700000000000005,2.46,-553727.6510000001,-68301.49400000012,0.27148535043361055,-0.2500271638338992,0.04735422984512838,-0.28633964583149196,-0.5719584210413331,-0.44244568715234633,0.12003341544531532,0.02603045500545864,0.2165466954398474,0.06345177798630197,0.31289642732287604,-0.18427626874883918,-0.20589106990948403,0.0908369208209665,0.02171663426343748,-0.8689353898455721,,0.1410613628375217,-0.10930749228412318,-0.10495610133104262,1
2023-02-07,1.7800000000000002,2.42,-553713.348,-68274.33300000004,0.265490505980984,-0.22976050884046584,0.047320344372594914,-0.2857890197619184,-0.5696165913606845,-0.43838610155948976,0.11993265177109835,0.026012369266361635,0.21629066043114986,0.0634051735174006,0.3123561459253108,-0.17724807802899045,-0.2056561901060967,0.09076656206875855,0.026701602310959832,-0.8639522479211535,,0.140885856925749,-0.10678652522665291,-0.10237887104744575,1
2023-02-08,1.83,2.46,-486901.235,66792.41700000002,0.23685825800477756,-0.24940603374504922,0.04728648505425359,0.277798224019453,-0.5672996528837075,-0.44289222124645244,0.11983200327704435,0.025994296359813207,0.21603518076762684,0.06335860766160306,0.3118179130773726,-0.16984264472935517,-0.2054217905932415,0.09069627006062264,0.009794224007180996,-0.5280146343157147,,0.14071082353855938,-0.10413367134472203,-0.05670627276227136,1
2023-02-09,1.8399999999999999,2.45,-486900.573,66804.88,0.23085060385101563,-0.24410496181817876,0.04725265186582783,0.2774307811892842,-0.5637365327124164,-0.4388412019024217,0.11973146975458993,0.025976236276152642,0.2157802543530336,0.06331208037727043,0.3112817152982086,-0.16379341736834174,-0.20518786966531388,0.09062604470482327,0.009536770271241259,-0.5228564124358167,,0.14053626010753628,-0.10195563705033249,-0.055726711314665923,1
2023-02-10,1.8499999999999996,2.38,-486884.524,66812.08299999998,0.2248398066353685,-0.20866814002872414,0.04721884478307259,0.2770437197805833,-0.562751975843103,-0.4233346505279745,0.1196310509957379,0.02595818900572766,0.2155258791024972,0.06326559162282575,0.3107475392322061,-0.1694556183428354,-0.20495442562543842,0.090555885909815,0.019825736747247306,-0.5100926740598914,,0.1403621640858461,-0.10387674961595134,-0.0510571515057407,1
2023-02-13,1.8399999999999994,2.4,-486949.406,66778.24500000005,0.23028617142816965,-0.21852463043276482,0.04718506378177367,0.2764958314570387,-0.5605070016403007,-0.43372025997695407,0.11953074679305531,0.025940154538894422,0.215272052942439,0.06321914135676421,0.31021537164749824,-0.1636295624352787,-0.2047214567854122,0.09048579358424114,0.018272058482923792,-0.5173829100915204,,0.14018853294799674,-0.10177711865196948,-0.05234525352964715,1
2023-02-14,1.81,2.35,-486918.179,66795.169,0.2470683679944945,-0.1929277187358741,0.04715130883774776,0.27615006003188936,-0.5582852395419832,-0.44107401500424426,0.11943055693967164,0.0259221328660173,0.21501877381049272,0.06317272953763875,0.30968519943449246,-0.16133616557934194,-0.20448896146564632,0.09041576763693437,0.03309461989184146,-0.5221403197094517,,0.1400153641895954,-0.10091406417466559,-0.048525930567666305,1
2023-02-15,1.8199999999999998,2.31,-484006.231,2895.003999999957,0.24106361460321812,-0.17224772920388576,0.04711757992684329,0.009515986030336876,-0.5560862932962638,-0.43421502927746414,0.1193304812292757,0.025904123977469107,0.21476603965542895,0.06312635612407269,0.3091570096044207,-0.18011120411143233,-0.2042569379951099,0.09034580797691505,0.03822083386781931,-0.6753142077815275,,0.13984265532711454,-0.10742510734421525,-0.07098398327673698,1
2023-02-16,1.8400000000000003,2.4600000000000004,-484026.69,2873.8829999999725,0.2293471418645079,-0.24793552172188293,0.047083877024938214,0.009418877905934986,-0.5539097757783529,-0.41876449694899964,0.11923051945611429,0.025886127863631314,0.21451384843707566,0.06308002107475374,0.308630789287909,-0.18025764605201755,-0.20402538471127385,0.09027591451339156,0.007619230157400198,-0.6617061362826504,,0.1396704038976577,-0.10741628641313451,-0.07816499338273325,1
2023-02-17,1.8900000000000001,2.5000000000000004,-484053.895,2830.628999999957,0.20027089884331262,-0.26735775452257504,0.047050200107942475,0.009226817419517808,-0.5517553087349428,-0.42345046000145403,0.11913067141499112,0.02586814451489361,0.21426219812624248,0.0630337243484318,0.308106525733568,-0.1831692190116897,-0.2037942999600545,0.0902060871557595,-0.009365339455359105,-0.6642774627904182,,0.13949860745872963,-0.1083754054933826,-0.08383288021449545,1
2023-02-20,1.8900000000000001,2.5000000000000004,-484053.895,2895.5109999999986,0.20004728226297863,-0.2669705906775951,0.04701654915179665,0.0094990153301715,-0.5496225225365968,-0.42236480047028,0.11903093690126343,0.02585017392165323,0.21401108670464386,0.06298746590392268,0.3075842063066052,-0.18297740689799558,-0.2035636820957586,0.09013632581360054,-0.009318193199576769,-0.6619659447000792,,0.13932726358800995,-0.10824848340373378,-0.08349580627844248,1
2023-02-21,1.87,2.37,-484040.297,2877.8819999999832,0.21139387768760542,-0.20160925718801526,0.04698292413247129,0.00941673430808021,-0.5475110559378911,-0.40396990566844004,0.11893131571084048,0.025832216074317405,0.21376051216482295,0.06294124570010817,0.307063818487457,-0.1853699444886211,-0.20333352948102812,0.09006663039668306,0.017519494414597946,-0.6460325175126386,,0.1391563698831303,-0.1090262267703723,-0.07321387084728968,1
2023-02-22,1.85,2.39,-471064.659,12941.572000000044,0.22265986607659993,-0.2115194259519414,0.04694932502596827,0.05262936517699557,-0.545420555845069,-0.405908014287916,0.1188318076401822,0.02581427096330069,0.21351047251007738,0.06289506369593334,0.3065453498704369,-0.19271208459408384,-0.20310384048678587,0.08999700081496087,0.017983951551420966,-0.6204011258311768,,0.13898592396145293,-0.11153647353381613,-0.0696489734489594,1
2023-02-23,1.8600000000000003,2.62,-471098.227,12928.462999999989,0.21663917580338587,-0.3240365773121803,0.046915751808320305,0.052535384158337806,-0.5433506770909649,-0.4193273320021337,0.11873241248629607,0.025796338579025635,0.21326096575438558,0.06284891985040697,0.30602878816240797,-0.2013356316284779,-0.2028746134921814,0.08992743697857275,-0.023514364985581945,-0.6299510413612832,,0.13881592345985394,-0.11449535469865892,-0.0840172880397024,1
2023-02-24,1.8599999999999994,2.55,-471092.951,12960.944000000018,0.21638165620760863,-0.28996260536746654,0.04688220445559055,0.05263715223627319,-0.5413010822169672,-0.43244566931616135,0.11863313004673626,0.025778418911924117,0.2130119899223306,0.06280281412260313,0.3055141211814705,-0.21787926587625606,-0.20264584688453724,0.08985793879784199,-0.011688670869273103,-0.6391548934413455,,0.13864636603450894,-0.12022640782692504,-0.08275220494239528,1
2023-02-27,1.87,2.58,-471113.245,12940.650000000023,0.21035616866267093,-0.3039533860609306,0.04684868294387168,0.05251222640287612,-0.5380022598029426,-0.4397016882468181,0.11853396011960093,0.02576051195243556,0.21276354304902956,0.06275674647165741,0.30500133685566855,-0.2115342398745903,-0.20241753905929594,0.08978850618327616,-0.01870442120622938,-0.6430553706374944,,0.13847724936068095,-0.11794657077187733,-0.08514230523310433,1
2023-02-28,1.9000000000000004,2.58,-471138.845,12901.452000000048,0.1927118142872548,-0.30344624891367444,0.046815187249287904,0.05230607725348135,-0.5360044503488324,-0.44682747082442753,0.11843490250353117,0.02574261769100783,0.21251562318006023,0.06271071685677176,0.30449042322171826,-0.209184898165228,-0.20218968841996676,0.4238489809943895,-0.024712495944460497,-0.6476810005167526,,0.13830857113251332,-0.016826411006501313,-0.07251271772869791,1
2023-03-01,1.8399999999999999,2.49,-375039.266,96025.39299999998,0.22717927000235338,-0.2591927615913242,0.046781717347993856,0.3885796763010825,-0.5352944234065915,-0.4428256310169315,0.09795737064015819,-0.04207209800444056,0.22877939986243545,0.09249811681841869,0.3066996497723402,-0.18428167796930683,0.12933670350678161,0.42276077834093195,0.0028297931482583697,-0.44228935307685063,,0.12630142190484955,0.10759749244039576,-0.01777948567477833,1
2023-03-02,1.8200000000000003,2.5700000000000003,-375097.671,96000.55600000004,0.238333342485465,-0.2977824861464441,0.0467482732161737,0.38760670943342657,-0.5320541402309829,-0.4220437705793326,0.09788010548607429,-0.04204238245869585,0.2284958005639246,0.09242574712657992,0.3061825446748285,-0.2015932945214266,0.12922431241406573,0.4216794023678192,-0.006782718316490572,-0.4243034749419999,,0.12613573260818198,0.10117467697276944,-0.01897020203828624,1
2023-03-03,1.7899999999999996,2.68,-375091.466,96001.48499999999,0.25505343019834004,-0.3492067050700671,0.046714854830042674,0.38673280962278245,-0.5301128963064143,-0.44328973880012645,0.09780291691566245,-0.042012689022527305,0.22821286491679116,0.09235344778468413,0.30566733771777477,-0.18879874400899987,0.12911205972982298,0.4206047800416943,-0.018939189756091677,-0.4406598430502803,,0.12597050614768496,0.10529109451479637,-0.02449444267022884,1
2023-03-06,1.7899999999999996,2.6700000000000004,-375096.109,96017.136,0.2547014341317424,-0.3438821042751383,0.04668146216584579,0.38591717711464324,-0.5281898775572664,-0.4475665768271214,0.09772580481605941,-0.041983017677109546,0.22793059021372497,0.09228121869216466,0.3051540167986466,-0.17833560414499494,0.12899994517760605,0.41953683941830855,-0.017208795900434837,-0.44341688172727106,,0.12580574003924583,0.10859357118690645,-0.023934700341373683,1
2023-03-07,1.7899999999999996,2.68,-375075.511,96063.33399999997,0.2543504093804305,-0.34784735195154715,0.046648095199858464,0.3852169907257206,-0.5262847988791594,-0.4785274556460989,0.09764876907465281,-0.041953368403639835,0.22764897376323767,0.09220905974867244,0.30464256992393235,-0.2126679853931398,0.12888796848179163,0.4184755096218591,-0.018729501339933282,-0.4674626494089424,,0.12564143181888254,0.09621964696758586,-0.02989494281346282,1
2023-03-08,1.7899999999999996,2.6700000000000004,-327200.954,47838.311999999976,0.25400035126785414,-0.34253080274922854,0.04661475390838632,0.19638623827788715,-0.5243973812544825,-0.4875035378719519,0.09757180957907918,-0.041923741183334085,0.22736801288954434,0.09213697085407357,0.3041329852078851,-0.21202627704930688,0.12877612936757532,0.4174207208247973,-0.01700123184596514,-0.5868095160835187,,0.125477579042528,0.09608866455883314,-0.04733910252186037,1
2023-03-09,1.85,2.8000000000000003,-327237.34,47860.33099999995,0.21942514876152397,-0.40066593063305744,0.04658143826776451,0.19626206218480813,-0.5225273515914377,-0.4595891097022562,0.09749492621722533,-0.04189413599743119,0.22708770493244446,0.09206495190845043,0.3036252508712769,-0.21159275461488325,0.12866442756097007,0.4163724042281014,-0.049459842174707364,-0.5634304614057827,,0.12531417928581476,0.09588680679956081,-0.0536409560218918,1
2023-03-10,1.96,3.0300000000000002,-327196.092,47895.37400000001,0.154982864051046,-0.49566165507494964,0.046548148254359045,0.19619181692484777,-0.5206744425680162,-0.4392912716388221,0.09741811887722607,-0.04186455282719015,0.2268080472472056,0.09199300281209899,0.30311935524017186,-0.20418576581688275,0.12855286278880285,0.4153304920419918,-0.10527313238205856,-0.5461225926969587,,0.12515123014386365,0.09812763155276957,-0.06749337635028002,1
2023-03-13,2.1400000000000006,3.1800000000000006,-327134.39400000003,47961.71499999997,0.04704798791104725,-0.5506660664017623,0.046514883844565036,0.19625074368298523,-0.5201043859730454,-0.31606219133755975,0.09734138744746423,-0.04183499165389026,0.22652903720444773,0.09192112346552972,0.3026152867447205,-0.19151004944522654,0.12844143477870995,0.4142949174670887,-0.16231186231838074,-0.4471619384440839,,0.12498872923107592,0.10221446010684579,-0.06918849813833097,1
2023-03-14,2.11,3.0900000000000003,-327050.29600000003,48025.21499999997,0.06514185542878348,-0.515154438044139,0.046481645014808226,0.19629790884105547,-0.5182735123416973,-0.33978368116440105,0.09726473181656914,-0.04180545245883238,0.2262506721900266,0.09184931376946714,0.3021130339179625,-0.19570523827434083,0.12833014325913594,0.4132656146759881,-0.14355991041093194,-0.465012307031906,,0.12482667418092588,0.10039840114747473,-0.06655339046071279,1
2023-03-15,2.2200000000000006,3.2200000000000006,-226282.52300000002,100918.43100000001,-0.0015400285260220858,-0.5610407054755469,0.046448431741543894,0.40116345318215396,-0.5164591629892438,-0.2963877942430725,0.097188151873417,-0.04177593522333811,0.22597294960492254,0.09177757362484784,0.3016125853946594,-0.2338406925447929,0.1282189879593294,0.412242518795257,-0.18296872737808595,-0.3062876612787119,,0.12466506264575974,0.08670515903366487,-0.0566617278887429,1
2023-03-16,2.1599999999999997,3.0399999999999996,-226293.019,100944.32100000003,0.03486932859128067,-0.49188955523883515,0.04641524400125707,0.40030359543814775,-0.5146610886399794,-0.34465702616599014,0.09711164750712897,-0.04174643992874949,0.225695866865125,0.09170590293282044,0.30111392991012886,-0.22009284503053295,0.12810796860933915,0.41122556588782766,-0.14603250612626692,-0.3443401168538911,,0.12450389229659342,0.09117296301893046,-0.05065885183897581,1
2023-03-17,2.2099999999999995,3.2099999999999995,-226332.866,100863.226,0.004486293144747355,-0.5536765096578962,0.04638208177046255,0.39906568971955725,-0.512879045168052,-0.2952557840541127,0.09703521860707198,-0.0417169665564292,0.22541942140152238,0.09163430159474784,0.3006170562991055,-0.2142992966376409,0.12799708494001316,0.4102146929357855,-0.17830195124846332,-0.30449264051238706,,0.12434316082291652,0.09285863378656592,-0.05414989617768304,1
2023-03-20,2.19,3.1299999999999994,-226325.09300000002,100809.301,0.016639247650437117,-0.5224551539542307,0.04634894502570508,0.3979320917764688,-0.5111127934650066,-0.30405155446700005,0.09695886506285567,-0.04168751508776114,0.2251436106597906,0.09156276951220055,0.3001219534946118,-0.19465632540791722,0.12788633668299343,0.4092098378235398,-0.16313088369861622,-0.3111496645867227,,0.12418286593249504,0.09939345529333862,-0.04965698002046871,1
2023-03-21,2.1100000000000003,3.01,-226421.331,100628.96500000003,0.06519753965828001,-0.474559427062314,0.04631583374355852,0.39635246297072735,-0.5093620993113108,-0.3430121684710912,0.09688258676433437,-0.041658085504148956,0.22486843210028384,0.09149130658696403,0.2996286105268475,-0.1902516952848411,0.12777572357071354,0.4082109393213653,-0.12938191046834432,-0.34221551658122307,,0.12402300535118121,0.10059669169646494,-0.04405164553542171,1
2023-03-22,2.1599999999999997,3.1199999999999997,-253132.821,-26850.29799999998,0.03479588684138979,-0.5154156860650452,0.04628274790062692,-0.12424607193678383,-0.5076267332517315,-0.31210415961227234,0.09680638360160443,-0.04162867778701784,0.22459388319792484,0.09141991272102667,0.2991370165220968,-0.1803037304195162,0.12766524533639712,0.40721793706930676,-0.1543321053580913,-0.6288070108029271,,0.12386357682272117,0.10374191134170034,-0.0940935023209311,1
2023-03-23,2.26,3.04,-253087.169,-26794.149999999994,-0.026118488332322665,-0.4831134830068473,0.04624968747354319,-0.12390449218648303,-0.5367379505905439,-0.2806559353059037,0.09673025546500447,-0.04159929191781364,0.22431996144209787,0.09134858781659339,0.2986471607016419,-0.14919672849516574,0.1275549017140516,0.4062307715614373,-0.16435628372664654,-0.6209102139109391,,0.1237045781085693,0.11429459209504123,-0.09437308386323633,1
2023-03-24,2.24,3.04,-253071.671,-26738.804999999993,-0.01391499634887694,-0.48159680479241396,0.04621665243897066,-0.1235665465654413,-0.5347525478897645,-0.280230533272277,0.09665420224511378,-0.041569927878000956,0.2240466643365422,0.09127733177607378,0.2981590323807011,-0.17421609898222024,0.12744469243846845,0.40524938413046074,-0.1595641346677606,-0.6191758832909451,,0.1235460069877024,0.10520482294882509,-0.09407839770472057,1
2023-03-27,2.19,2.89,-253073.34399999998,-26748.25099999996,0.016589278211853964,-0.41956796744489744,0.04618364277360132,-0.12350138814832134,-0.5327860667002089,-0.28914857556465834,0.09657822383275239,-0.04154058564906771,0.2237739893992452,0.0912061445020842,0.29767262096737457,-0.16667811735506255,0.12733461724521833,0.4042737169326496,-0.12718744839948481,-0.6250913333608448,,0.12338786125643578,0.10751189004134938,-0.08494618570366082,1
2023-03-28,2.1900000000000004,2.87,-253084.962,-26663.630999999994,0.016577756756943618,-0.4101146292153395,0.04615065845415667,-0.1230404371462479,-0.5308382069343025,-0.3072088756857213,0.09650232011898074,-0.041511265212520354,0.22350193416233877,0.09113502589745259,0.29718791596161,-0.14707975451283684,0.12722467587064856,0.4033037129331092,-0.12389270782419154,-0.6380942869969073,,0.12323013872824584,0.11404183635516685,-0.08496814526145705,1
2023-03-29,2.15,2.85,-177135.91999999998,75996.90100000001,0.04097542086175987,-0.4006498887964194,0.04611769945738775,0.30520351172633853,-0.5289086749899958,-0.318903284227518,0.09642649099509781,-0.04148196654988612,0.22323049617199286,0.09106397586521142,0.2967049069541736,-0.1473775026515851,0.12711486805187966,0.4023393158913624,-0.1120507539399145,-0.3893457253402088,,0.12307283723358882,0.11360987265751181,-0.04420739477598169,1
2023-03-30,2.1100000000000003,2.7700000000000005,-177142.58899999998,75944.58000000002,0.06532155773420212,-0.3651885189280999,0.0460847657600747,0.30449235657083085,-0.5269971835775471,-0.3304439427373552,0.09635073635264058,-0.04145268964271254,0.22295967298831676,0.09099299430859897,0.2962235836256508,-0.1357376087575537,0.12700519352680328,0.40138047034724234,-0.0911280066898418,-0.397858050393914,,0.12291595461972792,0.11735779577341006,-0.03868445154509615,1
2023-03-31,2.11,2.8400000000000003,-177246.229,75825.44200000001,0.06527342842658812,-0.39466939306074944,0.04605185733902695,0.3035253228592585,-0.5251034515516444,-0.338839131322907,0.09627505608338471,-0.04142343447256924,0.22268946218525199,0.09092208113105915,0.2957439357454408,-0.1338910081857565,0.12689565203407893,0.02115228243106282,-0.10147303042024837,-0.4040181822737572,,0.1227594887505574,0.0038973100762316974,-0.059770167768063986,1
2023-04-03,2.11,2.89,-177092.068,75981.27599999998,0.06522533933003705,-0.414822590569486,0.04601897417108303,0.3036251497578917,-0.52322720374869,-0.32618434372808325,0.09619945007934261,-0.041394201021042965,0.22241986135047553,0.09085123623624392,0.2952659531707793,-0.13232821950526774,0.12678624331313015,0.02113763839150007,-0.10855334568248222,-0.39270870737694563,,0.12260343750643435,0.004401599850201865,-0.060161210457147646,1
2023-04-04,2.1,2.97,-177090.433,75994.52900000001,0.07127159479935274,-0.4465487487609532,0.045986116233110996,0.3031732331605581,-0.5213681708290743,-0.31042676671854674,0.096123918232762,-0.04136498926974408,0.22215086808529616,0.09078045952800573,0.2947896258457712,-0.12572566545107078,0.126676967104143,0.02112300463373762,-0.11755116901662685,-0.3792583759759471,,0.1224477987840065,0.006669856968696564,-0.06054167886007401,1
2023-04-05,2.1400000000000006,3.0200000000000005,-162403.627,14732.292999999976,0.046797260200375,-0.46516967818841526,0.045953283502007114,0.05119566714368484,-0.5195260891242748,-0.3098990235068101,0.09604846043612802,-0.04133579920030139,0.22188248000455713,0.09070975091040379,0.2943149438004291,-0.13119525470010218,0.12656782314806247,0.021108381150258815,-0.13264436124521195,-0.5289174719938021,,0.1222925704960478,0.004712913301863747,-0.0878508495533424,1
2023-04-06,2.1100000000000003,2.9800000000000004,-162334.279,14808.309999999969,0.0650990868012773,-0.44794377733464186,0.04592047595469739,0.05148291180682674,-0.5177007004886188,-0.3184935498930106,0.0959730765821587,-0.04130663079436414,0.22161469473653694,0.09063911028769844,0.2938418971497361,-0.13151343836636564,0.12645881118658853,0.021093767933552554,-0.12021949890026835,-0.5345255131234837,,0.12213775057129253,0.004559010867143776,-0.08502638736570836,1
2023-04-07,2.02,2.89,-162334.279,14911.949999999983,0.11977059991147376,-0.4099743485244405,0.04588769356813671,0.05188790002279875,-0.5158917521555524,-0.33599114212758086,0.0958977665638081,-0.041277484033601985,0.2213475099228519,0.09056853756435546,0.2933704760927114,-0.13312650715378527,0.12634993096217562,0.021079164976114395,-0.08780500394409732,-0.5471952249817169,,0.12198333695427355,0.00395194782577094,-0.07733215851805271,1
2023-04-10,2.09,2.87,-162400.271,14691.796999999991,0.0771336123958204,-0.4006128724063035,0.04585493631930859,0.0509115204407955,-0.5140989965982684,-0.33834648686754,0.09582253027426302,-0.04124835889970546,0.22108092321835926,0.0904980326450402,0.2929006709114941,-0.1489882016535261,0.12624118221802738,0.02106457227044589,-0.0994612601078765,-0.5485896751885158,,0.12182932760516071,-0.001642085121290787,-0.08191581017754374,1
2023-04-11,2.0500000000000003,2.85,-162457.82400000002,14632.608999999968,0.10144311073523649,-0.3912398865084218,0.045822204185225424,0.05062241643773158,-0.5123221913945477,-0.3406842649508314,0.09574736760694291,-0.04121925537438431,0.22081493229106042,0.09042759543462187,0.2924324719704374,-0.13905143286085708,0.1261325646980953,0.021049989809054148,-0.08768221026504722,-0.5495672769347548,,0.12167572049960332,0.0017933930857496226,-0.07805181553196411,1
2023-04-12,2.08,2.87,-102897.06499999999,59506.56200000002,0.08308539569670015,-0.39875392097291174,0.04578949714292846,0.23803542861065785,-0.5105610990956708,-0.3220719934657228,0.09567227845549975,-0.04119017343936915,0.22054953482200879,0.0903572258381693,0.29196586971521543,-0.11990191346287171,0.12602407814707517,0.021035417584453153,-0.0967471347037955,-0.421172997063586,,0.12152251362857355,0.008453382914807156,-0.06055145412631209,1
2023-04-13,2.0699999999999994,2.8199999999999994,-102914.90199999999,59419.37700000002,0.08912490545732088,-0.3766517700861104,0.04575681516948804,0.23737798541046673,-0.5088154870992678,-0.3124274974357326,0.09559726271381708,-0.04116111307640968,0.22028472850521164,0.09028692376095093,0.29150085467194,-0.09737760196357692,0.1259157223104046,0.021020855589162668,-0.0869073580692299,-0.4128044989618668,,0.1213697049982114,0.016294598798138486,-0.05520626619577537,1
2023-04-14,2.0500000000000003,2.7499999999999996,-102846.989,59487.29000000001,0.10124818337570662,-0.34552338579375597,0.04572415824200293,0.23734790566810493,-0.5070851275259732,-0.32697784191908663,0.09552232027600915,-0.041132074267277274,0.22002051104753928,0.09021668910843728,0.2910374174462913,-0.11437977669361798,0.1258074969342602,0.021006303815708227,-0.07177907337371639,-0.42342460664999026,,0.12121729262967254,0.010301593228937238,-0.05319785086785473,1
2023-04-17,2.02,2.6699999999999995,-102850.048,59550.22300000001,0.11940670824626642,-0.3092906691364906,0.04569152633760032,0.23729782220577134,-0.5053697970997615,-0.3323719321601023,0.09544745103642027,-0.04110305699376149,0.21975688016863204,0.09014652178629845,0.29057554872265867,-0.129726936435705,0.12569940176555416,0.020991762256622026,-0.05275192841029837,-0.42674073066447593,,0.12106527455897809,0.004887891542433819,-0.04883718575165131,1
2023-04-18,2.01,2.6899999999999995,-102832.197,59625.62700000002,0.1253715041670116,-0.3177423791737638,0.04565891943343647,0.23729820268553192,-0.5036692770318387,-0.34068380621364724,0.09537265488962454,-0.04107406123767343,0.21949383360080832,0.09007642170040042,0.29011523926329197,-0.12325831949299582,0.12559143655193195,0.02097723090444159,-0.05363213042233232,-0.4323696895787019,,0.12091364883686438,0.007109760241960122,-0.04965021631799486,1
2023-04-19,2.0100000000000002,2.6699999999999995,-160256.414,-57359.349,0.12526392990287838,-0.3082064539043403,0.04562633750669609,-0.2536159938007152,-0.5019833529079749,-0.34889577214575085,0.09529793173042478,-0.041045086980843526,0.21923136908897356,0.09000638875680944,0.28965647990746746,-0.13040077589512922,0.12548360104176992,0.020962709751711106,-0.05034198214850285,-0.7324762257418147,,0.12076241352863765,0.004567801726837578,-0.094098254864638,1
2023-04-20,2.05,2.8499999999999996,-160238.99599999998,-57324.094,0.10081497495325054,-0.38627704072351965,0.045593780534592065,-0.2531288036717927,-0.5003118145791621,-0.3363836952193915,0.09522328145385162,-0.04101613420512196,0.21896948439052988,0.08993642286178871,0.2891992615706638,-0.12358527939851671,0.12537589498417212,0.02094819879098031,-0.08623358885921656,-0.721171327126086,,0.12061156671402842,0.006911175092273485,-0.10285620778432975,1
2023-04-21,2.0400000000000005,2.82,-160251.75999999998,-57404.77099999998,0.10683632498413065,-0.3726649717955719,0.04556124849436616,-0.25310676420310296,-0.4986544560554875,-0.3357527726432733,0.09514870395516395,-0.040987202892379004,0.21870817727528813,0.08986652392179795,0.28874357524374017,-0.13050364007728588,0.12526831812896688,0.020933698014805824,-0.07937165183569458,-0.719658950269773,,0.12046110648704778,0.0044477467225301,-0.10097789946103286,1
2023-04-24,2.0399999999999996,2.8699999999999997,-160270.275,-57420.227,0.10674952746530564,-0.39300161823955115,0.04552874136328788,-0.25282383874914316,-0.4970110754031193,-0.3351245211016092,0.09507419912984627,-0.040958293024505155,0.2184474455253771,0.08979669184349581,0.28828941199214286,-0.1264416754412001,0.12516087022670508,0.020919207415749375,-0.08652960936199956,-0.7180005653726449,,0.1203110309558467,0.005827480399651553,-0.10270708781558717,1
2023-04-25,2.0900000000000003,2.9899999999999998,-160237.139,-57404.941999999995,0.0760438284784668,-0.44106971889378555,0.045496259118655846,-0.25241867179659605,-0.4953814746442976,-0.2922797555160336,0.09499976687361089,-0.04092940458341121,0.21818728693515754,0.0897269265337346,0.2878367629551024,-0.14130118921752077,0.125053551028657,0.02090472698637913,-0.1141101839097648,-0.6825038922773631,,0.12016133824257556,0.0005847447298114204,-0.1064805927444183,1
2023-04-26,2.11,2.9599999999999995,-285418.793,-125162.37900000002,0.06368613621668251,-0.4278595280679699,0.04546380173779663,-0.49769504501921,-0.4937654596602371,-0.294873859690172,0.09492540708239439,-0.040900537551026295,0.21792769931113432,0.08965722789956265,0.2873856193448565,-0.13055670589410762,0.12494636028681039,0.02089025671926903,-0.11382154662661159,-0.8307753905598059,,0.12001202648324677,0.004303456053226679,-0.1281142475431587,1
2023-04-27,2.07,2.9,-285413.158,-125174.16200000001,0.08823245629068066,-0.4022724400110528,0.04543136919806501,-0.49610574760868453,-0.49216284009684197,-0.3156269011790822,0.09485111965235804,-0.040871691909299956,0.2176686804718697,0.08958759584822329,0.2869359724458711,-0.13436324590062032,0.12483929775386526,0.020875796606999675,-0.09628458354271073,-0.8454626735665816,,0.1198630938275973,0.002929357130735633,-0.1252995990712908,1
2023-04-28,2.0799999999999996,2.9899999999999998,-285464.711,-125212.95100000003,0.08202129216902332,-0.4377631032975853,0.04539896147684397,-0.49461572079394556,-0.49057342927314507,-0.3330157764752707,0.09477690447988851,-0.04084286764020273,0.21741022824789935,0.08951803028715588,0.2864878136140845,-0.12672597586845258,0.12473236318323466,0.020861346642156775,-0.11088994545194349,-0.857526111220471,,0.11971453843895592,0.005560639552820762,-0.1311331697759916,1
2023-05-01,2.0600000000000005,2.84,-285379.098,-125108.823,0.09424526815274237,-0.3750926552122491,0.04536657855154491,-0.49268251733878143,-0.48899704409237854,-0.31747139700795235,0.06484732889696065,0.09844729454450851,0.20713141417749426,0.08203338858444553,0.3066871064228489,-0.13464170207040038,0.12462555632903927,0.020846906817332922,-0.08468661190536388,-0.8429848544650579,,0.1447408163621856,0.0027484210357234863,-0.11525624449546293,1
2023-05-02,2.1599999999999997,2.9899999999999998,-285406.362,-125169.22300000003,0.03248175282197541,-0.43574972031748327,0.04533422039960677,-0.4912894591584417,-0.4874335049555937,-0.3109001704527098,0.06479986390020387,0.09836954467750858,0.20689522898901536,0.08197081677343365,0.3061702323599089,-0.1406415823169498,0.12451887694610608,0.02083247712512626,-0.12754352250354573,-0.835953914830589,,0.14456957280223787,0.0006067962577425813,-0.1274227313364312,1
2023-05-03,2.2,3.05,-262970.228,22448.565000000002,0.0076669500336630225,-0.4580699610370158,0.045301886998497354,0.08663495028169388,-0.48588263567774603,-0.30432845621746074,0.06475243786857221,0.09829187210718149,0.2066595263811002,0.08190830210707234,0.3056552545340445,-0.12262563220862766,0.12441232478996556,0.020818057558140923,-0.14405048775162427,-0.48301137621159984,,0.14439876197943344,0.006870759670910542,-0.07853654831173229,1
2023-05-04,2.24,3.0199999999999996,-262954.40499999997,22458.753000000026,-0.01715721869996123,-0.4450831488978353,0.045269578325711324,0.08661127465529694,-0.5135776012947126,-0.26395019010923504,0.06470505076081356,0.09821427671908056,0.20642430464144224,0.081845844511653,0.30514216086144685,-0.1196919255602229,0.12430589961684846,0.020803648108986827,-0.1482032551615154,-0.46733994807103746,,0.1442283816342768,0.007855985352514994,-0.0773264755476638,1
2023-05-05,2.1999999999999997,2.9499999999999997,-262919.421,22545.290000000037,0.00769065585107942,-0.4160420128989494,0.045237294358772884,0.08690839107521087,-0.5118056718816208,-0.29434133110528393,0.06465770253574021,0.0981367583990147,0.20618956206649086,0.08178344391360626,0.30463093936710695,-0.10142055577319498,0.1241996011836839,0.020789248770280322,-0.1293517866591226,-0.49041143336807314,,0.144058429525731,0.014209440524755219,-0.07422122754280172,1
2023-05-08,2.1999999999999997,2.8699999999999997,-262929.607,22449.49099999998,0.007685333479408474,-0.3822184361805435,0.045205035075232436,0.08643898191691468,-0.5100493819985159,-0.293870918216387,0.06461039315222772,0.09805931703304727,0.2059552969613947,0.08172110023950308,0.30412157818355223,-0.1021211066711536,0.12409342924809574,0.020774859534643753,-0.11752507542282753,-0.48926297462207036,,0.14388890343101454,0.013922770762322878,-0.07058632734805674,1
2023-05-09,2.2100000000000004,2.86,-262934.87,22471.492000000027,0.0014621192649126868,-0.3771962583589068,0.04517280045266969,0.08646525643567982,-0.508308500546059,-0.29340210909768627,0.06456312256921448,0.09798195250749586,0.20572150763994457,0.08165881341605985,0.3036140655496107,-0.11122273534967098,0.12398738356840133,0.020760480394704794,-0.11795510854709701,-0.48782763374437654,,0.1437198011454034,0.010695770994967064,-0.07102636169018968,1
2023-05-10,2.2600000000000002,2.9599999999999995,-191396.132,71574.09599999999,-0.029641679646529306,-0.41731949250633815,0.04514059046869079,0.2863766724790999,-0.5065828011095759,-0.2898853916097449,0.06451589074570196,0.09790466470893078,0.20548819242451444,0.08159658337013331,0.3031083898091842,-0.10233187565092727,0.1238814639036081,0.020746111343097784,-0.14289423311289637,-0.3640319904660815,,0.14355112048203195,0.013766189291367624,-0.05952035998956799,1
2023-05-11,2.2499999999999996,2.9599999999999995,-191405.226,71549.17899999997,-0.02339885368790673,-0.41626596049569486,0.04510840510093117,0.28583591021344956,-0.5048720618405377,-0.2985600910668137,0.06446869764075469,0.09782745352417477,0.20525534964600767,0.08153441002872008,0.30260453941004717,-0.11869146859815338,0.12377567001341072,0.02073175237246283,-0.1403501634339812,-0.37026976382970384,,0.1433828592717004,0.007998996207078918,-0.06059994935566299,1
2023-05-12,2.21,2.8899999999999997,-191392.182,71527.23899999997,0.0015365258192543418,-0.38675121718168826,0.045076244327052706,0.2853084666269792,-0.5031760653415638,-0.3041305617701534,0.06442154321349935,0.09775031884030283,0.2050229776437995,0.08147229331895978,0.3021025029026563,-0.1310292313404119,0.12367000165818931,0.020717403475445817,-0.12130226867873604,-0.3740250086448735,,0.1432150153626828,0.0036394906538558423,-0.05614475446160276,1
2023-05-15,2.2699999999999996,2.8499999999999996,-191383.91,71545.69700000001,-0.035859713932504644,-0.36925836134216794,0.04504410812474546,0.28493961103149656,-0.5014945985548243,-0.2945338272591239,0.06437442742312594,0.09767326054463998,0.2047910747656818,0.08141023316812945,0.301602268938975,-0.1232971973551199,0.12356445859900611,0.0207030646446984,-0.12827809390871175,-0.3655600543212958,,0.1430475866205368,0.006304460828769692,-0.05660987054135824,1
2023-05-16,2.2800000000000002,2.8099999999999996,-191366.19700000001,71568.67299999998,-0.042064034961105445,-0.3516134211862859,0.04501199647172682,0.28458949536142586,-0.4998274526537346,-0.30315469672862483,0.06432735022888725,0.09759627852476194,0.2045596393678082,0.08134822950364984,0.3011038262713235,-0.12369132261393623,0.12345904059760349,0.020688735872878894,-0.12428351071006892,-0.3716665317582851,,0.1428805709279194,0.006125322056147208,-0.05639609193636151,1
2023-05-17,2.2600000000000002,2.78,-109976.91600000001,81419.216,-0.02956366973583313,-0.33811312620743517,0.044979909345742364,0.3219170838126362,-0.4981744229378323,-0.3116883277103969,0.0642803115900974,0.09751937266849398,0.20432866981463937,0.08128628225307777,0.3006071637512342,-0.13956010812685093,0.12335374741640126,0.020674417152650726,-0.1151929057764212,-0.3551050656434352,,0.14271396618440063,0.0005300988971378325,-0.05206562519877082,1
2023-05-18,2.1999999999999997,2.7399999999999998,-110001.50600000001,81403.71999999999,0.007935132642743481,-0.32020732264356644,0.04494784672456431,0.32128645678746115,-0.49653530873072926,-0.3231111942110635,0.06423331146613331,0.09744254286390941,0.2040981644788884,0.08122439134411197,0.3001122703283303,-0.1571352741302079,0.12324857881849383,0.020660108476683536,-0.09581091248291874,-0.3636382665348117,,0.1425477703062836,-0.005662310816094861,-0.04850141777094071,1
2023-05-19,2.1799999999999997,2.6899999999999995,-110039.96,81352.222,0.02043122691394572,-0.2977497323081755,0.04491580858599331,0.3205221327761312,-0.4949099132810414,-0.3195560695207962,0.06418634981643412,0.09736578899933002,0.20386812174146707,0.0811625567045875,0.29961913504921456,-0.1454691143870389,0.1231435345676477,0.020645809837653628,-0.08358673431218241,-0.3602775239195831,,0.14238198122642426,-0.001620209985490833,-0.04376518507280975,1
2023-05-22,2.19,2.6699999999999995,-110038.551,81345.359,0.014162491571051428,-0.2884162894214025,0.044883794907856434,0.31992964853780337,-0.4932980436661957,-0.31600870778170653,0.06413942660050043,0.09728911096332427,0.20363853999143355,0.08110077826248241,0.2991277470563811,-0.15681771559381597,0.12303861442830022,0.020631521228241745,-0.08252369077526595,-0.3568280033024006,,0.14221659689405644,-0.005633229039457986,-0.04357214286034446,1
2023-05-23,2.1899999999999995,2.6899999999999995,-110019.929,81346.26800000001,0.014152669953999553,-0.29681200171947664,0.04485180566800895,0.319368879825356,-0.4916995106990226,-0.3124688510192123,0.06409254177789481,0.09721250864470732,0.20340941762593845,0.08103905594590732,0.2986380955871326,-0.1652040691046095,0.12293381816555482,0.020617242641135958,-0.08547522441751429,-0.3533734593395698,,0.14205161527461546,-0.008609415036328349,-0.04442709466298514,1
2023-05-24,2.18,2.6599999999999997,-55766.454000000005,54210.46200000001,0.020406007717501007,-0.2830385098933057,0.04481984084433277,0.21266537101971905,-0.49011412883704153,-0.31790868560972274,0.06404569530824222,0.09713598193254014,0.2031807530501717,0.08097738968311496,0.29815016997251687,-0.17070387575617274,0.12282914554518087,0.020602974069029445,-0.0784754235082318,-0.4207962031781717,,0.14188703434956737,-0.010575263353138319,-0.05277658844477419,1
2023-05-25,2.0999999999999996,2.74,-55713.383,54288.12300000001,0.07042933008352859,-0.31778646304245484,0.04478790041473757,0.21273064298223576,-0.48854171609435193,-0.3439118141094396,0.06399888715122826,0.09705953071612883,0.20295254467731216,0.08091577940249195,0.29766395963627934,-0.18388196507383503,0.12272459633360899,0.02058871550462138,-0.07313862641120292,-0.44061609515482136,,0.14172285211623853,-0.015228464407692696,-0.05488755882867834,1
2023-05-26,2.1000000000000005,2.7700000000000005,-55705.426,54334.53400000001,0.07037693676923662,-0.33019668819989756,0.04475598435716033,0.21266992184772326,-0.4869820939560462,-0.36351823865466926,0.06395211726660044,0.09698315488502351,0.20272479092847484,0.08085422503256656,0.2971794540938306,-0.176004420364953,0.12262017029793104,0.020574466940617153,-0.07751011769358322,-0.4554018941887291,,0.14155906658764927,-0.01251214744127254,-0.05805037490566289,1
2023-05-29,2.1000000000000005,2.7700000000000005,-55705.426,54333.12500000001,0.07032458834457644,-0.3295882557731057,0.04472409264956467,0.2124166568170618,-0.4854350872950616,-0.3627643856093431,0.06390538561416714,0.09690685432901747,0.20249749023265995,0.08079272650199965,0.2966966429512212,-0.17582500903201093,0.12251586720589525,0.020560228369727707,-0.07732505580511584,-0.4540225667742744,,0.14139567579234685,-0.012490131128222176,-0.057825502478822524,1
2023-05-30,2.14,2.8800000000000003,-55716.224,54303.705,0.04523466927828501,-0.3754060892388845,0.04469222526994154,0.21205100310335356,-0.4839005242913934,-0.3705905865944725,0.06385869215379891,0.09683062893814798,0.20227064102670123,0.08073128373959304,0.29621551590413886,-0.172876226104409,0.12241168682590553,0.020545999784669755,-0.10215232940522735,-0.45958218198840195,,0.14123267777424434,-0.011498788812075287,-0.06599967499807868,1
2023-05-31,2.1599999999999997,2.93,-42823.005,12943.449000000008,0.032651074416745196,-0.3950750957974718,0.04466038219630941,0.04025501188298808,-0.4823782363535938,-0.3669511937836599,0.0638120368454258,0.09675447860269326,0.20204424175521707,0.08066989667427915,0.2957360627369141,-0.18771273252708676,0.12230762892701774,0.1771054906792473,-0.11345029282436148,-0.5588348897092914,,0.1410700705924574,0.030239860943750037,-0.0780568245140253,1
2023-06-01,2.15,3.18,-42728.201,12985.182,0.03890966841678134,-0.4903709582740773,0.044628563406713395,0.040402923691964965,-0.48086805804248023,-0.3547095004203057,0.043845091088253074,-0.04447573221380696,0.26138911675503484,0.01407138544079567,0.3040775755840064,-0.15394135129452502,0.12220369327893899,0.17692521456585997,-0.14462288242803956,-0.5480466809465536,,0.10856598846726587,0.04196938406430288,-0.092156962143933,1
2023-06-02,2.11,3.1,-42710.248,12995.178,0.06398841543274014,-0.4591803197068103,0.04459676887922548,0.04041668941183807,-0.47936982699698716,-0.37964157565537493,0.04381405380083647,-0.04444422239665946,0.2610212226134905,0.014061628080386024,0.3035702944175298,-0.15216752716037474,0.12209987965202296,0.17674524082500276,-0.1249381358321569,-0.5670851430753894,,0.10840270097880979,0.042499895619577704,-0.08906855262331638,1
2023-06-05,2.1,3.1,-42699.563,13005.862999999998,0.07021028942328855,-0.45784630360020573,0.04456499859194496,0.04043338763066018,-0.47788338386208784,-0.36748445874210234,0.04378303975385167,-0.04441273622921671,0.2606543736735869,0.014051877603050933,0.30306484852137094,-0.15202132774648291,0.12199618781726973,0.17656556858773076,-0.1223031053843375,-0.5564575647325385,,0.10823993359824838,0.04246087160109461,-0.08673045218545573,1
2023-06-06,2.08,3.09,-42702.784,13013.440000000002,0.08268624871055841,-0.4527455992244057,0.04453325252299756,0.04043694853552737,-0.47640857221872435,-0.3780308026663315,0.043752048927202525,-0.04438127369091227,0.26028856475525086,0.01404213400369314,0.30256122635834326,-0.15066125901874605,0.12189261754632197,0.17638619698873792,-0.11616079692294728,-0.5640076163429834,,0.10807768338566504,0.04284683458127295,-0.08600293549472447,1
2023-06-07,2.0599999999999996,3.0,-38528.231,4294.773999999998,0.09513214711001661,-0.41673667487097543,0.0445015306505363,0.0034404502897673606,-0.4749452385156795,-0.36588860072026874,0.043721081300815534,-0.04434983476120413,0.2599237907149359,0.0140323972772185,0.30205941649376533,-0.14635279004481327,0.12178916861146272,0.17620712516633819,-0.09921112552117468,-0.5756137535117622,,0.10791594742504193,0.04426487004822876,-0.08248668331962195,1
2023-06-08,2.07,2.98,-38508.473000000005,4219.7279999999955,0.08880257174831385,-0.4077947405558945,0.04446983295274087,0.003119469729603752,-0.47349323200333115,-0.3707939790950019,0.04369013685464096,-0.044318419419573596,0.2595600464452914,0.014022667418535972,0.301559407594294,-0.1355545963144975,0.12168584078561406,0.17602835226244462,-0.09830630919683095,-0.578859440640238,,0.1077547228240082,0.047954441243624184,-0.0821889619625393,1
2023-06-09,2.05,2.96,-38494.327000000005,4215.920999999995,0.10124310551548721,-0.398846246685148,0.04443815940781759,0.0031011495427450964,-0.47205240466922693,-0.38405236197453574,0.043659215568651044,-0.04428702764552617,0.259197326874834,0.014012944422558515,0.3010611884267682,-0.1302696617296759,0.12158263384233337,0.17584987742255165,-0.090829651587036,-0.5886126426555177,,0.1075940067135894,0.049714503466195596,-0.08118511467611178,1
2023-06-12,2.1,2.98,-38493.545000000006,4206.017999999996,0.06981708348558024,-0.40585206184823275,0.04440650999399942,0.0030569141258067756,-0.4706226111754267,-0.37759876913053325,0.04362831742284179,-0.044255659418590554,0.25883562696762374,0.014003228284204638,0.3005647478570719,-0.13778967222276917,0.1214795475558117,0.1756716997957135,-0.10429028942872855,-0.5826184335341986,,0.10743379624796229,0.04699296630527894,-0.08477245785096595,1
2023-06-13,2.0,2.87,-38441.195,4261.589,0.13228934740497178,-0.3604039327755013,0.0443748846895462,0.0032912296030269683,-0.46920370879755124,-0.37957532293348384,0.0435974423972314,-0.044224314718319335,0.2584749417229437,0.013993518998397514,0.30007007484901327,-0.12099937822258156,0.1213765817008714,0.17549381853452717,-0.06652763947282148,-0.5832077458635017,,0.10727408860421128,0.052780166777759596,-0.07270390655365493,1
2023-06-14,1.9399999999999995,2.88,-95838.78199999999,-57310.55099999999,0.16922478081857073,-0.36377720931820134,0.04434328347274463,-0.2530347957833633,-0.46779555736549006,-0.4008787612886684,0.04356659047186118,-0.04419299352428807,0.2581152661749819,0.013983816560062978,0.299577158463219,-0.10541620860156709,0.1212737360529641,0.17531623279511166,-0.05479036493304732,-0.7532012209202468,,0.10711488098208846,0.05814500444652245,-0.09391682170545074,1
2023-06-15,2.02,2.97,-95721.817,-57213.34399999999,0.119542818306561,-0.39938398814998277,0.044311706321907174,-0.2523036516066065,-0.46526520541816296,-0.39718774460596884,0.04353576162679529,-0.04416169581609697,0.2577565953925183,0.013974120964132197,0.29908598785604257,-0.09692909034697683,0.12117101038816758,0.17513894173708966,-0.08465089754862545,-0.7482915098996368,,0.10695617060377674,0.061026354535543656,-0.10174599991825742,1
2023-06-16,1.9600000000000004,2.9200000000000004,-95741.233,-57246.90599999999,0.15667005997276062,-0.37839228919482315,0.04428015321537382,-0.252094569277758,-0.46501891104672377,-0.40445499245745675,0.04350495584212033,-0.04413042157336877,0.257398924478615,0.013964432205540556,0.2985965522784877,-0.09182542952607331,0.12106840448318446,0.17496194452356972,-0.06431873426310973,-0.7538320821606544,,0.10679795471365643,0.06272362459205981,-0.096262400235808,1
2023-06-19,1.9600000000000004,2.9200000000000004,-95741.233,-57247.68799999999,0.1565210373964716,-0.3775596139165245,0.04424862413151054,-0.25175565902212194,-0.4636421370243854,-0.4034839930289388,0.04347417309794621,-0.044099170775749874,0.257042248570309,0.013954750279226547,0.29810884107514846,-0.09175375115417139,0.12096591811533886,0.1747852403211252,-0.06408891454256535,-0.7520258720510555,,0.10664023057807415,0.06265983053274617,-0.09597152294599748,1
2023-06-20,1.9500000000000002,2.95,-95719.166,-57277.971,0.1625411877657934,-0.3887968083777903,0.044217119048709064,-0.25153503512532793,-0.4611442577349749,-0.40523408523289794,0.043443413374404605,-0.044067943402910315,0.25668656283830815,0.013945075180134658,0.2976228436831614,-0.11121302199807126,0.12086355106257529,0.17460882829977797,-0.0659243314995862,-0.7517948439025001,,0.10648299548511497,0.0557603336625098,-0.09756172711459564,1
2023-06-21,1.9599999999999995,2.97,-270525.042,-174686.26,0.15621164718369918,-0.3958742376182399,0.04418563794538888,-0.6362675547065897,-0.45979608901593627,-0.4096653635314711,0.04341267665165072,-0.04403673943454334,0.25633186248669215,0.013935406903212932,0.29713854963117137,-0.10319569625909053,0.12076130310345512,0.17443270763297813,-0.07062621526847258,-0.9853704770586924,,0.10632624674437752,0.05847777468542104,-0.1336402082504381,1
2023-06-22,1.9400000000000004,2.87,-270482.651,-174760.83400000003,0.16839937854111864,-0.3545407349580727,0.044154180799994336,-0.6333777081593471,-0.4584577782269882,-0.41135510741010106,0.04338196290986196,-0.044005558850365945,0.25597814275261466,0.013925745443412518,0.29665594853831867,-0.10417344262210093,0.12065917401715587,0.17425687749758723,-0.05190322050593563,-0.9841853777598821,,0.10616998168675215,0.05804706923754539,-0.12794921700844314,1
2023-06-23,1.96,2.9299999999999997,-270457.32,-174716.087,0.15589103346077127,-0.3782416747078723,0.044122747590997324,-0.6302271700592104,-0.4571292033133867,-0.4103435226237627,0.04335127212923817,-0.043974401630117566,0.25562539890601066,0.013916090795690783,0.29617503011322865,-0.11899648855476652,0.1205571635834668,0.1740813370738592,-0.06458590015918617,-0.9806886421225685,,0.10601419766420186,0.052770637382202855,-0.1320599213427602,1
2023-06-26,1.98,2.9499999999999997,-270448.967,-174707.734,0.1433455054631907,-0.38542883253415805,0.04409133829689571,-0.6272066135182184,-0.45581024431558725,-0.39853751322473974,0.04332060429000162,-0.04394326775356172,0.25527362624930494,0.013906442955007092,0.29569578415302344,-0.11604744248838383,0.12045527158278913,0.17390608554542197,-0.07150176298576985,-0.9686401252800751,,0.10585889204954504,0.05371456584666844,-0.1322246397983557,1
2023-06-27,1.94,2.9,-270439.038,-174719.872,0.16797244296235303,-0.36440834204820793,0.04405995289621312,-0.6242746236333512,-0.4545007833237448,-0.4083971522977673,0.04328995937239766,-0.043912157200484914,0.2549228201171245,0.013896801916327028,0.29521820054234493,-0.10913750418143053,0.1203534977961318,0.17373112209926012,-0.05553457881118528,-0.9739829660124713,,0.10570406223624282,0.056044934394923474,-0.127925062826927,1
2023-06-28,1.96,2.96,-384175.297,-113650.255,0.15544748352031923,-0.38777703090018845,0.04402859136749937,-0.44406587747603454,-0.4532007044333969,-0.4154210524709485,0.043259337356693406,-0.04388106995069663,0.25457297587601735,0.013887167674619283,0.29474226925238556,-0.12570605379842226,0.12025184200511085,0.1735564459256964,-0.06810676417270442,-0.8706967911224177,,0.10554970563818736,0.05015795965004993,-0.11712542756311964,1
2023-06-29,1.9199999999999995,2.86,-384164.77,-113682.119,0.17997491869811766,-0.3464044464093453,0.04399725368933094,-0.44294987955188236,-0.45190989370229473,-0.41969146357782106,0.04322873822317885,-0.04385000598402977,0.2542240889241669,0.013877540224855878,0.2942679803399446,-0.13267484751180936,0.1201503039919456,0.173382056218375,-0.045051158592130394,-0.8726690348147631,,0.1053958196894938,0.047631026633560176,-0.1109220938824461,1
2023-06-30,1.8800000000000003,2.9,-384264.405,-113807.08500000002,0.20424132089592173,-0.3620915398532958,0.04396593984030939,-0.44214832914747604,-0.4517556167705594,-0.42914935997601367,0.043198161952166414,-0.043818965280339905,0.25387615469111613,0.013867919562015052,0.2937953239464812,-0.12631871759762736,0.12004888353945775,0.0022395298662494234,-0.042057794682988106,-0.8796618555316322,,0.10524240184429438,-0.0015225829604845365,-0.11848440371764032,1
2023-07-03,1.85,2.85,-384139.72500000003,-113690.75800000003,0.22218567502434805,-0.3408551713682617,0.04393464979906381,-0.4405569246778719,-0.45047506201567444,-0.4332408774110952,0.04316760852399004,-0.04378794781950601,0.25352916863749364,0.013858305681079708,0.2933242902971951,-0.12062229190471596,0.11994758043106901,0.002237989885292002,-0.028353928780650635,-0.8812118939450039,,0.10508944957653601,0.00043524794981116834,-0.1143503131393401,1
2023-07-04,1.85,2.85,-384139.72500000003,-113700.68700000003,0.2219160460798617,-0.3402016207520101,0.04390338354424772,-0.4393922915097437,-0.44920354003031904,-0.432092559826884,0.04313707791900723,-0.04375695358143061,0.2531831262547384,0.013848698577033192,0.2928548697001072,-0.12052032868820517,0.11984639445079814,0.0022364509639765107,-0.02822893607197762,-0.8788315467855449,,0.1049369603797779,0.00043505830610049423,-0.11399391399856548,1
2023-07-05,1.83,2.76,-409009.749,-24834.45199999999,0.23368318133531307,-0.30184641835563675,0.043872141054541736,-0.1059011756708571,-0.44794094273133356,-0.40728203212604785,0.043106570117597,-0.04372598254603843,0.2528380230648335,0.013839098244866177,0.29238705254516284,-0.12555004566866812,0.11974532538325944,0.0022349131015726442,-0.010695490640750763,-0.6581308967421526,,0.10478493176699583,-0.0013611781694212455,-0.07593622548721235,1
2023-07-06,1.7999999999999998,2.76,-408996.944,-24832.174,0.2513058293930708,-0.30134722847007434,0.04384092230865133,-0.10580656104485175,-0.4466871638312493,-0.3928981191969865,0.043076085100160144,-0.04369503469327751,0.25249385462003726,0.013829504679573779,0.29192082930333707,-0.14311659081891015,0.11964437301366049,0.002233376297350098,-0.004362212984355844,-0.6458147302832498,,0.10463336127038458,-0.007545263342632352,-0.07315432262159291,1
2023-07-07,1.8100000000000005,2.75,-408964.99100000004,-24700.58600000001,0.24500941953157107,-0.29659708026665277,0.04380972728530885,-0.10518666356720385,-0.4454420988004849,-0.37569234057588163,0.04304562284712099,-0.04366411000311887,0.2521506165026215,0.013819917876153553,0.29145619052576,-0.11504569008924015,0.11954353712779997,0.002231840550579456,-0.0049127630716859355,-0.6309311298813185,,0.10448224644116587,0.002243798628669774,-0.06965636699911162,1
2023-07-10,1.8600000000000003,2.8,-408954.66900000005,-24814.944000000018,0.2146258945344255,-0.31725516441027934,0.04377855596327174,-0.10556694340361805,-0.4430812450629904,-0.3638786560879739,0.043015183338924734,-0.043633208455556294,0.25180830432461,0.013810337829609498,0.2909931268428487,-0.11036795441512182,0.11944281751206565,0.002230305860531523,-0.022786677667567326,-0.6202918379503441,,0.10433158484939703,0.0038452938420897973,-0.0732200887041591,1
2023-07-11,1.8399999999999999,2.8199999999999994,-408918.484,-24778.75899999996,0.22645398638247194,-0.3250643600342996,0.04374740832132318,-0.1053347422076083,-0.44298490996797646,-0.376852108565747,0.042984766556039444,-0.04360233003060621,0.2514669137275194,0.013800764534945387,0.29053162896345386,-0.10193476471593954,0.11934221395343192,0.002228772226477771,-0.02138940828174273,-0.6304734781579484,,0.10418137408378217,0.006761238901065663,-0.0739283148521097,1
2023-07-12,1.8800000000000003,2.9499999999999997,-507860.223,-98850.47399999999,0.2019386561397134,-0.3775322163187844,0.04371628433827257,-0.3883483620244358,-0.4417653271949471,-0.36781706605800946,0.04295437247895517,-0.04357147470830791,0.2511264403821054,0.013791197987175208,0.2900716876740159,-0.06014919541530428,0.11924172623945761,0.0022272396476903378,-0.04834286076119308,-0.7923218663780374,,0.10403161175148762,0.021350557682760767,-0.1041406515947775,1
2023-07-13,1.9100000000000001,3.2,-507807.50899999996,-98810.56499999994,0.18335793505756026,-0.4716758510760537,0.043685183992954624,-0.38732844006238043,-0.4405540575995732,-0.35876998680817784,0.042924001088183505,-0.04354064246872413,0.2507868799881108,0.013781638181311395,0.2896132938377294,-0.04269108594018722,0.11914135415828486,0.002225708123441361,-0.08780571540858631,-0.7837454880437145,,0.1038822954779558,0.02742530631336658,-0.11381916801263912,1
2023-07-14,1.87,3.13,-507780.854,-98815.86299999995,0.2076157631144968,-0.44465592001819265,0.0436541072642298,-0.3864711480326478,-0.43935100489791523,-0.3799604329037076,0.04289365236425913,-0.0435098332919398,0.25044822827401325,0.013772085112373045,0.2891564383937253,-0.03742033197303296,0.11904109749863534,0.002224177653004311,-0.06986782273702459,-0.7994616380813039,,0.10373342290672569,0.029234521229862122,-0.1105610586221422,1
2023-07-17,1.9,3.15,-507768.399,-98813.72999999992,0.18905798831028608,-0.4508141512312118,0.04362305413098411,-0.38559264284341344,-0.43815607435640047,-0.38453584379316896,0.04286332628773737,-0.04347904715806239,0.25011048099677935,0.013762538775385913,0.2887011123562575,-0.040476176769908,0.11894095604981003,0.0022226482356522137,-0.07852774078302878,-0.8018779053544235,,0.1035849916992525,0.028129467218661372,-0.11372434003045982,1
2023-07-18,1.8900000000000006,3.16,-507756.939,-98838.45500000002,0.1949804132920019,-0.45320958844284254,0.043592024572129295,-0.38481210570069846,-0.4369691727601466,-0.3863702722444683,0.04283302283919621,-0.04344828404722234,0.24977363394162033,0.0137529991653762,0.2882473068139024,-0.036599622182517444,0.11884092960168569,0.002221119870659205,-0.07730260393115543,-0.8021649848720817,,0.10343699953473043,0.029450793557906644,-0.11323865999279027,1
2023-07-19,1.87,3.21,-524593.252,-16733.02899999998,0.206973228775039,-0.4700195080705082,0.04356101856660177,-0.06920072714800629,-0.4357902083820623,-0.39886731000061215,0.042802741999236504,-0.04341754393957298,0.24943768292174884,0.013743466277375216,0.2877950129287705,-0.04884634846375968,0.11874101794471392,0.0022195925573000874,-0.07899789218343367,-0.6220884093185308,,0.10328944410991807,0.025129012085524007,-0.0874209162125016,1
2023-07-20,1.85,2.93,-524581.449,-16773.94000000006,0.21887991624338277,-0.36238188841698904,0.043530036093364366,-0.06931638049021116,-0.4346190909527039,-0.38725229297373853,0.04277248374847886,-0.0433868268152896,0.2491026237781404,0.01373394010641893,0.2873442219357234,-0.05834376553521803,0.11864122086991702,0.002218066294849441,-0.03716667943275288,-0.6121631172447399,,0.10314232313896493,0.021769529255599475,-0.07392346124345571,1
2023-07-21,1.8500000000000005,2.9400000000000004,-524631.2,-16850.34599999996,0.21861769606504722,-0.36562038782053063,0.04349907713140477,-0.06957679871887745,-0.4334557316308679,-0.3943921386194914,0.042742248067567656,-0.0433561326545705,0.24876845237929546,0.013724420647546198,0.28689492514160775,-0.0716060138511061,0.11854153816888946,0.0022165410825827347,-0.038401218974997764,-0.6173332291054403,,0.10299563435324136,0.017092395835998996,-0.07580758209460517,1
2023-07-24,1.8400000000000003,2.9200000000000004,-524631.315,-16862.91599999997,0.22440517256255643,-0.3568592289765723,0.043468141659736226,-0.06957668505169878,-0.43230004297489555,-0.3854663903233184,0.04271203493716813,-0.04332546143763605,0.24843516462100523,0.013714907895802764,0.2864471139244926,-0.06659223789395752,0.11844196963379194,0.0022150169197763248,-0.03331847724698468,-0.6094991490746113,,0.10284937550116968,0.018811911184874946,-0.07288628498226343,1
2023-07-25,1.8099999999999996,2.87,-524581.164,-16824.224999999977,0.24217379250761906,-0.3359195387810968,0.04343722965739749,-0.06936728054552177,-0.4311519389146722,-0.3819178214886496,0.04268184433796707,-0.04329481314472983,0.24810275642611956,0.01370540184623592,0.2860007797329214,-0.06823510017332524,0.1183425150573525,0.002213493805706568,-0.01977984229849797,-0.6058457888670361,,0.10270354434805684,0.018201643351121507,-0.06840468842992237,1
2023-07-26,1.8300000000000005,2.9200000000000004,-537103.389,-12510.136999999988,0.2298435880474594,-0.35549804047775124,0.043406341103452206,-0.05166746774394204,-0.4300113347243013,-0.3864293750501915,0.0426516762506739,-0.04326418775611707,0.24777122374431637,0.013695902493896517,0.28555591408516934,-0.06447918624969795,0.11824317423286246,0.0022119717396502647,-0.03095715601956648,-0.5981507815210992,,0.10255813867593029,0.019480987316002656,-0.07044808126765187,1
2023-07-27,1.7800000000000002,2.8,-537089.439,-12507.98999999999,0.25945110920261105,-0.305745405149526,0.043375475976989764,-0.051621675441744785,-0.456384706777451,-0.3694106758197955,0.042621530656019146,-0.043233585252086315,0.24744056255187563,0.013686409833843394,0.2851125085685149,-0.06957224523374161,0.1181439469541754,0.0022104507208848823,-0.0031903607883232935,-0.6003323699873538,,0.10241315628337572,0.01766323081841729,-0.06275419004099353,1
2023-07-28,1.7999999999999998,2.8499999999999996,-537083.8829999999,-12452.68299999996,0.24718575832848066,-0.3258853884408882,0.04334463425712376,-0.05135791874178708,-0.4550713462896845,-0.3713350608937567,0.04259140753475488,-0.04320300561294743,0.24711076885145333,0.013676923861134949,0.2846705548385158,-0.06545354549851845,0.11804483301570468,0.0022089307486889975,-0.014541480262205512,-0.6009256077338883,,0.1022685949853751,0.019069629855621877,-0.06607369201405783,1
2023-07-31,1.77,2.8399999999999994,-537174.7799999999,-12543.464999999967,0.264680247184518,-0.3211895845545488,0.04331381592299399,-0.051693678489340145,-0.45376741461356773,-0.37054278325749224,0.04256130686765536,-0.04317244881903348,0.246781838671859,0.013667444570837795,0.28423004461829926,-0.06679421967745758,0.11794583221242205,-0.013465525755827712,-0.006784123302612591,-0.5997108824677385,,0.10212445261314942,0.013863406660489252,-0.06438124520858382,1
2023-08-01,1.7700000000000005,2.76,-537093.21,-12512.045999999973,0.26430130615787806,-0.28734041290215195,0.043283020953764684,-0.05152765585819041,-0.4524727970232604,-0.35889389491576695,0.050606749177640964,-0.11544163167101784,0.2366185619270289,0.07465357194997013,0.2986004761359389,-0.095538267763143,0.11784694433985443,-0.013456241423230209,0.00492121892563354,-0.589515387661484,,0.09607096574740515,0.0037711643748799374,-0.062367526378449265,1
2023-08-02,1.8200000000000003,2.7299999999999995,-511022.42199999996,26080.967000000004,0.2341123435457897,-0.2742192562674436,0.04325224932862559,0.10704386443996383,-0.45118738072976794,-0.3389184205507273,0.050570585435399495,-0.11534604268738147,0.23631621996815433,0.07459757236783426,0.2981128688189434,-0.11661203272366383,0.11774816919408382,-0.01344696353065078,-0.0010617446539911875,-0.4776208462144643,,0.09593274414512352,-0.003636441294548237,-0.04852393048626835,1
2023-08-03,1.8399999999999999,2.7,-511029.00999999995,26060.429000000062,0.22175550324221427,-0.2610399352858048,0.04322150102679112,0.10687363877701572,-0.44991105483953997,-0.3102778025632196,0.05053444950048869,-0.11525055969460685,0.23601461995869077,0.07454162180779789,0.2976269744103719,-0.12678901777564167,0.11764950657174333,-0.01343769207354184,-0.000783100907219357,-0.4540446916880902,,0.09579494171112574,-0.007230136543426968,-0.045477419079111944,1
2023-08-04,1.9000000000000004,2.8500000000000005,-511046.04,26037.842999999935,0.18489057095156158,-0.3235119343836914,0.04319077602750099,0.10669519360788993,-0.44864371031413053,-0.31821118117957725,0.05049834134731879,-0.11515518250861101,0.23571375872266453,0.07448572021117572,0.2971427824476147,-0.10470416816062755,0.11755095627001655,-0.013428427047360247,-0.03556024439299514,-0.45973805496740616,,0.09565755616313876,0.00046784772407807394,-0.05564421536361307,1
2023-08-07,1.9000000000000004,2.8100000000000005,-511062.81899999996,26111.960999999952,0.18469590355183918,-0.30643447600103646,0.043160074310019336,0.10691128708338238,-0.4473852399308861,-0.3006837725051211,0.050462260950332016,-0.11505991094579093,0.2354136331035417,0.07442986751939018,0.2966602825584528,-0.11456776131910706,0.11745251808663504,-0.013419168447565855,-0.029660478064213246,-0.44483138971259917,,0.09552058523689576,-0.003016085665634965,-0.052195118416775134,1
2023-08-08,1.9300000000000006,2.880000000000001,-511030.587,26062.622999999963,0.1659814895423215,-0.3346552437386747,0.043129395853635843,0.10662352988559975,-0.44613553824463525,-0.31434695507452604,0.05042620828400346,-0.11496474482302255,0.235114239964076,0.07437406367396604,0.2961794644600526,-0.1358290183082438,0.11735419181987639,-0.01340991626962218,-0.04609699521263287,-0.45518476907504213,,0.0953840266859494,-0.010489164151815243,-0.05983418187633111,1
2023-08-09,1.92,2.9000000000000004,-438182.278,72840.14399999997,0.17200862402717254,-0.34212358774871643,0.04309874063766417,0.29124724263307256,-0.4448945015503458,-0.3333793846899371,0.050390183322840176,-0.11486968395765818,0.23481557618615656,0.07431830861653288,0.295700317957978,-0.12943464948657302,0.11725597726856285,-0.013400670508995627,-0.04661061511124111,-0.35889186310231364,,0.09524787828148897,-0.008282736429002246,-0.045247404892697476,1
2023-08-10,1.8900000000000006,2.87,-438145.656,72883.35399999993,0.1903285039803293,-0.32930505244499275,0.043068108641443725,0.29095000474460186,-0.4436620278467256,-0.31600302981801676,0.05035418604138142,-0.11477472816752599,0.2345176386706571,0.07426260228882353,0.29522283294521,-0.11717600368409242,0.1171578742320587,-0.013391431161156375,-0.03572135937019909,-0.3444296377156877,,0.09511213781215797,-0.004023774656558715,-0.03920638521385719,1
2023-08-11,1.87,2.8,-438158.995,72887.04499999998,0.2023806758091089,-0.2998951413902333,0.043037499844338356,0.2905047867798296,-0.44243801680073624,-0.31545427188854347,0.05031821641419865,-0.1146798772709271,0.23422042433728674,0.07420694463267496,0.29474699940118976,-0.13498226235894173,0.117059882510268,-0.013382198221577934,-0.02121881300009204,-0.34352335552337876,,0.09497680308387663,-0.010287492413509186,-0.03569307031959165,1
2023-08-14,1.8399999999999999,2.7699999999999996,-438185.07,72877.74899999995,0.22042074346633433,-0.28687912114980485,0.043006914225736326,0.29001210485964934,-0.44122236971299533,-0.32610121791984814,0.0502822744158955,-0.11458513108663482,0.23392393012444335,0.07415133559002607,0.29427280739086314,-0.15181356039689142,0.11696200190363393,-0.013372971685737034,-0.010358357921493783,-0.3516071332478861,,0.09484187191966431,-0.016209936978361233,-0.03456959993046915,1
2023-08-15,1.8600000000000003,2.75,-438129.543,72901.044,0.20799044828891255,-0.2780250431083605,0.042976351765050325,0.28964392145031304,-0.4400149894840393,-0.3086904682088404,0.05024636002110716,-0.11449048943389295,0.23362815298906647,0.07409577510292209,0.2938002470637455,-0.1569876381392279,0.11686423221313635,-0.013363751549113512,-0.011619202657291687,-0.33717501538730804,,0.09470734215946564,-0.01805231753886609,-0.03309302519624722,1
2023-08-16,1.8399999999999999,2.6799999999999997,-429445.99799999996,8736.280000000028,0.21991994825412786,-0.2478413208176803,0.04294581244171902,0.03324761356116035,-0.43881578058142456,-0.3025167803428128,0.05021047320450167,-0.1143959521324136,0.23333308990649382,0.07404026311350775,0.29332930865299556,-0.16223053533429277,0.11676657324028894,-0.01335453780719087,0.0031112633352723563,-0.4853543244864088,,0.09457321165997792,-0.0199187480750586,-0.05121427896864392,1
2023-08-17,1.87,2.79,-429443.393,8702.263000000035,0.20137279717984446,-0.2940502173610291,0.04291529623520396,0.03308408399890017,-0.43762464900764164,-0.2877917389295098,0.050174613940777935,-0.11430151900237617,0.2330387378703156,0.07398479956403037,0.2928599824745053,-0.16846649772269895,0.1166690247871387,-0.013345330455456272,-0.019562508192853434,-0.47295773014885273,,0.09443947829448106,-0.02213271466408297,-0.056522449606176126,1
2023-08-18,1.8900000000000006,2.83,-429468.474,8690.521000000008,0.18887283522998022,-0.31016466558609856,0.042884803124992654,0.03301249286556662,-0.43644150226881795,-0.29305003222009807,0.05013878220466794,-0.1142071898644258,0.23274509389223552,0.07392938439684138,0.2923922589259975,-0.16481767337000408,0.11657158665626333,-0.013336129489399773,-0.029586699687143628,-0.47649743141802925,,0.09430613995267062,-0.020886969196629197,-0.05990713501017421,1
2023-08-21,1.88,2.75,-429474.061,8711.00900000002,0.1948183804876471,-0.2762811551100831,0.04285433309059594,0.03307400550460993,-0.43526624934418956,-0.2840160845411297,0.05010297797093455,-0.11411296453967201,0.2324521550019274,0.07387401755439149,0.2919261284861363,-0.16581419311761558,0.11647425865076944,-0.013326934904514753,-0.01565567119067382,-0.46852821393665156,,0.09417319454049015,-0.021267057534750576,-0.054622693442789916,1
2023-08-22,1.8200000000000003,2.75,-429461.567,8667.976000000024,0.23115559511113593,-0.2758673603885836,0.04282388611155019,0.032873060418017186,-0.43409880065631656,-0.29783356152085383,0.05006720121437236,-0.11401884284968533,0.2321599182468974,0.0738186989792382,0.2914615817136519,-0.1615876328382061,0.11637704057429077,-0.013317746696297705,-0.0028019520136416346,-0.4790022933596627,,0.09404063997996989,-0.019819031301259674,-0.052153624308238375,1
2023-08-23,1.8299999999999992,2.8999999999999995,-407464.467,21981.53099999996,0.22481572485952483,-0.3373752097934716,0.04279346216741575,0.08773971847702788,-0.43293906804202453,-0.3198715963272335,0.0500314519098084,-0.11392482461649844,0.23186838069234628,0.07376342861403584,0.29099860924647647,-0.14909456784913533,0.11627993223098643,-0.01330856486024945,-0.026557781076656635,-0.4630168868007848,,0.0939084742090633,-0.01547769192442695,-0.05626440257951293,1
2023-08-24,1.7999999999999998,3.0,-407379.55700000003,22063.835999999952,0.24263763681036998,-0.3764341683515352,0.04276306123777718,0.08801043458702296,-0.43178696472404887,-0.31651285573317256,0.04999573003210034,-0.11383090966260234,0.23157753942103132,0.07370820640154152,0.2905372018008885,-0.1567435139034573,0.11618293342553865,-0.013299389391873584,-0.03399986766807467,-0.45947620266875355,,0.09377669518148801,-0.018186019984833605,-0.058405119903088464,1
2023-08-25,1.7599999999999998,2.9800000000000004,-407335.313,22133.160999999964,0.266182466873919,-0.36778238715626355,0.042732683302243224,0.08822772305482984,-0.43064240528336406,-0.32432925521084643,0.04996003555613848,-0.1137370978109461,0.23128739153313105,0.07365303228461295,0.29007735017067104,-0.16715384276489076,0.11608604396315148,-0.013290220286676258,-0.02274016710814762,-0.4649122135057977,,0.09364530086656807,-0.021860795666611622,-0.05642667629166366,1
2023-08-28,1.8199999999999994,3.0300000000000002,-407356.539,22117.521999999997,0.22988429546833422,-0.3864692804094061,0.042702328340447515,0.08809546245953048,-0.4295053056321765,-0.3237479553321899,0.049924368456844004,-0.11364338888493464,0.23099793414611347,0.0735979062062111,0.289619045226279,-0.1594693466295678,0.11598926364954876,-0.013281057540167951,-0.0419940462272409,-0.46384427016933955,,0.09351428924907884,-0.019202346305057048,-0.06167663402706204,1
2023-08-29,1.8399999999999999,3.1100000000000003,-407341.212,22120.35499999998,0.21747154859560958,-0.41599799416004624,0.0426719963320481,0.08803932072914944,-0.4283755829875663,-0.3148040763002532,0.049888728709169605,-0.11354978270842764,0.23070916439459976,0.0735428281093955,0.28916227791402016,-0.1574685760087583,0.11589259229097193,-0.013271901147862364,-0.056682657047938394,-0.4560450183952527,,0.0933836583290921,-0.01853316464558394,-0.06484560998823398,1
2023-08-30,1.8200000000000003,3.1100000000000003,-464375.503,-56911.03600000002,0.22934122780694555,-0.4149532014210362,0.0426416872567259,-0.2352839362399025,-0.4272531558457551,-0.3226240858789331,0.04985311628809952,-0.11345627910573763,0.23042107943023526,0.07348779793732518,0.288707039255244,-0.13926259183069734,0.11579602969417824,-0.013262751105276083,-0.05217168458791395,-0.6556215239545411,,0.0932534061218247,-0.012192122079364508,-0.09251020075100384,1
2023-08-31,1.83,3.09,-464330.286,-56950.72899999999,0.22299835571441817,-0.4064060846944698,0.042611401094187595,-0.23514039692170086,-0.42613794395698656,-0.3164798217997832,0.04981753116864929,-0.11336287790162847,0.2301336764215578,0.0734328156332611,0.2882533203455435,-0.15560744246684632,0.11569957566644007,-0.33451811169266155,-0.05140928481476179,-0.649950861967039,,0.09312353065748903,-0.11432318688794066,-0.10678301010830323,1
2023-09-01,1.8200000000000003,3.0,-464252.749,-56917.43599999999,0.22878533738957874,-0.3709455851028036,0.04258113782416317,-0.23471141774797288,-0.4250298683010013,-0.2962609394150437,0.05033577253354493,-0.11326957892131428,0.23842201481660275,0.08894035841182157,0.2938218162163424,-0.17573674402293926,0.11560323001554162,-0.333895060096175,-0.036981745352379754,-0.6328535231614195,,0.09836157482761906,-0.12121524793144166,-0.09961444556273834,1
2023-09-04,1.8200000000000003,3.0,-464252.749,-56896.21000000002,0.22850059977259862,-0.3701512919046158,0.04255089742640683,-0.2343307142904345,-0.423928851063088,-0.295783952474411,0.05029981727061439,-0.11317638199045721,0.23811523161497772,0.08887145206686209,0.29335084815822543,-0.17555787467587358,0.11550699254977803,-0.3332746220603564,-0.03681247301828397,-0.6315829011916423,,0.0982223673092946,-0.12100019536224035,-0.09937561456124396,1
2023-09-05,1.8400000000000007,2.91,-464247.174,-56905.962,0.2160764060505065,-0.33381979417391616,0.04252067988069674,-0.23407228705031002,-0.42283481561069847,-0.2896403827870112,0.05026388962293704,-0.11308328693516623,0.2378092094710429,0.08880261112694199,0.2928814924096612,-0.2008287551014667,0.11541086307795267,-0.33265677861223386,-0.028453981878984364,-0.625856567826214,,0.09808357170088033,-0.12969329579190006,-0.09734778118119233,1
2023-09-06,1.79,2.88,-464385.926,-10.422999999951571,0.2460414963227897,-0.3211231818114656,0.04249048516683529,-0.0020341316739463933,-0.42174768647060923,-0.30050098305337924,0.0502279895651665,-0.11299029358199586,0.23750394509119732,0.08873383550207903,0.2924137393680588,-0.21676425785060338,0.11531484140937676,-0.3320415109728042,-0.013531444370985971,-0.4946698773294368,,0.09794518581453987,-0.13511974904627058,-0.07404158081401693,1
2023-09-07,1.8100000000000005,2.8500000000000005,-464314.97099999996,15.315000000060536,0.23367909389073582,-0.30837089282025554,0.04246031326464905,-0.0019257656956723768,-0.42066738930661396,-0.28869455639227004,0.050192117071988784,-0.1128974017579446,0.23719943520221443,0.0886651251024757,0.2919475795117703,-0.219694778854145,0.11521892735386685,-0.33142880055448987,-0.013404035645937182,-0.4845115381151878,,0.09780720747926391,-0.13599518819144432,-0.07264541776996,1
2023-09-08,1.79,2.8600000000000003,-464305.08499999996,-52.33599999995204,0.2454202348002532,-0.3119200725504835,0.042430164153987704,-0.002205790937645058,-0.4195938508977347,-0.30237324412490096,0.05015627211812035,-0.11280461129045327,0.2368956765510788,0.0885964798385237,0.29148300339921507,-0.2192337486882988,0.11512312072174224,-0.33081862895863734,-0.010545893966384284,-0.4949783804011486,,0.09766963454070152,-0.135684308475886,-0.0733457628862951,1
2023-09-11,1.7999999999999998,2.83,-464328.79299999995,-76.0439999999362,0.23908409493695304,-0.2991345304783344,0.04240003781472623,-0.0023029392425684136,-0.4185269991169359,-0.2905819812418411,0.0501204546783105,-0.11271192200740288,0.23659266590482608,0.08852789962079699,0.2910200016680158,-0.19620462530561344,0.11502742132382515,-0.33021097797305454,-0.0082976410950656,-0.4849635480091755,,0.09753246486099311,-0.12747531478554225,-0.06997200553247905,1
2023-09-12,1.79,2.8500000000000005,-464273.463,-26.288999999989755,0.24478585251816076,-0.30682293514720027,0.04236993422676205,-0.0020941469901281096,-0.4174667629103288,-0.2986020186107786,0.050084664727340966,-0.11261933373711464,0.23629040005038315,0.08845938436005363,0.2905585650341418,-0.19421048475655645,0.11493182897143694,-0.3296058295695885,-0.009001998652135213,-0.49061816082889703,,0.09739569631860485,-0.12662927839566837,-0.07093879139967416,1
2023-09-13,1.8099999999999996,2.87,-514954.446,-50568.52000000002,0.23241769679345414,-0.31443668039743866,0.042339853370017,-0.20947208626693703,-0.41641307227685276,-0.2981169082274774,0.050048902240023674,-0.1125268463083473,0.2359888757944102,0.08839093396723952,0.2900986842910689,-0.1850865727909916,0.11483634347639726,-0.32900316590174006,-0.01600468825038948,-0.6140246217082558,,0.09725932680816646,-0.12328853003063003,-0.0910835475339081,1
2023-09-14,1.7999999999999998,2.8899999999999997,-514900.64800000004,-50585.67700000008,0.23815712802804478,-0.32197383630329,0.042309795224436675,-0.20929949398619985,-0.4153658582484203,-0.29763348985724025,0.05001316719120319,-0.1124344595502963,0.23568808996314572,0.08832254835348174,0.28964035030894797,-0.1918563952861122,0.11474096465102313,-0.32840296930231705,-0.016642909329004828,-0.6129060032265643,,0.09712335424031006,-0.1255112915129763,-0.09147462844955502,1
2023-09-15,1.7800000000000002,2.8499999999999996,-514809.624,-50504.53900000005,0.24986049980302916,-0.3051885672320265,0.04227975976999043,-0.20873595346045226,-0.4143250528705148,-0.2915057858861654,0.04997745955575539,-0.11234217329259122,0.23538803940225006,0.0882542274300917,0.28918355403378215,-0.19012221976188048,0.1146456923081256,-0.32780522228112363,-0.006680895669151929,-0.6070412325075125,,0.09698777654151106,-0.1247583512931513,-0.0875272621354674,1
2023-09-18,1.7699999999999996,2.8599999999999994,-514861.163,-50532.37000000005,0.25549985863214864,-0.308747585452379,0.042249746986671166,-0.20860744201476888,-0.41329058918322725,-0.3023155625336992,0.0499417793085879,-0.11224998736529623,0.2350887209766539,0.08818597110855997,0.2887282864866185,-0.18972195856128227,0.11455052626100959,-0.32720990752268675,-0.005961780291079282,-0.614991268745757,,0.09685259165393073,-0.12447297356190146,-0.08849502251998988,1
2023-09-19,1.75,2.8099999999999996,-514861.54500000004,-50588.08200000005,0.26704169812668055,-0.28776072632264327,0.04221975685449575,-0.20859028412975011,-0.41226240120272195,-0.2961930230022748,0.04990612642463965,-0.11215790159890637,0.2347901315704053,0.08811777930056452,0.288274538762749,-0.18841248989970139,0.11445546632347048,-0.3266170078840176,0.0054142671877617735,-0.609466029601303,,0.09671779753526269,-0.12387006061688609,-0.08419668399258418,1
2023-09-20,1.7300000000000004,2.83,-633758.8940000001,-118804.44800000009,0.2784682023162699,-0.29552935292045135,0.04218978935350437,-0.4579960841884726,-0.41124042390311877,-0.31252385995683796,0.0498705008788809,-0.11206591582434788,0.2344922680865198,0.08804965191796454,0.28782230203091985,-0.18065668571697402,0.11436051230979394,-0.3260265063924075,0.006685534094587804,-0.7715609928204252,,0.09658339215857831,-0.12101161261023527,-0.10773438254657815,1
2023-09-21,1.6600000000000001,2.7,-633726.025,-118825.37699999998,0.31869318971859806,-0.2408727057956156,0.042159844463760976,-0.4567457788565016,-0.41022459319878135,-0.27247869070465636,0.04983490264631363,-0.111974029872976,0.23419512744683235,0.08798158887279772,0.2873715675325532,-0.2026564555344419,0.11426566403475391,-0.3254383862432588,0.03988512271217216,-0.7381651757968949,,0.09644937351217564,-0.12856829289786845,-0.09393214011251895,1
2023-09-22,1.7299999999999995,2.75,-633699.485,-118889.86099999998,0.2774914379471496,-0.26160726891443986,0.04212992216535283,-0.45564667619739563,-0.40921484592700164,-0.2806315730815272,0.04979933170197093,-0.11188224357657395,0.2338987065918483,0.08791359007728383,0.28692232658098127,-0.20159418536617013,0.11417092131361017,-0.32485263079795024,0.01819843581105425,-0.74342217173986,,0.09631573959943032,-0.12805393165778106,-0.10118294986647229,1
2023-09-25,1.75,2.6400000000000006,-633709.2200000001,-118848.05700000009,0.265262824203506,-0.2146151617740939,0.04210002243839095,-0.4542083357569713,-0.40821111983106806,-0.24573045888159772,0.049763788020916966,-0.1117905567673505,0.2336030024805993,0.08784565544382095,0.28647457056068326,-0.22320503334256958,0.114076283962107,-0.3242692235817324,0.030356688581811515,-0.7140360404581018,,0.09618248843864763,-0.1354758293576816,-0.09427415178816213,1
2023-09-26,1.7700000000000005,2.630000000000001,-633710.211,-118848.66599999997,0.2529871722307422,-0.21006841944883925,0.04207014526300945,-0.45291869590874434,-0.40721335354371113,-0.22791399515637056,0.04972827157824722,-0.1116989692779401,0.23330801209049712,0.08777778488499055,0.2860282909265375,-0.23628788578286075,0.11398175179647208,-0.3236881482816586,0.027642607052568862,-0.6984104257965698,,0.09604961806291687,-0.1399135913797336,-0.09344341594494564,1
2023-09-27,1.7699999999999996,2.58,-674583.741,-40824.84699999995,0.25264122614652074,-0.18822660990800222,0.04204029061936643,-0.16421845806011492,-0.40622148657091206,-0.230559562600267,0.04969278234908936,-0.1116074809413995,0.23301373241719125,0.08770997831354999,0.2855834792030849,-0.2549494933339389,0.11388732463341422,-0.32310938874454675,0.03515720286929141,-0.5267116168588298,,0.0959171265199675,-0.14630457566854765,-0.06642598638832732,1
2023-09-28,1.7999999999999998,2.7199999999999998,-674594.302,-40868.277,0.23430034391789634,-0.24798374631833142,0.04201045848764284,-0.1642332986441868,-0.40523545927606897,-0.21853669839694123,0.04965732030859993,-0.11151609159120823,0.23272016047442712,0.08764223564243712,0.2851401269837961,-0.23784973411502042,0.11379300229012146,-0.3225329289749713,0.007813946706140574,-0.5165106134697064,,0.09578501187202604,-0.14017973483120602,-0.07221311526528817,1
2023-09-29,1.7800000000000002,2.7199999999999998,-674698.505,-40999.02000000002,0.24602162555015172,-0.24765119405800118,0.04198064884804342,-0.16459901193377158,-0.4042552128645104,-0.2153315786026081,0.04962188543196877,-0.1114248010612664,0.2324272932939051,0.08757455678476656,0.28469822593034966,-0.2291540437439279,0.11369878458426053,-0.32195875313328726,0.012023845676665718,-0.5135777977610556,,0.09565327219567585,-0.13699696664586974,-0.07006574290912013,1
2023-10-02,1.7799999999999994,2.619999999999999,-674506.6749999999,-40797.45499999984,0.24569423174114147,-0.20465073565833614,0.04195086168079576,-0.16362849000044055,-0.4032806893683457,-0.21212854781603618,0.04958647769441549,-0.11133360918589275,0.23213512792514157,0.08750694165383366,0.28425776777192446,-0.25639502525511904,0.11360467133397378,-0.3213868455336838,0.026950482133220592,-0.5098483458741008,,0.09552190558171872,-0.14639267753250598,-0.06647053247559515,1
2023-10-03,1.8200000000000003,2.5,-674489.401,-40779.189999999944,0.22124719483795174,-0.15213267900764604,0.04192109696615076,-0.16339631156396428,-0.4023118316316452,-0.18515169067193982,0.049551097071190986,-0.11124251579982425,0.23184366143533164,0.08743939016310875,0.2838187443044946,-0.28255263127489183,0.11351066235787877,-0.3208171906422673,0.03676640963045222,-0.4875462384549175,,0.09539091013503678,-0.15540984631363475,-0.06156576229238797,1
2023-10-04,1.8299999999999992,2.579999999999999,-661395.249,13188.492000000086,0.21490279338506046,-0.1869818461768462,0.04189135468438332,0.05850289819857535,-0.4013485832959427,-0.17897496375193567,0.04951574353757682,-0.11115152073821377,0.23155289090921083,0.08737190222623803,0.2833811473901362,-0.2752548139066805,0.11341675747506552,-0.32024977307517455,0.02233973792818998,-0.34888738205996894,,0.0952602839744567,-0.15271825167361758,-0.0447238526879668,1
2023-10-05,1.8500000000000005,2.7700000000000005,-661318.35,13275.952000000048,0.20244061663795865,-0.2678344269195888,0.041861634815790305,0.05882142925150924,-0.40039088878604934,-0.1757938886698991,0.049480417068885396,-0.11106062383662996,0.23126281344892208,0.08730447775704442,0.2829449689563437,-0.28582730941422907,0.11332295650509616,-0.3196845775967122,-0.010329343153833463,-0.3455767866566433,,0.0951300252326163,-0.15628189679721016,-0.05459509915607399,1
2023-10-06,1.8399999999999999,2.71,-661336.679,13361.826000000001,0.20832774923326847,-0.24220857310672417,0.04183193734069257,0.05913337906016625,-0.39943869329617376,-0.17261356854489474,0.049445117640460445,-0.11096982493105412,0.2309734261738805,0.08723711666953027,0.28251020099535396,-0.26575826054549634,0.11322925926800176,-0.31912158911752664,0.0006912928464982756,-0.3422740433775203,,0.09500013205583288,-0.1491216271823811,-0.0497519297160775,1
2023-10-09,1.8399999999999999,2.71,-661336.679,13169.995999999926,0.20808818939987206,-0.2418910130288583,0.04180226223943384,0.05829796311343727,-0.39849194277633904,-0.17244072859681647,0.04940984522767544,-0.11087912385788012,0.23068472622064085,0.08716981887787023,0.2820768355634775,-0.26537630757261543,0.11313566558428256,-0.3185607926928008,0.0007096904016849707,-0.34206897067519426,,0.0948706026039706,-0.14885246250375675,-0.04970765720534451,1
2023-10-10,1.83,2.83,-661275.6579999999,13213.743000000017,0.21395081585262754,-0.29169613139120343,0.04177260949238093,0.0584366453120404,-0.39755058391909004,-0.1722681699684948,0.049374599805935615,-0.11078852045391296,0.2303967107427658,0.08710258429641238,0.2816448647804384,-0.24935727757468962,0.11304217527490446,-0.31800217352047644,-0.014679077590787279,-0.34128289913902565,,0.09474143505031157,-0.14311093786106774,-0.0533774400646723,1
2023-10-11,1.8200000000000003,2.91,-702447.328,-41052.07900000003,0.21978564646175358,-0.32376973694432476,0.041742979079923526,-0.16525400738492857,-0.39661456414648355,-0.20496780747907029,0.04933938135067595,-0.11069801455636719,0.23010937691069633,0.08703541283968086,0.28121428082872746,-0.24319552123237964,0.11294878816129872,-0.31744571693950563,-0.023871537944922853,-0.5010953889021035,,0.0946126275814291,-0.14082007165673,-0.0797956235719446,1
2023-10-12,1.83,2.87,-702365.265,-41046.91500000004,0.21343371377626696,-0.30701448749106697,0.04171337098247463,-0.16507195094554372,-0.39568383159735354,-0.1898441050200309,0.04930418983736229,-0.11060760600286457,0.22982272191162179,0.08696830442237302,0.28078507595295465,-0.25901901114370063,0.11285550406535982,-0.31689140842812613,-0.02023925950543761,-0.4883287535417631,,0.09448417839706036,-0.1462246500058571,-0.07763374378450921,1
2023-10-13,1.8200000000000003,2.9400000000000004,-702359.764,-41023.08499999996,0.21927300266471095,-0.33467286742565805,0.04168378518047011,-0.16481478860351284,-0.3947583351148468,-0.20453911318199702,0.04926902524149113,-0.11051729463143467,0.2295367429493531,0.08690125895936185,0.28035724245921756,-0.2726606243535805,0.11276232280944454,-0.3163392336021634,-0.02788481711219045,-0.49937516477661337,,0.09435608570998247,-0.1508661756210966,-0.08231262476581802,1
2023-10-16,1.83,2.8600000000000003,-702316.765,-40980.08600000001,0.21291884979076703,-0.30180408719702534,0.04165422165436827,-0.16448052998839602,-0.39383802423421943,-0.19537832643080089,0.04923388753858937,-0.11042708028051151,0.22925143724419517,0.08683427636568886,0.279930772714474,-0.2622048477442046,0.11266924421636904,-0.31578917821335806,-0.018613566595879927,-0.49129379367821,,0.09422834774588812,-0.14707421469874987,-0.07778218429883593,1
2023-10-17,1.7999999999999998,2.74,-702290.448,-41014.79000000004,0.2308953046930704,-0.2515969637152571,0.04162468038465117,-0.16446078953220267,-0.3929228491708896,-0.18919127568254945,0.04919877670421391,-0.11033696278893446,0.2289668020328226,0.08676735655657364,0.27950565914592174,-0.25459639348011465,0.1125762681094089,-0.31524122814771727,0.0052418234576300125,-0.48578320376789497,,0.0941009627432648,-0.14427941232406216,-0.06941160469068837,1
2023-10-18,1.7800000000000002,2.66,-753095.619,-50648.29099999997,0.24266729980871649,-0.21731187986257194,0.04159516135182306,-0.20297186962880587,-0.3920127608087405,-0.16494358201731152,0.04916369271395249,-0.1102469419959442,0.22868283456815375,0.08670049944740299,0.2790818942403894,-0.2794642816428162,0.11248339431229604,-0.3146953694238912,0.021352945386697506,-0.488945643876377,,0.09397392895327333,-0.15285192139284942,-0.06637026893605637,1
2023-10-19,1.8199999999999994,2.6499999999999995,-753059.017,-50693.75199999998,0.21814737201897594,-0.21276876574165382,0.041565664536411084,-0.20292530930259833,-0.391107710688666,-0.12832336059049054,0.04912863554342284,-0.11015701774118358,0.22839953211922914,0.08663370495373757,0.27865947054372997,-0.27843519578933396,0.1123906226492184,-0.3141515881915735,0.014352211557986065,-0.45907850046715104,,0.09384724463962943,-0.1523610770565125,-0.06394846200124635,1
2023-10-20,1.88,2.7,-753083.594,-50723.830000000075,0.18105827651558926,-0.2338606444711665,0.04153618991896524,-0.2028175885174921,-0.3902076509973551,-0.12209512522256549,0.0490936051682731,-0.11006718986469588,0.22811689197108875,0.08656697299130744,0.2782383806602273,-0.27129609515809305,0.11229795294481759,-0.31360987072992397,-0.006019971808762464,-0.4534912438869607,,0.0937209080784856,-0.1497323109936236,-0.06885929775509497,1
2023-10-23,1.8499999999999996,2.7699999999999996,-753102.814,-50786.049,0.19936485373542756,-0.2630562560608338,0.041506737480057954,-0.2028382194993671,-0.3893125345563059,-0.13727574008436927,0.0490586015641814,-0.1099774582069224,0.22783491142465118,0.08650030347601545,0.27781861725200496,-0.25900417479288473,0.11220538502418775,-0.313070203446016,-0.009839969569874806,-0.46511104450089924,,0.09359491755831544,-0.14530063745284874,-0.07111501377444578,1
2023-10-24,1.8399999999999999,2.8,-753042.713,-50752.265000000014,0.20527842151229403,-0.27517287191943895,0.04147730720028542,-0.2024761177495713,-0.38842231481106837,-0.13715410682199536,0.049023624706856506,-0.10988782260870178,0.22755358779659396,0.08643369632393383,0.27740017303844633,-0.27160794806793886,0.11211291871287377,-0.31253257287330605,-0.012019865482415097,-0.4642623449939801,,0.09346927137979838,-0.1495830321362646,-0.07231544836931163,1
2023-10-25,1.83,2.6799999999999997,-827610.787,-74515.16800000006,0.21116552788401233,-0.22426300482514783,0.041447899060265136,-0.29480309795524473,-0.38753694582070675,-0.11866593141195925,0.04898867457203604,-0.1097982829112697,0.2272729184192348,0.08636715145130158,0.27698304079561886,-0.2764648159366959,0.11202055383686993,-0.31199696567012447,0.007850252788682116,-0.5043367713951383,,0.093343967855705,-0.15115458143597643,-0.07263263512413633,1
2023-10-26,1.8199999999999994,2.9299999999999997,-827600.02,-74541.00300000003,0.21702521026658927,-0.3275023071192097,0.041418513040637706,-0.2944288650769391,-0.3866563822474769,-0.1277665292472624,0.04895375113548939,-0.10970883895625605,0.22699290064041477,0.08630066877453069,0.2765672133557051,-0.283940982623319,0.11192829022261841,-0.31146336861819046,-0.02624142998622583,-0.5108643717924595,,0.09321900531078658,-0.15364345292570233,-0.08424385137589538,1
2023-10-27,1.88,2.95,-827602.028,-74518.43400000001,0.17987978173903652,-0.33488243108621374,0.041389149122066815,-0.29387243318146405,-0.38578057934671506,-0.12459091539428635,0.04891885437301435,-0.10961949058568432,0.2267135318233804,0.08623424821020165,0.2761526836064452,-0.26957416300836823,0.11183612769700746,-0.3109317686211458,-0.04183418253489198,-0.5074645398323365,,0.09309438208166279,-0.14848784294532,-0.08766951665670036,1
2023-10-30,1.8600000000000003,2.91,-827648.2050000001,-74545.39100000006,0.19205860609942316,-0.3182552817638544,0.04135980728523769,-0.2935056282051266,-0.3849094929569309,-0.12448487934152619,0.048883984260439606,-0.10953023764197001,0.22643480934666949,0.08616788967505884,0.2757394444905825,-0.2614733839262242,0.11174406608737009,-0.31040215270311233,-0.03176089429697963,-0.5066369761704554,,0.09297009651671198,-0.14552590705453264,-0.0841101766436641,1
2023-10-31,1.8500000000000005,2.91,-827647.8670000001,-74605.1540000001,0.19801225026323666,-0.3176952194946767,0.041330487510859326,-0.293264394871932,-0.3840430794901023,-0.1366401257182991,0.04884914077362312,-0.10944107996791985,0.22615673060399621,0.08610159308602006,0.27532748900531345,-0.27662949283540905,0.11165210522148272,0.47588619228895324,-0.02948989297774622,-0.5156965851918599,,0.09284614697596325,0.08502377202181174,-0.050236353124840274,1
2023-11-01,1.9100000000000001,3.0200000000000005,-813699.7980000001,13910.988999999943,0.16058781603952132,-0.36065279031214414,0.041301189779661795,0.06598562067901992,-0.3831812959221642,-0.1334563393978252,-0.026199887835032798,-0.1093520174067305,0.1851854429239732,0.07221875928118981,0.2859065549419664,-0.27462105538886017,0.11156024492756322,0.4744347914080169,-0.057632384061519444,-0.2970824766641467,,0.06529995592598907,0.08525915376095114,-0.03273822467243791,1
2023-11-02,1.8399999999999999,3.09,-813675.322,13924.697999999975,0.20380560891666222,-0.38678721074274236,0.04127191407239872,0.06599398199682227,-0.3823240997836902,-0.1729522567277898,-0.026181683405406053,-0.10926304980198642,0.18499110166296684,0.07216488469245008,0.2854622213528022,-0.24104853934094084,0.1114684850342702,0.4729945328459595,-0.05166198641740843,-0.3281598760543526,,0.06520488521308852,0.09654534084645314,-0.03393955490313531,1
2023-11-03,1.8599999999999994,3.1899999999999995,-813691.475,13910.553000000073,0.19125519858547158,-0.42314014489394614,0.041242660369845696,0.06588694066485812,-0.3814714491507589,-0.15759771286074864,-0.02616349189456435,-0.10917417699765886,0.18479710470281385,0.07211105659802985,0.28501934436118703,-0.19891985987877858,0.11137682537070037,0.4715652721671497,-0.06878693309701238,-0.3154288753801394,,0.06511009516635369,0.11082951957231754,-0.03504845950868857,1
2023-11-06,1.8399999999999999,3.09,-813683.214,13964.991000000038,0.2033736403062758,-0.3848401983327737,0.04121342865280053,0.06606435265557131,-0.38062330263600497,-0.15744813242427225,-0.02614531329277736,-0.10908539883810608,0.18460345099326436,0.07205727494371095,0.28457791565291113,-0.19464268132628226,0.11128526576638831,0.4701468675253797,-0.05114926671343411,-0.31469387592767795,,0.06501558432404886,0.11186896481165101,-0.029514620600422065,1
2023-11-07,1.83,3.1799999999999997,-813629.0210000001,14018.84600000002,0.20928382281300273,-0.4175177360604496,0.04118421890208346,0.06623933817048444,-0.37977961937984517,-0.17854874705749624,-0.026127147590323863,-0.10899671516806986,0.18441013948872187,0.07200353967537021,0.2841379269810087,-0.21051850605561007,0.1111938060513038,0.46873917960531286,-0.06052660396598137,-0.33096316637161344,,0.0649213512355334,0.10585810888008665,-0.03569340200464008,1
2023-11-08,1.8399999999999999,3.2699999999999996,-765849.76,47850.03800000006,0.2029008497703222,-0.4488584625107389,0.04115503109853713,0.20437924469915858,-0.3789403590418814,-0.2114200384308872,-0.026108994777491068,-0.10890812583267617,0.1842171691482164,0.07194985073897509,0.2836993701650583,-0.2108309197843754,0.11110244605585162,0.46734207156550545,-0.07373865512958472,-0.2738726993503434,,0.06482739446114981,0.10529765566466831,-0.03120100447643923,1
2023-11-09,1.83,2.88,-765818.623,47856.69900000002,0.20881580214252282,-0.29948880834986236,0.04112586522302619,0.20417535806052323,-0.3781054817924697,-0.20220380496858303,-0.02609085484457485,-0.10881963067743206,0.1840245389353774,0.0718962080805865,0.28326223709049536,-0.21191188616433165,0.11101118561086887,0.4659554089829636,-0.019397792605660977,-0.26612111821403434,,0.0647337125721154,0.10447137750117712,-0.013883370745598027,1
2023-11-10,1.7999999999999998,2.8899999999999997,-765858.029,47833.445999999996,0.2269075092148154,-0.3030329852389134,0.04109672125643793,0.20385242647207913,-0.37727494830445973,-0.20796462431739016,-0.026072727781878635,-0.10873122954822578,0.18383224781840846,0.07184261164636152,0.28282651970792627,-0.2116648739010425,0.11092002454762451,0.46457905979918057,-0.014314900231502928,-0.2704252125533405,,0.06464030415041411,0.10411302066605788,-0.013081222814939744,1
2023-11-13,1.79,2.87,-765845.581,47837.63300000003,0.23270343134978555,-0.2944498554812993,0.04106759917968117,0.2036397297682775,-0.3764487197450924,-0.19573396428954926,-0.02605461357971517,-0.10864292229132533,0.18364029477006016,0.07178906138254804,0.2823922100324576,-0.22253229339574643,0.1108289626978165,0.46321289426761214,-0.009290968692125466,-0.26027256541772836,,0.06454716778868877,0.09986770253600818,-0.010711228092723471,1
2023-11-14,1.8299999999999992,3.0599999999999996,-765813.607,47815.414000000106,0.2079916415691485,-0.3688447776955244,0.04103849897368761,0.20332193997091608,-0.375626757768058,-0.18648249767065117,-0.02603651222840564,-0.10855470875337736,0.18344867876760507,0.0717355572354843,0.28195930014303316,-0.18188783539711817,0.11073799989357247,0.4618567849025461,-0.04398704795212527,-0.2525688888148061,,0.0644543020901361,0.11365459304452284,-0.01791968322864605,1
2023-11-15,1.7999999999999998,2.9699999999999998,-731691.25,34158.51000000001,0.22609882963862482,-0.3331489262455869,0.041009420619410264,0.14790118218131743,-0.3748090245057073,-0.18930348843116063,-0.026018423718278894,-0.10846658878140447,0.18325739879281167,0.07168209915160584,0.281527782181775,-0.171267208073554,0.11064713596744635,0.46051060642932407,-0.025164707626613648,-0.2875874961395624,,0.06436170566840373,0.11693615669165955,-0.017056686788068598,1
2023-11-16,1.8099999999999996,2.99,-731659.019,34159.60400000005,0.21972133133182004,-0.34037247471602927,0.04098036409782457,0.14776983036528168,-0.3739954825614167,-0.19211680643633233,-0.026000348039673327,-0.10837856222280584,0.18306645383191822,0.07162868707743542,0.2810976483533385,-0.17491290359539102,0.11055637075241798,0.45917423573587346,-0.029933790955125855,-0.2894288364667469,,0.0642693771474852,0.11522748422572147,-0.019042995835820274,1
2023-11-17,1.7799999999999994,3.0,-731682.8119999999,34175.21700000006,0.23770450280062683,-0.3436244218556349,0.040951329389928626,0.14769797175607624,-0.37318609500209754,-0.20992542571338846,-0.025982285182934772,-0.10829062892535568,0.18287584287560832,0.07157532095959063,0.28066889092426783,-0.1622643957621377,0.11046570408189105,0.4578475518255072,-0.024786572852274244,-0.3032332145183235,,0.0641773151616196,0.11922472345956582,-0.01899291672409103,1
2023-11-20,1.7599999999999998,3.0200000000000005,-731700.097,34145.484000000055,0.2494707763661581,-0.35072678988858497,0.04092231647674116,0.14744091428044537,-0.3723808253508527,-0.21863997166003069,-0.025964235138417835,-0.10820278873720124,0.1826855649189849,0.07152200074478121,0.28024150222236943,-0.1393416610813757,0.11037513578969249,0.4565304357709614,-0.023162909789827053,-0.309875923970269,,0.06408551835519129,0.1268208468791993,-0.01838575491181075,1
2023-11-21,1.7699999999999996,3.0300000000000002,-731678.164,34135.44299999997,0.2431069794639762,-0.35389408549483925,0.04089332533930401,0.14726467097679152,-0.37157963757977286,-0.2124113520170846,-0.02594619789648578,-0.10811504150686113,0.18249561896154587,0.07146872637980728,0.27981547463608414,-0.1380937102009827,0.11028466571007,0.4552227706696239,-0.026507489509010863,-0.30451806157545647,,0.06399398538263014,0.12683366562906773,-0.01860640989900404,1
2023-11-22,1.71,2.87,-699137.79,32553.459999999963,0.27865203682625017,-0.2899443040930485,0.04086435595868054,0.1406512230077661,-0.37078249610287095,-0.21813445811898613,-0.025928173447510083,-0.10802738708322612,0.18230600400715846,0.07141549781155931,0.27939080061387656,-0.15547800562008784,0.11019429367769185,0.45392444159992396,0.008307013244224747,-0.3125863303522518,,0.06390271490831391,0.12032803330013858,-0.010370961857471075,1
2023-11-23,1.71,2.87,-699137.79,32521.228999999934,0.2782310353040416,-0.2894866284963771,0.04083540831595589,0.1403929713916423,-0.36998936576915187,-0.21787524008806303,-0.02591016178186989,-0.10793982531555646,0.1821167190640347,0.0713623149870235,0.2789674726636173,-0.15533084800919816,0.11010401952764437,0.4526353355788473,0.008311164877469347,-0.3120580286969562,,0.06381170560647141,0.11996121070511034,-0.010368246833918224,1
2023-11-24,1.7200000000000006,2.8200000000000003,-699072.093,32610.718999999925,0.27188572802028577,-0.26868525019136025,0.040806482392237386,0.14063444900850808,-0.36920021185581375,-0.21164337156941138,-0.025892162889953885,-0.10785235605348109,0.18192776314470782,0.07130917785326907,0.27854548335199136,-0.13713608130889676,0.11001384309543072,0.4513553415205418,0.013362111957795146,-0.3064541549639125,,0.06372095616108606,0.1259138190814494,-0.007142177754759404,1
2023-11-27,1.71,2.9000000000000004,-699073.406,32626.69099999999,0.27741169803518506,-0.300723390441037,0.04077757816865346,0.1405739755922535,-0.3684150000615778,-0.2113980726262027,-0.025874176762158307,-0.10776497914699568,0.1817391352660067,0.07125608635746361,0.27812482530389926,-0.13556818320663444,0.10992376421697081,0.4500843501959846,0.004074181108547853,-0.3058230727825567,,0.06363046526580339,0.1260497584124131,-0.009836126506506341,1
2023-11-28,1.75,2.95,-699079.53,32598.63399999996,0.25316276833981366,-0.32014236755759096,0.04074869562635519,0.14033278081893275,-0.3676336965001451,-0.19312664484296094,-0.025856203388888055,-0.10767769444646291,0.18155083444903197,0.07120304044686132,0.2777054912018704,-0.11290036908062484,0.109833782728598,0.4488222541936737,-0.011218251038315493,-0.2908818652830962,,0.06354023162383532,0.13357337103489272,-0.011076691542766335,1
2023-11-29,1.7200000000000006,3.0200000000000005,-732327.042,-33189.25199999998,0.27072459893825895,-0.3469644323711295,0.04071983474651453,-0.1339410822420637,-0.3668562676937758,-0.1868762731673831,-0.02583824276055624,-0.10759050180260987,0.18136285971913257,0.07115004006880676,0.27728747378548646,-0.12155508043209051,0.10974389846705845,0.4475689478813216,-0.014467991277550333,-0.44997942849541017,,0.06345025394786949,0.13013677067663526,-0.036454232569113953,1
2023-11-30,1.67,2.8499999999999996,-732300.677,-33162.88699999999,0.29974652572694493,-0.27881753582291224,0.04069099551032629,-0.13371503807603458,-0.3660826805669889,-0.18365155228747554,-0.025820294867584637,-0.10750340106652734,0.18117521010588145,0.07109708517073443,0.2768707658508103,-0.1379908992736485,0.10965411126951086,0.4169536150700299,0.01953244511950933,-0.4467998730157945,,0.06336053095997791,0.1151682087195608,-0.028044883368587785,1
2023-12-01,1.71,3.0,-732181.3979999999,-33109.304999999935,0.2757656089384528,-0.3381033177578532,0.0406621778990055,-0.13337704635200354,-0.36531290244038095,-0.17739194510857925,-0.03530267992312608,-0.18213764605607785,0.1762251880383532,0.04773468806702441,0.2823461390940949,-0.12622467718215413,0.10956442097352315,0.4159082235234144,-0.009619544717088478,-0.4411275253622941,,0.03989525855463605,0.11894137738400347,-0.041239970973211124,1
2023-12-04,1.67,2.9399999999999995,-732228.7019999999,-33155.29599999997,0.2988448334774403,-0.31388726071726825,0.04063338189379029,-0.13344994767146423,-0.3645469010245588,-0.18328176356430537,-0.035277942512216276,-0.18194878367353307,0.17604626313265115,0.04770056755414709,0.2819134171360451,-0.1466139174952127,0.10947482741707293,0.41486920563294327,0.006925165034197301,-0.44542352006905805,,0.03983332299113925,0.11146208016253406,-0.03805833572793459,1
2023-12-05,1.6500000000000004,3.04,-732247.2829999999,-33167.75299999991,0.30996513818049265,-0.3523958417166717,0.040604607475939414,-0.133384506566392,-0.36378464441418523,-0.19217310335351478,-0.03525322309336676,-0.1817602488112956,0.17586763695083674,0.04766647329714746,0.2814820859658833,-0.1587391132911904,0.10938533043854415,0.4138364950485387,-0.002669363994880847,-0.4520399732711582,,0.039771589066895305,0.10687712451613542,-0.04263233924499385,1
2023-12-06,1.63,3.0999999999999996,-675618.113,56708.929000000004,0.32094965368978223,-0.37453314147369765,0.040575854626732966,0.23894677838073264,-0.36302610108213595,-0.219013358659514,-0.035228521652109546,-0.18157204049318054,0.1756893086387985,0.04763240527182111,0.2810521377976023,-0.14866227996751913,0.10929592987672776,0.41281002638375197,-0.006581464336350507,-0.24965828054845318,,0.03971005564223214,0.11006478538334862,-0.012985949665112802,1
2023-12-07,1.63,2.8900000000000006,-675597.349,56703.32799999998,0.3203791589404523,-0.2919220392665115,0.0405471233274739,0.23861666446561403,-0.36227123987376353,-0.20676828488139476,-0.035203838173990754,-0.18138415774723549,0.17551127734598593,0.04759836345399715,0.2806235649069908,-0.15114222967900748,0.1092066255708195,0.41178973519794493,0.022124128884121456,-0.23960737315000552,,0.03964872158659212,0.10885945912151769,-0.003062768042388704,1
2023-12-08,1.6099999999999994,2.8,-675593.023,56588.37499999988,0.3312241738072106,-0.2549077473669116,0.040518413559485156,0.2378544455133491,-0.36152003000126776,-0.2185207132221061,-0.03517917264457171,-0.18119659960571466,0.175333542225389,0.04756434781953378,0.2801963596310022,-0.15714009448190636,0.10911741736041791,0.41077555797886633,0.038866273321950195,-0.24901592127043606,,0.03958758577843768,0.10642473040113895,0.0001680998107999078,2
2023-12-11,1.6099999999999994,2.8,-675610.122,56618.57999999996,0.330612116032879,-0.2545566688502743,0.0404897253041121,0.2376688224555663,-0.36077244103816763,-0.2182606496827183,-0.0351545250494274,-0.18100936510505683,0.17515610243351865,0.04753035834431629,0.27977051436713096,-0.16341919856866516,0.1090283050855243,0.4097674321256175,0.03876632410514528,-0.24847069089573542,,0.03952664710515845,0.10389341691858595,-0.00017503208873922635,1
2023-12-12,1.5999999999999996,2.83,-675609.418,56637.86499999999,0.33567046293746317,-0.2664834705982688,0.040461058542721196,0.23744042548112798,-0.36002844291387637,-0.23289808007612933,-0.03512989537414746,-0.18082245328586144,0.17497895713039036,0.04749639500426639,0.2793460215727974,-0.15378496665232144,0.10893928858654012,0.40876529593199606,0.03635376488153438,-0.2598712745205525,,0.03946590446298191,0.10693360145657535,-0.002168045379390783,1
2023-12-13,1.6100000000000003,2.99,-651523.763,24094.349999999977,0.3293728681942698,-0.33000544658813014,0.040432413256699995,0.10463319582812658,-0.35928800590837506,-0.19968599664650621,-0.035105283604336734,-0.18063586319286495,0.17480210547950126,0.0474624577753322,0.2789228737647427,-0.17191720862303883,0.10885036770426648,0.4077690885702052,0.011908321539158882,-0.31254168336535404,,0.03940535675688113,0.10025733224949124,-0.018418817016411473,1
2023-12-14,1.5700000000000003,3.0300000000000002,-651469.78,24127.569000000018,0.35128218875339234,-0.34492286674549055,0.04040378942745804,0.10468735782892957,-0.3585511006469817,-0.2084956704584109,-0.03508068972561296,-0.180449593874918,0.17462554664781482,0.047428546633495605,0.2785010635184255,-0.11023160897005391,0.10876154227990265,0.40677875007492426,0.014346899531003036,-0.31911478205756,,0.03934500290048774,0.12151910168092434,-0.015499031472072506,1
2023-12-15,1.5700000000000003,3.04,-651383.688,24209.33500000008,0.35058264083054724,-0.34810243866706625,0.040375187036426174,0.10494361749931214,-0.357817698095216,-0.2321635881902454,-0.03505611372360995,-0.18026364438496278,0.1744492798057411,0.04739466155476557,0.27808058346743203,-0.11677390573849733,0.10867281215504465,0.4057942213277248,0.0129806268681462,-0.3374553189097387,,0.03928484181600226,0.11890288364410899,-0.019067466775400034,1
2023-12-18,1.58,3.0,-651425.138,24184.98399999994,0.3442983692145063,-0.33194727572950655,0.04034660606505547,0.10475783653879689,-0.35708776955375765,-0.216959345462298,-0.03503155558397453,-0.18007801378001076,0.17427330412711806,0.047360802515181044,0.27766142630288937,-0.12338381285815192,0.10858417717168378,0.4048154440418301,0.016426864539266547,-0.32496543617881485,,0.03922487243410821,0.11626476072228518,-0.01657082384817243,1
2023-12-19,1.5699999999999998,3.02,-651473.5160000001,24135.901999999885,0.3492171248499494,-0.33908987675947255,0.040318046494819626,0.10446911977092022,-0.35636128665349365,-0.21670269079984172,-0.03500701529236849,-0.17989270112111821,0.17409761878919316,0.047326969490814275,0.27724358477289,-0.10581508549117025,0.10849563717220567,0.4038423607472035,0.015639950780112776,-0.32449745276941744,,0.039165093693887154,0.12209090131252344,-0.015877724061028484,1
2023-12-20,1.6300000000000003,3.0900000000000003,-725251.0800000001,-73727.31700000004,0.31464129393923135,-0.3652138054438896,0.04028950830721256,-0.29828275711902086,-0.35563822135065526,-0.21644659329088245,-0.03498249283446786,-0.17970770547336534,0.1739222229726054,0.04729316245776749,0.2768270516819171,-0.10887381666742946,0.10840719199938875,0.4028749147759636,-0.005613526534466616,-0.5655098617145116,,0.03910550454273287,0.12069915579897483,-0.058629287711987284,1
2023-12-21,1.6400000000000001,2.78,-725250.339,-73780.55900000001,0.30836361979632976,-0.24177997214381597,0.04026099148374995,-0.2980024941168128,-0.3549185459220434,-0.2041747315225495,-0.034957988195963186,-0.17952302590583313,0.17374711586136748,0.04725938139217156,0.27641181989028407,-0.09989723737147116,0.10831884149640314,0.40191305024810986,0.03538257412350481,-0.5550924092413534,,0.039046103936268284,0.12352147651815915,-0.04435934168736062,1
2023-12-22,1.65,2.77,-725244.1950000001,-73860.5070000001,0.30208667528194355,-0.23734231778051773,0.04023249600596834,-0.297825426412086,-0.3542022329603356,-0.1948875265477764,-0.034933501362558905,-0.17933866149158206,0.17357229664284723,0.04722562627018534,0.27599788231357403,-0.08982238734231518,0.10823058550680886,0.40095671205755723,0.034730273927289536,-0.5471266168616741,,0.03898689083826203,0.12672988297483995,-0.04289370519527275,1
2023-12-25,1.65,2.77,-725244.1950000001,-73819.05700000003,0.30158706726409124,-0.23703709470807477,0.0402040218554256,-0.29718414663060944,-0.3534892553694807,-0.19467560593852407,-0.034909032319973554,-0.17915461130762922,0.1733977645077498,0.047191897068002975,0.27558523192209194,-0.08975268497227462,0.10814242387455542,0.4000058458584721,0.03465369695123344,-0.5461445259508733,,0.038927864220548544,0.1264381623733399,-0.04282787939612283,1
2023-12-26,1.6400000000000001,2.78,-725265.8740000001,-73792.35800000001,0.3068433322684634,-0.2408556012290597,0.04017556901370045,-0.2966015660889316,-0.3527795863601717,-0.18232602371080098,-0.03488458105394088,-0.1789708744349271,0.17322351865010055,0.047158193761845935,0.2751738617403219,-0.08278517143924013,0.10805435644397954,0.3990603980518965,0.03514837656790143,-0.5354895104381028,,0.03886902306294611,0.12856233416722773,-0.0407773077045243,1
2023-12-27,1.6399999999999997,2.88,-724511.088,739.9920000000857,0.3063265182314705,-0.2812648425909272,0.04014713746239229,0.00820709246836171,-0.3520731994454004,-0.19427962488637274,-0.03486014755020783,-0.17878744995834084,0.17304955826722668,0.04712451632796455,0.27476376484638787,-0.0663381784403837,0.10796638305980433,0.39812031577265894,0.020815727712907836,-0.3617433640953214,,0.03881036635317773,0.13400596634859488,-0.018213299759842195,1
2023-12-28,1.62,2.7700000000000005,-724521.792,728.5470000000205,0.31724892522833237,-0.23598810837030892,0.040118727183122704,0.008153227837085053,-0.35137006843608976,-0.197096170406032,-0.03483573179453581,-0.17860433696662825,0.17287588255974007,0.04709086474264024,0.27435493437152436,-0.06381441163195933,0.1078785035671388,0.3971855468765637,0.04047690405524501,-0.36360704068422844,,0.03875189308679242,0.1345780962402819,-0.012523297178320375,1
2023-12-29,1.6100000000000003,2.7300000000000004,-724710.702,533.4930000000168,0.3223757145575761,-0.21910139974689435,0.04009033815753349,0.0073253452975095,-0.3506701674368027,-0.17560326681217797,-0.03481133377270085,-0.17842153455241683,0.17270249073151933,0.04705723898218439,0.27394736349954973,-0.0641797342250473,0.10779071781147498,0.3962560399278463,0.04817311163099865,-0.3464895067333183,,0.038693602267087165,0.13414065623360358,-0.007726993518885821,1
2024-01-01,1.6100000000000003,2.7300000000000004,-724710.702,533.4930000000168,0.32179964113334636,-0.2188388932048616,0.05052808441601497,0.007320302832034331,-0.3499734708415265,-0.17542551260254524,-0.05145708496692414,-0.25146295250367534,0.16069681997982532,-0.07838739117564375,0.28021570693310394,-0.06413261431162709,0.10770302563868794,0.3953317441868991,0.05119468709977415,-0.3459323108877315,,-0.0029111700508949387,0.13384916722054102,-0.01718185793287007,1
2024-01-02,1.62,2.66,-724397.083,868.7910000000848,0.31554447792650686,-0.18922631259846667,0.05049182527980367,0.008730683083655988,-0.34927995332953055,-0.18439620266327894,-0.05142026801089894,-0.25112277226227586,0.16054251868531333,-0.07832816059302128,0.2797898439788771,-0.09763776339423813,0.107615426895034,0.3944126095982494,0.05935890544875516,-0.3518465242781479,,-0.0029142025292893114,0.12181596510475337,-0.01742546287370496,1
2024-01-03,1.6600000000000001,2.7,-751486.873,-26975.785000000033,0.2920404554121243,-0.20584854497045557,0.050455594350419686,-0.10846359594286248,-0.34858958986129573,-0.19635414228894033,-0.05138347946219335,-0.25078350302242935,0.16038844955267328,-0.07826898283502237,0.27936533349676695,-0.11439577669009815,0.10752792142714984,0.3934985867787919,0.04530384695970996,-0.4313152253136472,,-0.002917205084859844,0.11564582669160565,-0.0344885569766082,1
2024-01-04,1.6499999999999995,2.63,-751431.875,-26910.082999999984,0.2973484674654383,-0.1760858224741232,0.05041939160121567,-0.10810119089956538,-0.347902355674515,-0.18702891148666356,-0.05134671929445944,-0.2504451405271839,0.16023461199130096,-0.07820985783626433,0.2789421680037951,-0.11134824772782692,0.10744050908205027,0.39258962700626276,0.05756774322732499,-0.42322525713377906,,-0.0029201779686169396,0.11640917957585699,-0.02948213315764504,1
2024-01-05,1.6500000000000004,2.5700000000000003,-751461.454,-26750.75199999998,0.29686560671828177,-0.15032052312712185,0.05038321700557935,-0.10734774167006644,-0.34721822628016297,-0.1746278997424502,-0.05130998748138382,-0.25010768054794275,0.1600810054127979,-0.07815078553148758,0.27852034007569837,-0.1020736220573456,0.10735318970712893,0.39168568220795663,0.06640574435857978,-0.4124419005640978,,-0.0029231214288917354,0.11935355333981114,-0.024772309133292,1
2024-01-08,1.6500000000000004,2.6100000000000003,-751458.461,-26747.75899999996,0.2963844291435742,-0.16727172860367134,0.05034707053693399,-0.10724835617683215,-0.34653717745863244,-0.17445176067115098,-0.05127328399668596,-0.24977111888422343,0.15992762923096038,-0.07809176585555222,0.2780998423463359,-0.09656017415508111,0.10726596315015491,0.39078670494967427,0.0602935663500462,-0.41183272871819954,,-0.002926035711370553,0.1209830376331781,-0.026270892685581988,1
2024-01-09,1.6300000000000008,2.6000000000000005,-751443.0260000001,-27045.943000000087,0.307382131564778,-0.16284141811575725,0.05031095216873771,-0.10840895508896353,-0.3458591852559384,-0.17121367187157188,-0.05123660881411962,-0.24943545136341516,0.15977448286176954,-0.0780327987434366,0.27768066750710263,-0.11291959128687845,0.10717882925927258,0.3898926484248988,0.06568253535777857,-0.40953182170419866,,-0.0029289210591286474,0.11495852781780758,-0.025213463740407255,1
2024-01-10,1.5899999999999999,2.58,-740558.251,10928.621999999974,0.3295388310222078,-0.15413015219770687,0.050274861874483046,0.05206407422972492,-0.34518422597998666,-0.16797615331189353,-0.051199961907471225,-0.2491006738405419,0.15962156572338038,-0.07797388413024176,0.2772628083063544,-0.11656536114719473,0.10709178788300044,0.3890034664441937,0.07647549615092025,-0.31025301369967184,,-0.002931777712664077,0.1133852892907901,-0.0073204542442222055,1
2024-01-11,1.6300000000000003,2.68,-740504.66,10927.214999999967,0.30626214327359214,-0.19650654425416103,0.05023879962769784,0.05202082952352005,-0.3445122761969054,-0.15242011191648974,-0.051163343250562265,-0.2487667821980264,0.1594688772361117,-0.07791502195118738,0.27684625754883463,-0.12160060034712206,0.10700483887023005,0.3881191134248181,0.05348609954511023,-0.297430957537223,,-0.0029346059099308736,0.11132721751053322,-0.012603382617953116,1
2024-01-12,1.6399999999999997,2.7,-740481.4060000001,10980.047999999952,0.300022043280886,-0.20471245805632343,0.050202765401943905,0.052207053080899124,-0.34384331272744073,-0.12125929327768448,-0.0511267528172461,-0.24843377234545627,0.1593164168224348,-0.07785621214161154,0.27643100809511156,-0.10737793509434668,0.10691798207022396,0.3872395443805525,0.048419184449180065,-0.2719891904100725,,-0.0029374058863707586,0.1160108797557228,-0.00960534273499113,1
2024-01-15,1.6399999999999997,2.7,-740481.4060000001,10977.054999999935,0.2995298194086513,-0.20448038582283645,0.05016675917081859,0.05215697681120046,-0.3431773126434119,-0.12115714004050893,-0.051090190581410067,-0.24810164021935321,0.15916418390696396,-0.07779745463697418,0.27601705286102085,-0.10729068459068747,0.10683121733261491,0.38636471491173463,0.04831732950628077,-0.271537913531734,,-0.0029401778749461698,0.11574860093319499,-0.009608242506633165,1
2024-01-16,1.6499999999999995,2.59,-740461.393,10981.63300000003,0.29329188057263544,-0.15754556009128018,0.050130780907953865,0.05213899880451467,-0.3425142532642276,-0.1116882978438637,-0.05105365651697502,-0.24777038178294652,0.15901217791644506,-0.07773874937285163,0.2756043848171168,-0.14824429689639307,0.10674454450740511,0.3854945811954904,0.0625504464408605,-0.2635757909509187,,-0.0029429221061714056,0.10112346102250133,-0.006338446083547309,1
2024-01-17,1.6300000000000008,2.5600000000000005,-741799.45,-1241.198999999906,0.3042955516550623,-0.1445149653595429,0.05009483058701569,0.00019926194762520666,-0.34185411215345984,-0.13964494352271084,-0.05101715059789458,-0.24743999302594344,0.15886039827974674,-0.07768009628494099,0.27519299698812416,-0.16624550756024814,0.1066579634449647,0.3846290999761697,0.07095165437953649,-0.31670886494166944,,-0.002945638808143823,0.0945330895525017,-0.012777279696550174,1
2024-01-18,1.62,2.46,-741827.493,-1322.8329999999842,0.30949025011063225,-0.10108480218261973,0.050058908181704886,-0.0001480859971778603,-0.34119686711547703,-0.12707385019107809,-0.05098067279815599,-0.2471104699643094,0.15870884442784883,-0.07762149530905371,0.2747828824524081,-0.1602044906259511,0.1065714739960304,0.3837682285559678,0.08795957922931584,-0.3064660520204554,,-0.002948328206574039,0.0963589127463181,-0.005865279173969354,1
2024-01-19,1.5899999999999999,2.4499999999999993,-741834.441,-1353.0349999999162,0.32593042435389363,-0.0966468947051915,0.05002301366575623,-0.00027652961070623316,-0.34054249619213195,-0.1394179559276576,-0.050944223091779706,-0.24678180864004373,0.1585575157938337,-0.07756294638112249,0.27437403434143715,-0.15045382516297812,0.10648507601170376,0.38291192478573866,0.09525613947677261,-0.316025780223829,,-0.0029509905248170723,0.09948451523277557,-0.004642095536830496,1
2024-01-22,1.5899999999999999,2.4899999999999993,-741856.362,-1374.9559999998892,0.32534016635755836,-0.11398510970229059,0.0499871470129396,-0.00036970357806098697,-0.3398909776595066,-0.14550647099349445,-0.05090780145281881,-0.24645400512096138,0.15840641181287474,-0.07750444943719548,0.2739664458392641,-0.1492788125636566,0.10639876934345205,0.3820601470559897,0.08897041393322559,-0.3205615855373361,,-0.002953625983900976,0.0996100289897253,-0.00719001579814919,1
2024-01-23,1.62,2.46,-741830.4539999999,-1369.0609999998705,0.3077905600208042,-0.10082860581544695,0.0499513081970584,-0.00034432451121368945,-0.3392422900247096,-0.11731594553145219,-0.05087140785535971,-0.2461270555004762,0.15825553192222674,-0.07744600441344163,0.273560110182006,-0.16800415140867453,0.10631255384310445,0.3812128542880564,0.08742207643099255,-0.29760472514671577,,-0.0029562348025574843,0.0927717971384674,-0.005237374972578859,1
2024-01-24,1.6100000000000003,2.42,-792320.3300000001,-50520.88000000012,0.31294709047865377,-0.08326635696075868,0.04991549719195132,-0.20684576987669467,-0.3385964120227284,-0.11408610878376813,-0.05083504227352176,-0.24580095589738593,0.15810487556121644,-0.07738761124614357,0.27315502065733144,-0.14400907255271211,0.10622642936285254,0.3803700059254509,0.09536290588884867,-0.41853419616666837,,-0.0029588171972497745,0.10088707666118442,-0.01977790045848043,1
2024-01-25,1.6000000000000005,2.5500000000000007,-792238.457,-50410.964000000036,0.31806089393665893,-0.13980326921288377,0.04987971397149016,-0.2061620513052277,-0.33795332261333266,-0.10771717226561206,-0.05079870468145686,-0.24547570245566053,0.15795444217123245,-0.07732926987170274,0.27275117060395804,-0.15720273065771673,0.1061403957552487,0.3795315619253834,0.07735408284476836,-0.41264296216362584,,-0.0029613733822015237,0.0959876513617512,-0.025032415112401073,1
2024-01-26,1.58,2.54,-792251.598,-50417.15700000001,0.32873710152285174,-0.13535014074216012,0.04984395850958134,-0.20595325188698055,-0.3373130009780293,-0.12330840619821182,-0.05076239505335023,-0.24515129134423064,0.15780423119571463,-0.07727098022663448,0.2723485534111505,-0.14866456298797248,0.10605445287320481,0.37869748275044746,0.08263862382611646,-0.42460647667757534,,-0.002963903569424716,0.09869570628496555,-0.024836004303412706,1
2024-01-29,1.5999999999999996,2.6100000000000003,-792262.18,-50405.81800000009,0.3169018844124498,-0.16541862430615384,0.049808230780165275,-0.2056733332327263,-0.3366754265170676,-0.1294613724165783,-0.05072611336341959,-0.24482771875678078,0.15765424208014522,-0.07721274224757235,0.27194716251822904,-0.1578094833349991,0.10596860056999136,0.37786772936047175,0.06796161027125318,-0.428978353783139,,-0.0029664079687476974,0.0952160098403888,-0.030417470502223494,1
2024-01-30,1.58,2.630000000000001,-792258.525,-50428.07100000011,0.32757986017012586,-0.17382962509241606,0.049772530757216105,-0.20553110305340194,-0.33604057884649285,-0.15738445185920358,-0.05068985958591543,-0.24450498091154227,0.15750447427203906,-0.07715455587126596,0.27154699141408156,-0.14779027932834232,0.10588283869923587,0.3770422632045276,0.06874434150436326,-0.4508505706272997,,-0.002968886787842011,0.09844507474117102,-0.03297974362857084,1
2024-01-31,1.6099999999999994,2.7,-834535.255,-42214.92499999993,0.3101018572681402,-0.2034504641440006,0.04973685841474196,-0.17152262502731863,-0.33540843779524976,-0.1510232523722157,-0.05065363369512099,-0.24418307405108963,0.15735492722093336,-0.0770964210345787,0.2711480336366803,-0.14098108267435494,0.10579716711492249,0.04057420165540537,0.05224904511787146,-0.42497723959131356,,-0.002971340232249462,-0.00014210994917974833,-0.04883602395377492,1
2024-02-01,1.63,2.76,-834423.424,-42184.966999999946,0.29820569226963456,-0.22846479200223113,0.0497012137267856,-0.1712274253944982,-0.3347789834023315,-0.16639618903812659,-0.04323023477636856,-0.17041053673693385,0.1393189966812356,0.02087250446671529,0.2785826112730656,-0.136922435910806,0.1057115856713895,0.04054560091794168,0.03931967921162688,-0.4367207965085991,,0.027576519900151548,0.00123988269158673,-0.0466321033340259,1
2024-02-02,1.5899999999999999,2.5999999999999996,-834433.2980000001,-42181.70000000007,0.3203635922009014,-0.16023820970528257,0.04966559666742243,-0.17104323743065186,-0.33415219591397627,-0.16623326852274178,-0.04319965916513768,-0.1702412497346404,0.13919463830469292,0.020857996173563098,0.2781619675325173,-0.1591899090212251,0.10562609422333002,0.040517021340477966,0.0709435628736933,-0.43610387482497026,,0.027528864750392193,-0.006592228777119886,-0.03823913049060749,1
2024-02-05,1.5600000000000005,2.46,-834472.165,-42209.984999999986,0.3365333091961764,-0.09926651060491232,0.04963000721076227,-0.17099012454079088,-0.3335280557809087,-0.15365582463301464,-0.04316910639260696,-0.1700722342649662,0.1390704418754085,0.020843498187653964,0.2777426473747253,-0.17653264606225194,0.10554069262578913,0.040488462905247546,0.09793238167017111,-0.42563556789943147,,0.02748137878518514,-0.012700644831187718,-0.02950037271224525,1
2024-02-06,1.58,2.54,-834452.3150000001,-42193.79000000004,0.3247662426775866,-0.13408625503326788,0.049594445330948256,-0.1707526997023069,-0.3329065436556269,-0.15662199857019132,-0.04313857643914443,-0.16990348958529655,0.1389464070463733,0.02082901050120345,0.2773246435429946,-0.16108018558049497,0.10545538073416405,0.04045992559450329,0.08161632927479602,-0.4274931448709133,,0.027434061011747238,-0.007330704017864837,-0.033880163297941086,1
2024-02-07,1.6000000000000005,2.54,-795056.755,39478.5,0.31295554003997395,-0.13396816584469207,0.04955891100215748,0.17510848855283467,-0.33228764038973146,-0.1626870992465731,-0.043108069285140216,-0.16973501495598486,0.13882253347168327,0.02081453310642911,0.2769079488370658,-0.15880769984574516,0.10537015840420172,0.040431409390516926,0.0775132542689959,-0.22445717049939656,,0.02738691044532115,-0.006573716687385128,-0.0045539291859881936,1
2024-02-08,1.5999999999999996,2.4899999999999993,-795039.4049999999,39384.01900000009,0.31241607310975206,-0.11205032421037808,0.049523404198600574,0.17454000011900983,-0.3316713270313,-0.1594235284943618,-0.04307758491100688,-0.16956680964033743,0.1386988208065325,0.02080006599555828,0.2764925561125513,-0.16552287579477076,0.10528502549199903,0.04040291427557996,0.08498503337436106,-0.22181761894286353,,0.027339926109093683,-0.00896237332329612,-0.002286507300342209,1
2024-02-09,1.5899999999999999,2.4699999999999998,-795072.875,39360.42300000007,0.3175019044693894,-0.10320054220404329,0.04948792489452125,0.17426612197815405,-0.3310575848223013,-0.159271246594894,-0.0430471232971793,-0.16939887290459932,0.13857526870720926,0.02078560916082628,0.2760784582803817,-0.16375942844378621,0.10519998185400037,0.04037444023200254,0.08985185426122752,-0.22149187498240355,,0.02729310703411501,-0.008383474236824283,-0.0007024693459871645,1
2024-02-12,1.58,2.4699999999999998,-795085.2679999999,39386.89700000011,0.32254475691259676,-0.10311765468304102,0.0494524730641972,0.17420031477872233,-0.3304463951960527,-0.15289106061285074,-0.04301668442411377,-0.16923120401793768,0.1384518768310934,0.020771162594474646,0.27566564830625007,-0.15962271825587782,0.10511502734699851,0.040345987242114356,0.09163522769960367,-0.2160604967406788,,0.02724645225921849,-0.00697389564547345,0.0008470225167628886,2
2024-02-13,1.54,2.33,-795057.384,39394.9310000001,0.3441291751165403,-0.04127383098089343,0.04941704868193897,0.17405815118620827,-0.3298377397747173,-0.16519739242018883,-0.042986268272289685,-0.16906380225242668,0.13832864483664853,0.020756726288748917,0.27525411921006815,-0.18229121811058147,0.10503016182813063,0.040317555288264195,0.12082448505205809,-0.22562566708925647,,0.027199960830940065,-0.014946103112378532,0.00696157019310719,2
2024-02-14,1.5600000000000005,2.37,-830946.4580000001,-35889.703000000096,0.33243137219206775,-0.05895739519451759,0.049381651722090636,-0.14574491513951304,-0.3292316003668402,-0.15258181059996367,-0.04295587482220753,-0.16889666688303417,0.13820557238342057,0.020742300235903954,0.2748438640654336,-0.17741289683294825,0.10494538515487917,0.04028914435282016,0.11053038746576974,-0.4070513577837829,,0.027153631803442366,-0.01327688578147813,-0.02310171234419764,1
2024-02-15,1.5699999999999994,2.5299999999999994,-830864.191,-35824.78600000008,0.32626432055915155,-0.1293163235279885,0.04934628215902914,-0.14533987871687515,-0.32862795896492614,-0.16178974242995714,-0.04292550405439077,-0.16872979718760484,0.13808265913203122,0.020727884428200172,0.27443487599909355,-0.16986261262006241,0.1048606971850714,0.04026075441816901,0.0837356836086158,-0.4138124965530465,,0.0271074642384357,-0.010672444076796149,-0.03177516995228274,1
2024-02-16,1.5300000000000002,2.4699999999999998,-830903.251,-35830.37600000005,0.3477277536958949,-0.10290709277566534,0.0493109399671654,-0.14523101790843607,-0.32802679774305277,-0.16785366973399907,-0.04289515594938409,-0.16856319244684626,0.13795990474417463,0.020713478857907086,0.27402714819042306,-0.16727499924143685,0.10477609777687569,0.040232385466717036,0.10048051331222997,-0.4182376251780926,,0.027061457205103192,-0.009804899872581296,-0.02729686046265629,1
2024-02-19,1.5300000000000002,2.4699999999999998,-830903.251,-35817.983000000124,0.34704453718504613,-0.10282450930890707,0.04927562512094319,-0.1450468418251788,-0.32742809905452297,-0.16768846216775524,-0.042864830487754246,-0.16839685194431464,0.13783730888261259,0.020699083517298655,0.2736206738709055,-0.16711000708817114,0.10469158678880275,0.04020403748088941,0.10025969729293162,-0.41763573426202527,,0.027015609780024156,-0.009785235860512114,-0.027281333885495085,1
2024-02-20,1.5600000000000005,2.5,-830902.005,-35844.62100000004,0.32986634703788753,-0.11592713308654945,0.0492403375948387,-0.1450267820168204,-0.3268318454295549,-0.16129840375129467,-0.04283452765009055,-0.16823077496639904,0.1377148712111702,0.020684698398656387,0.27321544632362027,-0.16180643250403726,0.10460716407970394,0.0401757104431304,0.08965082616141992,-0.41215389946886094,,0.02696992104710031,-0.007967030815577541,-0.029380411432464722,1
2024-02-21,1.54,2.4499999999999993,-778458.199,52488.25900000008,0.3402812397893611,-0.09382194036979885,0.04920507736336166,0.2290791069439746,-0.32623801957300624,-0.16114331053157904,-0.042804247417003394,-0.16806496080230837,0.13759259139473135,0.020670323494266896,0.2728114588827395,-0.16235904128844025,0.10452282950876901,0.040147404335903136,0.10102227800585528,-0.18720999600268223,,0.026924390097482195,-0.008198452822113993,0.007726513602407698,2
2024-02-22,1.4900000000000002,2.5700000000000003,-778436.562,52427.62899999996,0.3667552964549474,-0.14639998389031084,0.04916984440105465,0.2285486862198689,-0.32564660436213566,-0.17343610610390492,-0.042773989769125276,-0.16789940874405496,0.13747046909923433,0.020655958796427454,0.2724087049330264,-0.1647266835356368,0.10443858293552721,0.04011911914168986,0.0918753127179392,-0.197007635768484,,0.02687901602949736,-0.009065099467531394,0.0033714375373537888,2
2024-02-23,1.4900000000000002,2.6400000000000006,-778403.424,52499.82700000005,0.36598249790072823,-0.17662283304647008,0.04913463868249335,0.22855920607126712,-0.32505758284439845,-0.18874732588891707,-0.042743754687111224,-0.16773411808644256,0.13734850399166865,0.020641604297438443,0.2720071779093378,-0.1620001393780489,0.10435442421984442,0.040090854842991464,0.08101627430373835,-0.20889688677501245,,0.026833797948576567,-0.008148743852474133,-0.0015435128158573384,1
2024-02-26,1.5299999999999994,2.62,-778408.2760000001,52494.97499999998,0.34357589190892224,-0.16779829764308052,0.049099460182285615,0.22825660146079474,-0.3244709382352772,-0.18854676016674643,-0.04271354215163692,-0.16756908812704996,0.13722669574006807,0.02062725998960868,0.271606871296143,-0.16272280614759738,0.10427035322192202,0.04006261142232792,0.07625199604773028,-0.20856601019808663,,0.02678873496718503,-0.008439575097287998,-0.0029780552381908493,1
2024-02-27,1.5300000000000002,2.5900000000000007,-778403.042,52498.96299999999,0.34291119443744567,-0.1546106334051912,0.04906430887507285,0.22799063466326275,-0.3238866539161448,-0.18215903258087296,-0.04268335214340013,-0.16740431816621804,0.1371050440135091,0.020612925865253873,0.27120777862703704,-0.1588344762022691,0.10418636980229778,0.040034388862238535,0.0806244890238109,-0.2032648376164276,,0.026743826204751516,-0.007116520581318396,-0.0006839004713307506,1
2024-02-28,1.5500000000000007,2.630000000000001,-778823.048,-364.8489999999292,0.3312899820048314,-0.17182227419118468,0.049029184735528863,0.0048011810647210496,-0.32330471343216216,-0.17576528260131286,-0.042653184643120956,-0.1672398075070357,0.13698354848210537,0.020598601916694825,0.2708098934842653,-0.16512869684743137,0.10410247382184235,0.04000618714528059,0.07052245315543501,-0.3317143455015149,,0.02669907078759872,-0.009357321915371978,-0.02332924646900285,1
2024-02-29,1.5499999999999998,2.6900000000000004,-778755.267,-318.7049999999581,0.33067787254800507,-0.19748851902314557,0.04899408773835945,0.004996248362481248,-0.322725100490207,-0.18179465715129461,-0.04262303963154057,-0.16707555545532426,0.13686220881700395,0.02058428813626101,0.27041320949825187,-0.16711225197842994,0.10401866514175961,0.14707886972511286,0.06131450005520866,-0.3360730369976711,,0.026654467848876057,0.022040905524699245,-0.02204685274216417,1
2024-03-01,1.5699999999999994,2.75,-778694.458,-291.0339999999851,0.3190191465541874,-0.22283750303620709,0.04895901785830392,0.005111848566830224,-0.3221477989568353,-0.1691723458736758,-0.07083566119294904,-0.24103603452400346,0.09892604321022769,0.03670619152675303,0.27865405928037323,-0.16018421532996474,0.10393494362358546,0.14694423364709341,0.04835128058878428,-0.3255594469329437,,-0.0023832812971668477,0.02439602499689528,-0.03126494943806369,1
2024-03-04,1.5700000000000003,2.7200000000000006,-778692.9859999999,-284.70999999984633,0.31845644186458855,-0.2098172762352114,0.048923975070133796,0.005135555275189274,-0.3215727928562738,-0.18144442856985665,-0.07078321090769701,-0.24072296016048378,0.09884777468824213,0.036680326490855064,0.27823324438206964,-0.15452418821765335,0.10385130912918639,0.14680978208563022,0.05270090049132214,-0.33501788540453603,,-0.0023832568577136504,0.026307426944725633,-0.031092112836003334,1
2024-03-05,1.5899999999999999,2.8100000000000005,-778697.667,-294.625,0.30675889378115695,-0.2475961740985645,0.04888895934865278,0.005089309779233275,-0.3210000663684429,-0.1874567332085164,-0.07073080501638895,-0.24041067381239012,0.09876958431180327,0.03665448057167264,0.27781375388908613,-0.15487787561535626,0.10376776152075906,0.14667551461999628,0.03537363969350319,-0.3395118405203389,,-0.0023832068848472013,0.026114114452889862,-0.03699336872327819,1
2024-03-06,1.5699999999999994,2.83,-760650.99,18172.05799999996,0.3173790004689283,-0.255614118225584,0.04885397066869768,0.08448521814314258,-0.32042960382701036,-0.19653285431933276,-0.07067844346911878,-0.24009917201927922,0.0986914719644425,0.03662865375319524,0.2773955805386876,-0.13804688316070002,0.10368430066082834,0.14654143083088234,0.03627389998577981,-0.29879291486578685,,-0.002383131678473857,0.03193552537430961,-0.029742221347606106,1
2024-03-07,1.5899999999999999,2.79,-760630.897,18124.369999999995,0.3056874493656736,-0.23852251400678737,0.04881900900513636,0.08421656304586,-0.31986138971747435,-0.1870403065726164,-0.07062612621606268,-0.2397884513424181,0.09861343752995388,0.036602846019428315,0.27697871712463606,-0.12698104692065904,0.10360092641224705,0.1464075303003911,0.038153430077151086,-0.29101914126106176,,-0.002383031535046619,0.03573921691217313,-0.027441717512949625,1
2024-03-08,1.5899999999999999,2.79,-760638.946,18055.511999999988,0.3051750220230942,-0.23821446334800322,0.04878407433287024,0.08385731065282531,-0.31929540867527484,-0.18063618186867925,-0.07057385320748011,-0.2394785083646065,0.09853548089239128,0.03657705735439798,0.27656315649662355,-0.11822199246120568,0.10351763863819419,0.14627381261203176,0.038071417836142915,-0.2857718043084131,,-0.0023829067476090066,0.03873561994555551,-0.026229728990488012,1
2024-03-11,1.5900000000000007,2.7800000000000002,-760672.871,18020.114999999874,0.3046644608218163,-0.23369739928783007,0.04874916662683226,0.08364165537223855,-0.31873164548393584,-0.18665900151426107,-0.0705216243937119,-0.23916933969000487,0.0984576019360699,0.036551287742141225,0.276148891559715,-0.12070643940431869,0.10343443720217516,0.146140277350713,0.03946322152494486,-0.2903811952784272,,-0.0023827576058391697,0.03779688243446366,-0.02664436987057087,1
2024-03-12,1.5499999999999998,2.7199999999999998,-760671.005,18026.66200000001,0.3263340156717376,-0.20795171835094983,0.048714285861988005,0.08360604968239538,-0.31817008507323186,-0.18956215366442342,-0.07046943972518138,-0.23886094194396112,0.09837980054556317,0.036525537166719024,0.27573591527379415,-0.12571324701867692,0.10335132196801977,0.1460069241027364,0.05604808982087211,-0.29238814416604064,,-0.0023825843960915347,0.035975403463090916,-0.02224313025820371,1
2024-03-13,1.5499999999999998,2.6899999999999995,-761348.769,-697.7789999999804,0.3257422577749869,-0.19487201801441845,0.04867943201333458,0.0027783855339671426,-0.31761071251738626,-0.18936010810084425,-0.07041729915239392,-0.23855331177284123,0.09830207660570323,0.036499805612206115,0.2753242206530222,-0.11747365042644886,0.10326829279988003,0.14587375245579248,0.06040841352019932,-0.3403874826707269,,-0.002382387401439867,0.03879025056743866,-0.0277126576097934,1
2024-03-14,1.5300000000000002,2.45,-761310.6039999999,-679.7069999999367,0.33610338564047093,-0.08976520267491073,0.048644605055901735,0.002854672011630033,-0.31705351303329377,-0.17984032833722774,-0.07036520262593648,-0.23824644584386023,0.09822443000158043,0.03647409306269567,0.2749138007652976,-0.12848730769518835,0.1031853495622328,0.14574076199895192,0.10081174555471659,-0.3323915672827804,,-0.0023821669017181496,0.03486654325315113,-0.014980771663458955,1
2024-03-15,1.4900000000000002,2.4300000000000006,-761240.9079999999,-601.9619999999413,0.3570870736536971,-0.08082036139867277,0.04860980496475076,0.0031893422798281446,-0.31649847197877035,-0.1858737817456525,-0.0703131500964771,-0.23794034084491456,0.09814686061854205,0.03644839950229728,0.27450464873172464,-0.1347596634541811,0.10310249211987421,0.14560795232266166,0.11127629077868373,-0.3366845032158873,,-0.0023819231735616106,0.032602375729791085,-0.012824912682699717,1
2024-03-18,1.4900000000000002,2.4000000000000004,-761267.627,-594.7559999999357,0.3563608757733103,-0.06741335813813609,0.048575031714975125,0.003218371649688301,-0.31594557485082986,-0.17945770088431656,-0.07026114151476592,-0.23763499348441774,0.09806936834219093,0.03642272491513765,0.27409675772608844,-0.14163970637635892,0.10301972033792262,0.14547532301873756,0.11570414068680351,-0.33120248262813823,,-0.00238165649044772,0.03012560179216856,-0.011045704041966323,1
2024-03-19,1.5,2.4400000000000004,-761274.009,-603.0039999999572,0.35027255004201563,-0.0851628589611958,0.04854028528170007,0.0031803950599760267,-0.31539480728398517,-0.17615629059478177,-0.0702091768316333,-0.23733040049113552,0.09799195305838593,0.03639706928536124,0.273690120974337,-0.15579885225622536,0.10293703408181432,0.14534287368035947,0.10735047746279697,-0.3282536798102309,,-0.0023813671227346025,0.025101225743063976,-0.013863066651919602,1
2024-03-20,1.5600000000000005,2.4700000000000006,-802279.897,-40931.128000000026,0.31690058163598755,-0.09841915680465552,0.04850556564008213,-0.1700790186566491,-0.31484615504857605,-0.1571923742385707,-0.07015725599799116,-0.23702655861402477,0.09791461465324058,0.03637143259712894,0.27328473175406653,-0.15548000670383322,0.10285443321730514,0.1452106039020642,0.09102016838299085,-0.41670900361399166,,-0.002381055337701589,0.02514423045033443,-0.03202392929407673,1
2024-03-21,1.5300000000000002,2.6000000000000005,-802244.283,-40933.67900000012,0.3327869680129405,-0.15562146556867018,0.048470872765310924,-0.16992095993220924,-0.3142996040491197,-0.16645597792495692,-0.07010537896483215,-0.2367234646220715,0.09783735301312224,0.03634581483461985,0.2728805833940171,-0.1505344718467826,0.10277191761046867,0.1450785132797412,0.07654918768508788,-0.4236971207287629,,-0.0023807213995867896,0.026806660001212488,-0.0371639931535029,1
2024-03-22,1.5300000000000002,2.6500000000000004,-802262.183,-41021.27500000002,0.33216867982369047,-0.17725254496714649,0.048436206632606726,-0.1701214197470704,-0.3137551403226885,-0.17255348804806891,-0.07005354568322941,-0.23642111530413357,0.09776016802465093,0.03632021598202684,0.27247766927356887,-0.1653580514818741,0.10268948712769332,0.1449466014106242,0.0687515091895724,-0.42836872648031044,,-0.0023803655696267925,0.02154998289922399,-0.040992450172697946,1
2024-03-25,1.5300000000000002,2.62,-802257.439,-40989.812000000034,0.33155297679992923,-0.1640190748629624,0.04840156721722133,-0.16981995888015944,-0.313212750037309,-0.14724695165372148,-0.07000175610433668,-0.2361195074687812,0.09768305957470025,0.03629463602356564,0.2720759828222521,-0.1590393767568138,0.10260714163568485,0.1448148678932879,0.07315733584310478,-0.40761718667345825,,-0.0023799881060914546,0.02369317807559124,-0.03623639756327149,1
2024-03-26,1.5299999999999994,2.63,-802279.714,-41005.705000000075,0.33093984023322376,-0.1682187042246348,0.048366954494439174,-0.16971857825743253,-0.31267241949038604,-0.15656681603329137,-0.0699500101793874,-0.23581863794414337,0.09760602755039449,0.03626907494346332,0.2716755175192558,-0.16066815864827966,0.10252488100146251,0.1446833123276412,0.07146248395133788,-0.4146880514753243,,-0.002379589264323932,0.023054846521906355,-0.03790113287369231,1
2024-03-27,1.54,2.67,-795266.618,7013.27899999998,0.32487504034023096,-0.18542829322896137,0.04833236843957489,0.03745416853944783,-0.31213413510714916,-0.16270849440787516,-0.06989830785969553,-0.2355185035777504,0.09752907183910886,0.036243532725966254,0.27127626689294515,-0.15790991329456727,0.10244270509235909,0.14455193431492086,0.06330607202081681,-0.29497477546692097,,-0.0023791692967752645,0.023952057423703394,-0.022256378424431414,1
2024-03-28,1.5,2.59,-795342.689,6901.594000000041,0.3459662257345215,-0.15035916298252927,0.04829780902797576,0.03694274460552971,-0.3115978834391221,-0.17822188110157,-0.06984664909665494,-0.23521910123638345,0.09745219232846947,0.03621800935533903,0.2708782245203838,-0.15993729618255081,0.10236061377602024,0.1444207334576859,0.08295181467159,-0.30737058818141144,,-0.002378728453040997,0.023174381195020074,-0.018338568759741953,1
2024-03-29,1.5,2.59,-795342.689,6919.493999999948,0.3452910178237305,-0.1502194150210776,0.04826327623501947,0.03699460876636218,-0.3110636511626147,-0.1780397417831293,-0.0697950338417388,-0.23492042780592204,0.09737538890635067,0.03619250481586023,0.2704813840268647,-0.1580117966009783,0.10227860692040269,0.14428970935981367,0.08275404385143434,-0.30687321886425495,,-0.002378266979896966,0.023780296419742636,-0.01823229195622078,1
2024-04-01,1.4900000000000002,2.46,-795190.1640000001,7067.274999999907,0.34997793366040364,-0.09256063839739925,0.015413813823583311,0.037611386540360225,-0.31053142507723674,-0.17785791018469943,-0.15172693834617756,-0.16022714087233114,0.0980341050282394,0.015850368789638747,0.27250489108094644,-0.17760119010249342,0.10219668439377383,0.14415886162649127,0.09472019748912652,-0.30603835126988543,,-0.006661371663808396,0.016856081489895522,-0.016626624136212624,1
2024-04-02,1.5099999999999998,2.4299999999999997,-795196.685,7083.02899999998,0.33854556239877787,-0.07910038354301596,0.015403134809117702,0.03765352243997988,-0.31000119210443255,-0.16198705927866508,-0.15158582463798997,-0.16007364960621917,0.09795672562154567,0.015839385031600095,0.27210313596918123,-0.16901161699412537,0.10211484606471144,0.1440281898642115,0.09542675304225197,-0.29299824922160367,,-0.006672596528504271,0.019794587133968578,-0.014020672532595738,1
2024-04-03,1.4899999999999993,2.4299999999999997,-761648.0730000001,33618.544999999925,0.348640188432114,-0.07904054242841341,0.015392463308754323,0.1521494875863918,-0.30947293928603825,-0.1555281198190509,-0.1514449105131369,-0.15992038825346033,0.09787942303886621,0.015828409006847677,0.2717026023396638,-0.15752668840624495,0.1020330918021004,0.1438976936807681,0.09897761509392149,-0.2188165668750286,,-0.006683719301160511,0.023746549292779837,-0.0012381479344509977,1
2024-04-04,1.5100000000000007,2.5100000000000007,-761650.206,33692.48300000001,0.33721809504030786,-0.11464797701414631,0.015381799316966038,0.15232263928008294,-0.30894665378285846,-0.1616873089421359,-0.1513041954991483,-0.15976735623216454,0.09780219716669292,0.015817440709682717,0.27130328371833534,-0.14702244664622754,0.1019514214751347,0.14376737268524797,0.08251408110424635,-0.22332425585537402,,-0.006694740734208608,0.027355352995691896,-0.006314796281230561,1
2024-04-05,1.4900000000000002,2.4300000000000006,-761649.761,33692.927999999956,0.347314264569226,-0.0788655154434077,0.015371142828230822,0.15218253796756098,-0.30842232287326443,-0.161531629204952,-0.1511636791252029,-0.15961455296260485,0.09772504789177017,0.015806480134410883,0.27090517367986,-0.15503740191321436,0.10186983495331448,0.14363722648802724,0.09856840504250564,-0.2229691743073837,,-0.006705661573601467,0.02448251951044321,-0.0018788921001897502,1
2024-04-08,1.46,2.4000000000000004,-761660.039,33530.12500000012,0.36255410714506553,-0.06535539931959178,0.015360493837030198,0.15134665921820956,-0.30789993395181137,-0.1676739599947078,-0.15102336092212143,-0.15946197786720528,0.09764797510109413,0.01579552727534339,0.2705082658471527,-0.14571690303610552,0.10178833210644522,0.14350725470076542,0.10862769589002487,-0.22807113283592734,,-0.006716482558879855,0.02767717658484852,0.0008500946896256778,2
2024-04-09,1.4399999999999995,2.46,-761653.234,33543.451,0.372293766702096,-0.092196177428299,0.015349852337851466,0.15126288996836812,-0.3073794745278766,-0.17379541268467058,-0.1508832404223599,-0.15930963037053347,0.09757097868191256,0.01578458212679834,0.27011255389091127,-0.14433339276839685,0.1017069128046375,0.1433774569363997,0.10263911194718439,-0.23270628088344159,,-0.006727204423239076,0.028093969093604135,-0.0015819142901300695,1
2024-04-10,1.4000000000000004,2.2700000000000005,-697978.64,63669.43300000008,0.3921773573875924,-0.006641123232316137,0.015339218325185477,0.27637457186537695,-0.30686093222431676,-0.1861542863400848,-0.15074331716000122,-0.15915750989928812,0.09749405852172388,0.015773644683094945,0.2697180315291592,-0.1789154154818604,0.1016255769183061,0.14324783280913844,0.13953944745190233,-0.16721524528743173,,-0.006737827893593819,0.015922906345497524,0.01748352642088211,2
2024-04-11,1.4100000000000001,2.3200000000000003,-697988.185,63662.02099999995,0.38614018616285706,-0.029210388281229682,0.01532859179352819,0.27593261592538876,-0.3063442947761439,-0.17027621477082133,-0.15060359067074858,-0.15900561588228912,0.0974172145082759,0.015762714938560185,0.2693246925267885,-0.18013873115793866,0.10154432431816818,0.14311838193445858,0.12952400679662804,-0.15446797912711016,,-0.0067483536906421185,0.015427472186417903,0.016314037575224042,2
2024-04-12,1.4500000000000002,2.38,-697940.1460000001,63709.61499999999,0.3645011766406754,-0.05625437337402239,0.015317972737380003,0.2757135100664423,-0.3058295500292205,-0.1732523409737048,-0.1504640604919173,-0.1588539477504688,0.09734044652956575,0.015751792887523042,0.2689325306951076,-0.20685885750422883,0.10146315487524293,0.14298910392909692,0.11248177296454255,-0.15667149675663075,,-0.0067587825289301545,0.006008235258584009,0.009455347032423216,2
2024-04-15,1.46,2.25,-697859.89,63800.148999999976,0.35848905881222115,0.002517652522020297,0.01530736115124598,0.2756679386185721,-0.30531668593897265,-0.14780971917895602,-0.15032472616242853,-0.1587025049368589,0.09726375447383906,0.01574087852431849,0.2685415398914015,-0.2119847509747369,0.10138206846085063,0.14285999841104702,0.1309445573123583,-0.13603702373540516,,-0.006769115116913284,0.004147060643453909,0.017807593950686477,2
2024-04-16,1.46,2.21,-697904.378,63748.85600000003,0.3577563333374456,0.02061543095915952,0.015296757029634955,0.27505149764358405,-0.304805690569123,-0.14767408342909438,-0.15018558722280084,-0.15855128687658404,0.09718713822958858,0.01572997184328706,0.26815171401849036,-0.23896930745526435,0.10130106494661173,0.14273106499955257,0.13701914461270226,-0.1359917824985989,,-0.006779352157019192,-0.005364565378162642,0.01820745316304165,2
2024-04-17,1.4800000000000004,2.29,-789570.002,-91591.36199999996,0.34646099984638545,-0.015624464125663429,0.015286160367061097,-0.3760896330494391,-0.30429655209043915,-0.16021250984302138,-0.15004664321514438,-0.15840029300684866,0.09711059768555397,0.01571907283877305,0.26776304702429243,-0.23467813768691004,0.1012201442044458,0.1426023033151027,0.12037863561237104,-0.536401718958344,,-0.006789494345709295,-0.003929606724331673,-0.046633481755117355,1
2024-04-18,1.4700000000000006,2.46,-789562.5,-91574.31499999994,0.351077211410308,-0.09238347981140949,0.015275571158043011,-0.3752094969176196,-0.30378925877950136,-0.16005905084568173,-0.14990789368315205,-0.1582495227669286,0.09703413273072159,0.015708181505123653,0.2673755329013996,-0.23364185766605616,0.1011393061065704,0.14247371297942668,0.09512547740702738,-0.535446494094818,,-0.006799542373538629,-0.003633779151992013,-0.054024283358297946,1
2024-04-19,1.46,2.4799999999999995,-789526.728,-91586.58199999994,0.3556483029441131,-0.10129261468535289,0.015264989397103301,-0.37444314247496735,-0.30328379901748714,-0.1630688173564715,-0.1497693381720946,-0.15809897559816055,0.09695774325432227,0.015697297836694046,0.2669891656866492,-0.23745129830614498,0.10105855052550039,0.14234529361548787,0.09360398770969705,-0.5370912187806498,,-0.00680949692521618,-0.005033873638579239,-0.05493994178127928,1
2024-04-22,1.46,2.4799999999999995,-789539.3099999999,-91679.41999999993,0.35492895446408657,-0.10121170160180792,0.015254415078769679,-0.3739808532217902,-0.30278016128897334,-0.1629110379232851,-0.1496309762288106,-0.15794865094393395,0.0968814291458322,0.015686421827841412,0.2666039394607085,-0.23533841838497738,0.10097787733404728,0.14221704484747955,0.09337736302542843,-0.5363854390450862,,-0.006819358679663733,-0.004361075913581668,-0.054803608006087585,1
2024-04-23,1.46,2.4899999999999993,-789565.374,-91660.99599999993,0.3542129648299812,-0.1056205266731256,0.015243848197574073,-0.37310640475056833,-0.3022783341807528,-0.13095036593095688,-0.14949280740170268,-0.1577985482496781,0.09680519029497137,0.01567555347293048,0.26621984834765544,-0.22186750632006613,0.1008972864053177,0.1420889663008189,0.09158050781417168,-0.5099911361035582,,-0.00682912831007431,0.0002871129200837236,-0.05068873321078824,1
2024-04-24,1.4799999999999995,2.4499999999999993,-934468.781,-144898.77899999998,0.3429464292802513,-0.08754120306666946,0.015233288748052631,-0.551399034968667,-0.3017783063806706,-0.12763813689699433,-0.1493548312407278,-0.1576486669628553,0.0967290265917029,0.015664692766327315,0.2658368865145717,-0.22812675061044618,0.10081677761271313,0.1419610576021424,0.09396181579916944,-0.6140169143271981,,-0.006838806483970526,-0.0019701732685638504,-0.06591922002060609,1
2024-04-25,1.4699999999999998,2.4699999999999998,-934471.494,-144908.99399999995,0.34757203088751076,-0.09648437241665919,0.01522273672474661,-0.5493125597041109,-0.30128006667647467,-0.13392618022914937,-0.14921704729739138,-0.15749900653294913,0.09665293792623242,0.01565383970240597,0.26545504817113885,-0.22583226952415636,0.1007363508299286,0.1418333183792999,0.09244750148222203,-0.6174965200116709,,-0.006848393863260166,-0.001233576029189741,-0.06678736242727752,1
2024-04-26,1.4500000000000002,2.5,-934492.478,-144965.75,0.35739380425529954,-0.10990138666488702,0.015212192122201484,-0.5473856448182828,-0.3007836039546822,-0.1433885913580002,-0.1490794551247412,-0.15734956641145648,0.09657692418900754,0.015642994275542055,0.2650743275692373,-0.22979099463823383,0.10065600593095159,0.14170574826134996,0.09118600379330483,-0.6236124223501791,,-0.006857891104294127,-0.002685521569143791,-0.0683033632259805,1
2024-04-29,1.4500000000000002,2.54,-934533.096,-144993.78600000008,0.35666628842956394,-0.12774688059074424,0.015201654934967168,-0.5453920024047766,-0.300288907199462,-0.1591708106387073,-0.14894205427735863,-0.15720034605187694,0.09650098527071616,0.015632156480117843,0.26469471900254815,-0.21378230933038012,0.10057574279006154,0.1415783468785552,0.08468228922407703,-0.634745194273509,,-0.00686729885792129,0.002851205774455058,-0.07109623622211529,1
2024-04-30,1.4399999999999995,2.4799999999999995,-934561.8,-144996.4260000001,0.3611571344833775,-0.10069055970799856,0.015191125157598018,-0.5433421401142473,-0.2997959654915333,-0.16219277881440164,-0.14880484431135332,-0.15705134490970352,0.09642512106228796,0.01562132631051849,0.2643162168061637,-0.23074532029657624,0.1004955612818288,0.11041688763760682,0.09572063871866203,-0.6356370864149896,,-0.00687661776954375,-0.012462349363879563,-0.0702178781936177,1
2024-05-01,1.4299999999999997,2.54,-910252.674,24216.10699999996,0.36560211925175023,-0.12757238695645,0.01518060278465283,0.11340697300471292,-0.29930476800707795,-0.1556823578779699,-0.11789709426974693,-0.23205734251018528,0.0852280279949773,0.07520100666744334,0.26688795502322926,-0.23168221712185355,0.10041546128111412,0.11032678876451985,0.08786458713875092,-0.23608456330379496,,-0.010456151129555252,-0.012845327914902845,-0.01359414532356821,1
2024-05-02,1.4699999999999998,2.6399999999999997,-910243.206,24228.287999999942,0.34394162057476274,-0.17197421268723956,0.015170087810695065,0.11336494574204758,-0.2988153040166688,-0.1427822199028309,-0.11779876743523399,-0.23176628717156722,0.08516286664042827,0.07514460255823918,0.2665030441126135,-0.20875776483960395,0.10033544266306671,0.11023678654485392,0.06473961910384163,-0.22549599088703745,,-0.010446696858192446,-0.004876776798331858,-0.017745703636201017,1
2024-05-03,1.4900000000000002,2.7199999999999998,-910264.691,24227.78700000001,0.3326954966762141,-0.20692003562277206,0.015159580230292402,0.11326951225531423,-0.29832756288421214,-0.14903967245499605,-0.11770055138782243,-0.2314759256391672,0.08509776514537082,0.07508824781147316,0.26611926665770924,-0.19664575742591106,0.10025550530312399,0.11014688081838586,0.04856928543779244,-0.23026656834133558,,-0.010437238935333694,-0.0006925239974597125,-0.022682387953314984,1
2024-05-06,1.4699999999999998,2.7299999999999995,-910283.4959999999,24249.600000000093,0.3426561474319012,-0.211038260138102,0.015149080038017182,0.11326833451323148,-0.29784153406590463,-0.15527887143670427,-0.11760244593080171,-0.23118625502907186,0.085032723431816,0.0750319423680843,0.26573661683781546,-0.1866679951058574,0.1001756490770116,0.11005707142529286,0.05061098456423487,-0.2349670168809673,,-0.010427777542328466,0.0027448003174918266,-0.02225698150083297,1
2024-05-07,1.4500000000000002,2.75,-910289.8509999999,24271.94900000014,0.3524830892110342,-0.21947910308710994,0.01513858722844641,0.11326947117802133,-0.29735720710920543,-0.16149884253199465,-0.11750445086798489,-0.23089727247452874,0.08496774142192787,0.07497568616911532,0.2653550888747136,-0.19447359540597875,0.10009587386074092,0.10996735820615022,0.05109297131190742,-0.23965171558430617,,-0.010418312858229,-4.1995078988173173e-05,-0.02323074342047917,1
2024-05-08,1.4699999999999998,2.7399999999999993,-844731.019,65521.65500000003,0.3412935607878349,-0.21487624532212035,0.015128101796160864,0.28212449089793656,-0.2968745716518203,-0.16452278990717573,-0.11740656600370691,-0.23060897512581502,0.08490281903802122,0.07491947915571373,0.2649746770322703,-0.19820523676852064,0.10001617953060893,0.10987774100193004,0.04878449095184835,-0.14046828037807083,,-0.010408845059819233,-0.0014028477326900879,-0.00924753319601444,1
2024-05-09,1.4799999999999995,2.6399999999999997,-844696.142,65547.06400000001,0.33536427959120685,-0.17075811931461438,0.01511762373574621,0.28179414417778403,-0.2963936174207008,-0.1611820406476897,-0.11730879114282355,-0.23032136015010662,0.0848379562025634,0.0748633212691372,0.2645953756160415,-0.19683027691356692,0.09993656596319722,0.10978821965400054,0.06214744321753122,-0.13770531646390183,,-0.010399374321642105,-0.0009763329364292292,-0.004757858025200818,1
2024-05-10,1.4800000000000004,2.59,-844724.026,65540.66500000004,0.33473527052972374,-0.1483683249565424,0.015107153041792776,0.2813398762451087,-0.29591433423105806,-0.16738793545195396,-0.11721112609070916,-0.23003442473134816,0.08477315283817322,0.07480721245074129,0.264217178972884,-0.19068910984742737,0.09985703303537208,0.10969879400412363,0.0697605768631513,-0.1426550231531328,,-0.010389900816029168,0.0011184113170177382,-0.002899793920479159,1
2024-05-13,1.4799999999999995,2.6099999999999994,-844729.6599999999,65553.83600000001,0.33410892446228124,-0.15714339375584008,0.015096689708895106,0.28096394879135667,-0.2954367119853869,-0.1672234635403076,-0.117113570653254,-0.22974816607012694,0.08470840886761999,0.07475115264199084,0.26384008149056815,-0.19096477249138544,0.09977758062428155,0.1096094638944547,0.06646694265992294,-0.14246242874866422,,-0.010380424713127036,0.0009673220148500444,-0.0038792893903770043,1
2024-05-14,1.4799999999999995,2.6399999999999997,-844705.936,65583.91499999992,0.3334852218827138,-0.1703182038913813,0.015086233731651744,0.280655648827143,-0.2949607406725058,-0.16387786501320234,-0.11701612463686417,-0.22946258138354403,0.08464372421382405,0.07469514178444969,0.263464077597398,-0.18676363173467359,0.09969820860735679,0.10952022916754056,0.06163432641646189,-0.13968534711777952,,-0.010370946180925815,0.002383170655701289,-0.004697765089604622,1
2024-05-15,1.4899999999999993,2.7299999999999995,-780272.507,64458.51199999999,0.32757107152466847,-0.20973548291124022,0.015075785104666783,0.2758021533986488,-0.29448641036660894,-0.16690163866306762,-0.11691878784845888,-0.22917766790509042,0.08457909879985492,0.07463917981979074,0.2630891617618325,-0.16372559808399234,0.09961891686230917,0.10943108966631931,0.04576519154609992,-0.1447318651112302,,-0.0103614653852852,0.010391988472306688,-0.00901179037832985,1
2024-05-16,1.4699999999999998,2.6399999999999997,-780238.849,64457.29299999995,0.3375376193717208,-0.16989469679396396,0.015065343822547428,0.2753870137956922,-0.2940137112263297,-0.1762686403281123,-0.1168215600954674,-0.22889342288452164,0.08451453254893293,0.07458326668978366,0.26271532849211754,-0.15831197519235363,0.0995397052671314,0.10934204523411717,0.0631946260489791,-0.15219093072087234,,-0.010351982489961248,0.012232319096407377,-0.004623399551466325,1
2024-05-17,1.4800000000000004,2.5999999999999996,-780278.101,64445.92499999993,0.3316295138683043,-0.15192646755338868,0.015054909879905987,0.274933160374238,-0.2935426334938186,-0.17926049349842454,-0.11672444118583059,-0.22860984358773417,0.0844500253844267,0.07452740233630872,0.26234257233591274,-0.15863573328237668,0.09946057370009487,0.10925309571464892,0.06741253917419227,-0.15457407867048803,,-0.010342497656632324,0.01206462286059604,-0.0037382810333841995,1
2024-05-20,1.4699999999999998,2.579999999999999,-780318.456,64411.20399999991,0.33628527674489295,-0.14284158850827366,0.015044483271359654,0.27438866291499364,-0.2930731674938324,-0.16954942252809635,-0.11662743092799543,-0.22832692729664428,0.08438557722985496,0.07447158670134169,0.2619708878799314,-0.1582222928296616,0.09938152203975048,0.10916424095201571,0.07221863586422464,-0.14685024076978032,,-0.010333011044925483,0.012155002509135818,-0.0011219477410606537,1
2024-05-21,1.4799999999999995,2.6099999999999994,-780320.448,64385.48800000001,0.3303842236081267,-0.1561238057112705,0.015034063991528734,0.2738813086696421,-0.29260530363283543,-0.17891276124248223,-0.11653052913091533,-0.22804467130906636,0.08432118800888344,0.07441581972696798,0.2616002697495756,-0.16412446305606998,0.09930255016492628,0.10907548079070417,0.06550136546135829,-0.1543646059719018,,-0.01032352281244138,0.01003497472531096,-0.004579915751691481,1
2024-05-22,1.46,2.59,-718572.816,61699.69099999999,0.3402893001380898,-0.1470368682974349,0.015023652035039081,0.26285589233710627,-0.292139032398113,-0.1850670256553295,-0.11643373560404835,-0.227763072938593,0.08425685764532753,0.07436010135536852,0.26123071260858577,-0.1706698169178974,0.0992236579547272,0.10898681507558505,0.07214544675474092,-0.16562350456086763,,-0.010314033114780075,0.007689888885565949,-0.004624916603567994,1
2024-05-23,1.4500000000000002,2.4700000000000006,-718543.832,61695.01699999999,0.3448622806818289,-0.09277056008292117,0.015013247396520768,0.2624655059188561,-0.2916743443568963,-0.18803711583843796,-0.1163370501573544,-0.22748212951447644,0.08419258606314939,0.07430443152883126,0.2608622111586858,-0.1785765840304463,0.09914484528853507,0.10889824365191192,0.09273607642857393,-0.1679549957335745,,-0.010304542105564779,0.004868364535904647,0.0007816927225305029,2
2024-05-24,1.46,2.4800000000000004,-718507.673,61770.42800000007,0.3389701412824877,-0.09723820746703837,0.015002850070607865,0.2623939748810902,-0.2912112301554999,-0.19730911609308366,-0.11624047260129444,-0.22720183838151065,0.08412837318645883,0.07424881018974605,0.26049476013923467,-0.1731627392838473,0.0990661120460059,0.10880976636532003,0.08910703185658962,-0.17513764603911278,,-0.010295049936467023,0.00670911037635152,-0.001105933276554057,1
2024-05-27,1.46,2.4800000000000004,-718507.673,61810.783000000054,0.33832576542513393,-0.09716137162265504,0.014992460051938883,0.2621835590682351,-0.29074968051846795,-0.19709259730123896,-0.11614400274682868,-0.22692219689991455,0.08406421893951266,0.07419323728059979,0.26012835432688486,-0.17298834280721642,0.09898745810707132,0.108721383061825,0.08890527584644926,-0.1748137507111309,,-0.010285556757231099,0.006716105273496715,-0.001114453251018121,1
2024-05-28,1.4500000000000002,2.4000000000000004,-718494.27,61826.177999999956,0.3429043562939871,-0.06061913252368367,0.014982077335157218,0.2618747204346161,-0.2902896862477353,-0.17470590316746026,-0.11604764040541438,-0.22664320244521718,0.08400012324671424,0.07413771274398617,0.2597629885352404,-0.16528746901990476,0.09890888335193537,0.10863309358782103,0.10329445152015335,-0.15681370202183972,,-0.010276062715696727,0.009357423092557021,0.0063008779377294166,2
2024-05-29,1.4699999999999998,2.33,-697509.995,21062.820999999996,0.33178304002043824,-0.02850543424129104,0.01497170191491004,0.09361936754720057,-0.28983123822179657,-0.15857268750478604,-0.11595138538900374,-0.22636485240814241,0.08393608603261327,0.07408223652259638,0.25939865761451797,-0.19453243075691273,0.09883038766107566,0.10854489779008092,0.11063867259717453,-0.2445852724085864,,-0.010266567957823852,-0.0009322457465186992,-0.006202667933569376,1
2024-05-30,1.46,2.4800000000000004,-697502.715,21041.117000000086,0.33640900416147246,-0.09709105016177744,0.014961333785849407,0.09345445450973111,-0.28937432739488733,-0.16481816311020603,-0.1158552375100439,-0.22608714419449527,0.08387210722190508,0.0740268085592255,0.2590353564512189,-0.1861793716507657,0.09875197091524157,0.10845679551575382,0.08824968403564808,-0.24940645421925856,,-0.01025707262771463,0.0019374483972927035,-0.013209713819529107,1
2024-05-31,1.46,2.5200000000000005,-697490.487,21017.185999999987,0.33577561213933405,-0.11518796152677035,0.014950972942630925,0.09328020979659968,-0.2889189447961763,-0.16785201752323053,-0.11575919658147305,-0.22581007522505125,0.08380818673943025,0.07397142879676699,0.2586730799677954,-0.191490878128723,0.0986736329954534,0.2696922821776473,0.08169096959718657,-0.2516648550183304,,-0.010247576867637574,0.048421648856649825,-0.008541084262005512,1
2024-06-03,1.4699999999999998,2.62,-697437.75,21069.92299999995,0.32990684653576263,-0.1601785021805826,0.014940619379915976,0.0934310251408288,-0.2884650815289669,-0.17725181105026755,-0.11566326241672065,-0.22553364293544276,0.083744324510175,0.0739160971782149,0.25831182312233114,-0.20135728883744175,0.0985953737830021,0.26930058458015993,0.0638871063382878,-0.2588218826730969,,-0.010238080818048723,0.0448235051049941,-0.01549314493824126,1
2024-06-04,1.4900000000000002,2.7,-697428.5059999999,21065.764000000083,0.3187631546742289,-0.19562842189561247,0.014930273092369273,0.0933405349200489,-0.28801272876991024,-0.18660566941309165,-0.115567434829704,-0.22525784477604993,0.08368052045926966,0.0738608136466643,0.2579515809082138,-0.21597974725148694,0.09851719315944751,0.2689100522796726,0.047576238400226525,-0.26608785184039013,,-0.010228584617614611,0.03956112175168797,-0.02226328414764102,1
2024-06-05,1.5300000000000002,2.74,-703425.154,-5915.158999999985,0.29688488345264696,-0.21303083591521155,0.014919934074659524,-0.021979174580165073,-0.2875618777682284,-0.1832335929861496,-0.11547171363482811,-0.2249826782118911,0.0836167745119889,0.07380557814530975,0.25759234835381806,-0.20813836101486005,0.09843909100661863,0.2685206792312427,0.03382489686050025,-0.33231150579795576,,-0.010219088403234572,0.0421614592664883,-0.03592981002237868,1
2024-06-06,1.5,2.71,-703431.438,-5928.722999999998,0.3124213957782389,-0.19957824244510636,0.01490960232146099,-0.022022037992796117,-0.2871125198449459,-0.18621943013877462,-0.1153760986469834,-0.22470814072251344,0.08355308659375216,0.07375039061744504,0.25723412052219485,-0.20144274542888718,0.09836106720661197,0.26813245943448116,0.04396798436303469,-0.3344562788136649,,-0.010209592310061105,0.04436115045254803,-0.0328762720227724,1
2024-06-07,1.46,2.5600000000000005,-703448.775,-5958.288000000059,0.332955613147504,-0.13228175936118547,0.014899277827451707,-0.022133485619791005,-0.28666464639213374,-0.18602341037225434,-0.11528058968154276,-0.22443422980188776,0.08348945663012075,0.07369525100646568,0.2568768925107541,-0.24755582651507546,0.09828312164179143,0.2677453869331292,0.07470563217344699,-0.3340976075049583,,-0.010200096471522653,0.028078169374289356,-0.02604125018544691,1
2024-06-10,1.46,2.5200000000000005,-703469.794,-6032.043999999994,0.3323368149257582,-0.11402825954617901,0.014888960587313704,-0.022434455414247823,-0.2862182488721615,-0.17308841711576595,-0.11518518655436272,-0.22416094295830002,0.08342588454680078,0.07364015925586265,0.25652065945096036,-0.2613073950820065,0.09820525419478665,0.2673594558146408,0.08087468255904681,-0.3236623562644584,,-0.01019060101934434,0.023122087433865297,-0.023366285811711004,1
2024-06-11,1.4800000000000004,2.6000000000000005,-703463.762,-6035.256000000052,0.32122972731940425,-0.15013892414508023,0.0148786505957339,-0.022432691512690117,-0.2857733188169588,-0.1792948971803252,-0.1150898890817792,-0.2238882777142468,0.08336237026964044,0.07358511530922995,0.2561654165080278,-0.26565580238176645,0.09812746474849332,0.2669746602097707,0.06434537628973357,-0.3283595239420495,,-0.01018110608356796,0.02145747989128561,-0.0292769702415865,1
2024-06-12,1.4800000000000004,2.6800000000000006,-666761.6,36663.554000000004,0.3206585828717259,-0.1858104679382644,0.014868347847403207,0.15961634391433677,-0.28532984782728765,-0.18547800538337722,-0.1149946970806065,-0.22361623160632982,0.08329891372463005,0.07353011911025775,0.25581115888061867,-0.2573506805183914,0.09804975318607112,0.2665909942921656,0.051657344580932484,-0.2238105066544723,,-0.01017161179257333,0.02422197372133758,-0.016983979513833795,1
2024-06-13,1.5099999999999998,2.71,-666743.8899999999,36687.54800000007,0.30420393958642844,-0.198923652777943,0.014858052337017424,0.1595641528650813,-0.2848878275720227,-0.18528330385185154,-0.114899610368137,-0.22334480218515418,0.08323551483790292,0.07347517060273279,0.2554578818005466,-0.26447915978482517,0.09797211939094397,0.2662084522779604,0.04130551608407513,-0.22342084790564606,,-0.010162118273098673,0.02158507154552971,-0.020424241197069586,1
2024-06-14,1.5300000000000002,2.75,-666700.911,36747.86400000006,0.2930084605705279,-0.2163366756975399,0.014847764059275237,0.1596641607588538,-0.28444724978744107,-0.19461649496306388,-0.1148046287621377,-0.22307398701522363,0.08317217353573225,0.07342026973054483,0.25510558053247934,-0.2697103033105316,0.09789456324679824,0.265827028425381,0.03128945392332836,-0.23056304938760347,,-0.010152625650259824,0.019612599505307617,-0.02479388771791082,1
2024-06-17,1.5199999999999996,2.67,-666647.455,36822.339000000036,0.29789482582162274,-0.1806699970062935,0.014837483008881769,0.15982341537264055,-0.28400810627652207,-0.1944050912458798,-0.11470975208084944,-0.22280378367483977,0.08310888974453468,0.07336541643768091,0.2547542503736495,-0.27198636990514613,0.09781708463758343,0.26544671703434863,0.04547993498802977,-0.23003488753903273,,-0.010143134047569828,0.018674765266657643,-0.02059582135633979,1
2024-06-18,1.5200000000000005,2.7300000000000004,-666689.568,36774.19400000002,0.29741038992000823,-0.20710223557131036,0.01482720918054481,0.15946874681672374,-0.2835703889082545,-0.1941940853360773,-0.11461498014298499,-0.22253418975600225,0.0830456633908665,0.07331061066822087,0.2544038866535654,-0.2615384227187646,0.09773968344750972,0.26506751244609106,0.0360560167762077,-0.22981625352378027,,-0.010133643586960228,0.022190694988888114,-0.02286043964411157,1
2024-06-19,1.5200000000000005,2.7300000000000004,-716533.0,-49771.40000000002,0.2969276460047334,-0.2068654571244004,0.014816942568977254,-0.20865550461404114,-0.2831340896169531,-0.1939834759392307,-0.11452031276772845,-0.22226520286430684,0.0829824944014248,0.07325585236634757,0.2540544847337256,-0.2611690802888921,0.09766235956104796,0.2646894090427576,0.035966848878809736,-0.4502605372899811,,-0.010124154388798136,0.02217947045808185,-0.05595314395834151,1
2024-06-20,1.54,2.62,-716546.299,-49802.4090000001,0.28572066957654885,-0.15758551600848802,0.014806683168895551,-0.20854389023779984,-0.28269920040158447,-0.18741682647865476,-0.11442574977473241,-0.2219968206188474,0.08291938270304722,0.07320114147633827,0.25370604000733765,-0.26904839220690346,0.09758511286292948,0.26431240124703703,0.049289308699489956,-0.4446793155665544,,-0.010114666571906218,0.01928157260372021,-0.051551535477554686,1
2024-06-21,1.5499999999999998,2.62,-716578.498,-49877.58700000006,0.27988624344241786,-0.157435396254628,0.014796430975021924,-0.2086142286008228,-0.2822657133251,-0.18721866482916028,-0.11433129098411621,-0.2217290406521184,0.08285632822271083,0.07314647794256923,0.253358547899039,-0.2654534141050121,0.09750794323814427,0.2639364835217828,0.04729672580823303,-0.4443028970188818,,-0.010105180253580974,0.020400030253131092,-0.051922707335787945,1
2024-06-24,1.5300000000000002,2.62,-716593.374,-49945.918999999994,0.2902259162047882,-0.15728549896733268,0.014786185982081257,-0.20865630731666063,-0.28183362051377914,-0.19020350539356135,-0.11423693621646558,-0.2214618606099158,0.08279333088753194,0.07309186170951176,0.25301200386461953,-0.2497736845402967,0.09743085057194034,0.2635616503696394,0.05096500182773381,-0.44645676101311293,,-0.010095695549611837,0.025748503221967103,-0.05034066200775468,1
2024-06-25,1.5499999999999998,2.6399999999999997,-716623.768,-49934.20000000007,0.27900359066366853,-0.16613316595278194,0.014775948184803989,-0.20836892872466783,-0.2814029141565786,-0.17724099680420058,-0.11414268529282989,-0.22119527815124296,0.0827303906247665,0.07303729272173598,0.2526664033907493,-0.2583071828889706,0.09735383474982395,0.2631878963326759,0.0439374331042515,-0.43565590317210834,,-0.010086212574298682,0.022622697051101454,-0.05129530413045025,1
2024-06-26,1.5499999999999998,2.55,-758675.993,-42142.99300000002,0.2785818683912864,-0.12526122698389397,0.014765717577923665,-0.17583610849603448,-0.28097358650449145,-0.167446354708761,-0.11404853803472126,-0.220929290948213,0.08266750736180928,0.07298277092390415,0.25232174199470947,-0.2701926531990523,0.0972768956575576,0.2628152159920196,0.05809193976596445,-0.40804290076732436,,-0.01007673144047045,0.018324049658082757,-0.04354942859671451,1
2024-06-27,1.5499999999999998,2.5700000000000003,-758717.5290000001,-42171.2300000001,0.2781614750865433,-0.1342483151892141,0.01475549415617916,-0.17577576161677322,-0.2805456298699138,-0.1736977812263213,-0.11395449426411319,-0.22066389668595532,0.08260468102619312,0.0729282962607789,0.25197801522412355,-0.2727816868858307,0.09720003318115955,0.2624436039674989,0.05479625421091898,-0.41275105987306926,,-0.010067252259502224,0.01727950239361476,-0.045398670423518035,1
2024-06-28,1.5499999999999998,2.5,-758850.407,-42271.908999999985,0.2777424034524798,-0.10219146435169846,0.014745277914313348,-0.17601797586034162,-0.28011903662601856,-0.15422379497987893,-0.11386055380343774,-0.2203990930625208,0.08254191154558876,0.07287386867721812,0.25163521865669125,-0.2674888454985366,0.09712324720690413,0.2620730549172865,0.06586641205956748,-0.39706124347571925,,-0.010057775141333207,0.018993957073114597,-0.039464613127853765,1
2024-07-01,1.5499999999999998,2.38,-758637.6200000001,-42044.24600000016,0.277324646248968,-0.04685289205033549,-0.03105978707862378,-0.17488857314760586,-0.27969379920613835,-0.13464829967150838,-0.15804176395973468,-0.22013487778879037,0.0729770249709949,-0.014938656584731258,0.25660155661223527,-0.27691520671357117,0.09704653762131943,0.26170356353754753,0.07134717784593424,-0.3804680631494532,,-0.03496380891063143,0.015557034878976153,-0.042073453114449134,1
2024-07-02,1.5600000000000005,2.4300000000000006,-758629.206,-42005.437999999966,0.2714973912466776,-0.06991487677538788,-0.031038037076122738,-0.17454975895736957,-0.27926991010315483,-0.14102301915711113,-0.15789152609515356,-0.21987124858838114,0.07292272379025144,-0.014928312777293007,0.2562461180016189,-0.26980842007481365,0.09696990431118735,0.2613351245620916,0.06124246894211457,-0.3851102167620036,,-0.03493167442478387,0.01790705685135828,-0.04544065191015839,1
2024-07-03,1.5299999999999994,2.59,-754577.378,4098.614999999991,0.2872779761967126,-0.14317413297612158,-0.031016302862832412,0.02278342342486761,-0.2788473618688959,-0.15385097915638013,-0.15774150997021896,-0.21960820319755447,0.07286846916175427,-0.014917976235622077,0.255891665594558,-0.24957012248874444,0.09689334716354292,0.2609677327620292,0.041131454268357126,-0.27671914639152106,,-0.03489957019756408,0.024853448464788236,-0.03416531095789381,1
2024-07-04,1.5299999999999994,2.59,-754577.378,4140.151000000071,0.28682960073479613,-0.14304430462409168,-0.03099458442611791,0.02294695791316914,-0.27842614711354197,-0.1537068503011293,-0.1575917150332068,-0.21934573936512802,0.07281426103188604,-0.014907646954401055,0.2555381946169075,-0.2492337823305698,0.09681686606567341,0.2606013829454328,0.041026478310911184,-0.2762529937611271,,-0.0348674963027954,0.024834494190916087,-0.03412170551795715,1
2024-07-05,1.5599999999999996,2.67,-754542.112,4308.295000000042,0.2702034156507025,-0.17905844637099977,-0.03097288175335766,0.023657476206826455,-0.2780062585050359,-0.14384283806182607,-0.15744214073441076,-0.21908385485238324,0.0727600993471218,-0.014897324928315081,0.2551857003274285,-0.23720704463446918,0.09674046090511701,0.2602360699569979,0.022608874721888654,-0.26768353982838655,,-0.034835452812723176,0.028907516681826104,-0.03774260425859827,1
2024-07-08,1.54,2.67,-754566.737,4070.883000000147,0.2806140458791615,-0.1788742112500633,-0.030951194831941864,0.022614675839473186,-0.2775876887685038,-0.15019918611395366,-0.15729278652613377,-0.21882254743297813,0.07270598405402673,-0.014887010152053404,0.2548341780174974,-0.2322689193068349,0.09666413156966303,0.25987178867771243,0.026323583670601808,-0.2731431566485813,,-0.03480343979803661,0.03049986089530357,-0.03720027921132027,1
2024-07-09,1.5600000000000005,2.6500000000000004,-754574.632,4054.5740000000224,0.26938160628671515,-0.16968978279236913,-0.03092952364927426,0.022528443322420433,-0.27717043068568137,-0.14357053650244223,-0.15714365186267754,-0.2185618148928573,0.07265191509925728,-0.014876702620312043,0.2544836230108203,-0.2339119494414027,0.0965878779473508,0.25950853402452845,0.025613281128238827,-0.26764162161991034,,-0.03477145732788853,0.029789135184440374,-0.03668675295882098,1
2024-07-10,1.5599999999999996,2.67,-729600.068,24977.310000000056,0.26898940829390416,-0.17852539955291158,-0.030907868192770138,0.11264843038823047,-0.2767544770943474,-0.1499335836311272,-0.15699473620033366,-0.21830165503016563,0.07259789242956116,-0.014866402327789241,0.25413403066314055,-0.22509046905394126,0.0965116999264688,0.259146300950035,0.02239004260151636,-0.2184104949285719,,-0.03473950546991619,0.03274132109039514,-0.029818239662750656,1
2024-07-11,1.58,2.6899999999999995,-729581.629,24995.74900000007,0.2577204688213022,-0.18731923033752673,-0.030886228449857778,0.11263476124270122,-0.27633982088776365,-0.13679014089862718,-0.1568460389973737,-0.2180420656551617,0.07254391599177579,-0.014856109269189677,0.25378539636196096,-0.20823648924497185,0.0964355973955533,0.2587850844421371,0.01537456493436407,-0.2076551485059392,,-0.03470758429026155,0.038505213185344646,-0.029437016890345346,1
2024-07-12,1.58,2.71,-729584.5109999999,24957.601000000024,0.2573619314777147,-0.19606878879155165,-0.03086460440797756,0.11237898083714515,-0.2759264550141226,-0.12687812689077393,-0.1566975597140402,-0.21778304459013142,0.07248998573282983,-0.014845823439218364,0.25343771552626504,-0.19495123492585575,0.09635957024338948,0.25842487952373894,0.012193218617763795,-0.19963098601880563,,-0.034675693853589415,0.04302038121825849,-0.02850254859815029,1
2024-07-15,1.5799999999999992,2.6599999999999993,-729591.201,24975.535999999964,0.25700439536271924,-0.1734155816602826,-0.030842996054582517,0.11236353813168765,-0.2755143724760015,-0.10710190156439925,-0.156549297812537,-0.21752458966930188,0.07243610159974123,-0.01483554483258831,0.2530909836062383,-0.2024642211906067,0.09628361835900812,0.2580656812524278,0.02000318597947807,-0.18357202185810773,,-0.03464383422310862,0.04025649338466883,-0.024157332032949567,1
2024-07-16,1.5600000000000005,2.7199999999999998,-729587.515,24987.11699999997,0.2675300518296282,-0.20015348060293303,-0.030821403377138124,0.11232093119256303,-0.2751035663298226,-0.12342110480803592,-0.15640125275702133,-0.21726669873875848,0.07238226353961785,-0.014825273444014853,0.2527451960829914,-0.2058752404174633,0.0962077416316871,0.2577074847201637,0.014335378916201867,-0.19640646492878447,,-0.03461200546059131,0.03892862084102743,-0.027974064303450823,1
2024-07-17,1.5599999999999996,2.7299999999999995,-744784.154,-15184.08600000001,0.26714335937252587,-0.2043885818435297,-0.030799826363122174,-0.061679926683042785,-0.27469402968532053,-0.12331644602177538,-0.15625342401359188,-0.21700936965636053,0.07232847149965793,-0.014815009268216994,0.25240034846829795,-0.19736133352391083,0.09613193995094993,0.257350285052971,0.012724224226212005,-0.3004775306384383,,-0.0345802076263899,0.04177479776535498,-0.043633194569696374,1
2024-07-18,1.5699999999999994,2.5699999999999994,-744776.405,-15194.77600000007,0.261324386683939,-0.1318805503764341,-0.030778265000025007,-0.06168131306735125,-0.27428575570501534,-0.1232119095382781,-0.15610581105028254,-0.2167526002916571,0.0722747254271483,-0.014804752299921842,0.2520564363043174,-0.2079837650199129,0.09605621320656454,0.25699407741063474,0.0360718632076192,-0.30014976889404243,,-0.03454844077945864,0.037923580088518496,-0.03714947955340749,1
2024-07-19,1.5700000000000003,2.5199999999999996,-744764.554,-15180.043000000063,0.2609556974379741,-0.10882609667521603,-0.03075671927534962,-0.06157259664778081,-0.27387873760369297,-0.11654228384187226,-0.15595841333705152,-0.21649638852580688,0.07222102526946572,-0.014794502533856058,0.2517134551633353,-0.22181475005919005,0.09598056128854271,0.2566388569863991,0.04401834448436043,-0.29450462762438206,,-0.03451670497736973,0.032949691026193155,-0.03465691338876264,1
2024-07-22,1.58,2.51,-744780.654,-15189.45299999998,0.25513625821917074,-0.10413163087958244,-0.030735189176610223,-0.06156858171407753,-0.2734729686478915,-0.11644548402816035,-0.1558112303457727,-0.21624073225149476,0.07216737097407555,-0.014784259964754853,0.2513714006475023,-0.22430971954234336,0.09590498408713999,0.2562846190066701,0.04363106281587284,-0.29418131743970966,,-0.03448500027633267,0.03194372829267985,-0.03486756959637578,1
2024-07-23,1.5899999999999999,2.5199999999999996,-744774.5900000001,-15187.07500000007,0.24931553721242095,-0.10865629090539741,-0.03071367469133457,-0.06151346459817453,-0.2730684421553927,-0.08665011325599503,-0.15566426155022706,-0.21598562937285126,0.07211376248853218,-0.014774024587356327,0.25103026838856923,-0.23059991431087623,0.09582948149285442,0.25593135873072037,0.04001663380005786,-0.2700692346569364,,-0.03445332673121217,0.02960975613290847,-0.03267726332138987,1
2024-07-24,1.6499999999999995,2.4899999999999993,-767508.6660000001,-22724.512000000104,0.21582375096904105,-0.09472072446580893,-0.030692175807062183,-0.09410447217720241,-0.2726651514947206,-0.06668008191746766,-0.15551750642609352,-0.2157310778053726,0.07206019976047862,-0.014763796396399465,0.2506900540476362,-0.23709380513195666,0.09575405339642584,0.2555790714503987,0.033178406534012585,-0.2734058397371279,,-0.03442168439554491,0.02720480832768382,-0.035582053850099056,1
2024-07-25,1.62,2.5100000000000007,-767486.978,-22710.572999999975,0.23222122871826434,-0.10388787797280186,-0.030670692511345132,-0.09397075146296041,-0.27226309008464666,-0.08323266831470888,-0.15537096445093912,-0.21547707547584105,0.07200668273764643,-0.01475357538663169,0.2503507533148961,-0.23565916174079427,0.09567869968883502,0.25522775248984053,0.03571546500750833,-0.2863264395803313,,-0.03439007332155821,0.027575164028766426,-0.0366955701608718,1
2024-07-26,1.6499999999999995,2.58,-767490.802,-22726.24800000002,0.21527259328350667,-0.13601239438260326,-0.03064922479174781,-0.09396514069791717,-0.271862251393699,-0.08980131135729874,-0.1552246351042118,-0.21522362032224707,0.07195321136785515,-0.014743361552803758,0.25001236190938214,-0.24096152629514822,0.09560342026130386,0.25487739720518454,0.018546302177791848,-0.2913374843408087,,-0.03435849356018744,0.02558788204970984,-0.04288817308037414,1
2024-07-29,1.6600000000000001,2.6100000000000003,-767494.826,-22714.17200000002,0.20943562562877083,-0.14961626080952073,-0.03062777263584615,-0.09383954047186349,-0.2714626289396792,-0.099670336455569,-0.1550785178672307,-0.21497071029370896,0.07189978559901244,-0.014733154889670308,0.2496748755787226,-0.25878970588142036,0.0955282150052934,0.2545280009842896,0.011748445895983686,-0.2989175708113808,,-0.03432694516109184,0.019216878488642453,-0.04701230636988861,1
2024-07-30,1.6499999999999995,2.63,-767476.599,-22702.00899999996,0.21477880637545077,-0.15859893491459498,-0.03060633603122953,-0.09371365300678203,-0.27106421628918353,-0.10290168622540763,-0.15493261222317734,-0.21471834335039675,0.07184640537911391,-0.01472295539198909,0.24933829009889186,-0.2640720767271745,0.09545308381250406,0.25417955924645574,0.010481054201930668,-0.3011880705579054,,-0.034295428172671956,0.01723722025380208,-0.04802216832820429,1
2024-07-31,1.6799999999999997,2.6900000000000004,-779720.809,-12212.142999999924,0.19772502066200603,-0.18565044739759917,-0.030584914965498644,-0.04804223824631615,-0.270667007057131,-0.10281946044624635,-0.15478691765708696,-0.21446651746345569,0.07179307065624219,-0.014712763054524292,0.24900260127396834,-0.2385503908297072,0.09537802657487426,0.2843102745963244,-0.004949373847107192,-0.27348111553906534,,-0.03426394264208684,0.0351827548897058,-0.04579555191205781,1
2024-08-01,1.71,2.74,-779656.4940000001,-12169.516000000061,0.18057936743259262,-0.20791191720803748,-0.030563509426266622,-0.04782205376317694,-0.27027099490629636,-0.09278794911981303,-0.1428825298629176,-0.21421523061492898,0.10814932649122744,0.03109544069547021,0.2490096346219064,-0.24728416597512348,0.09530304318458072,0.28387321096580687,-0.018735445249285686,-0.2650861884975344,,-0.01607220663260464,0.03196857031305209,-0.04460632796060921,1
2024-08-02,1.7999999999999998,2.9300000000000006,-779646.082,-12155.280000000028,0.12896195604281435,-0.29081435830868585,-0.030542119401158696,-0.047725860789495256,-0.2698761735468481,-0.06274253478657532,-0.14275356454324317,-0.21396448079768304,0.10806159402166049,0.031073667609483824,0.24867482135950136,-0.23128836081507376,0.09522813353403614,0.28343755814651694,-0.06581097661340263,-0.24075524843106627,,-0.016057565295814216,0.03741018789559191,-0.0542594433882955,1
2024-08-05,1.85,2.9500000000000006,-779623.8550000001,-12129.029000000097,0.09992999679235726,-0.29887215838062553,-0.030520744877812978,-0.04757720811486699,-0.2694825367358934,-0.07271016475529835,-0.14262477102439353,-0.21371426601533172,0.10797395441272317,0.03105191032551069,0.24834089651836733,-0.2353304529138357,0.09515329751589041,0.2830033082070178,-0.07878598001923778,-0.2484039787146949,,-0.016042931586385444,0.035838988072824485,-0.059531275498648256,1
2024-08-06,1.7799999999999998,2.8300000000000005,-779599.567,-12122.967999999993,0.14030280115163052,-0.24658594690917957,-0.03049938584387868,-0.047516856144265485,-0.2690900782770266,-0.06597784386039884,-0.14249614892785079,-0.2134645842821633,0.10788640751342382,0.03103016883091625,0.2480078559849761,-0.23794389708625086,0.0950785350230281,0.28257045327907737,-0.04634891676830577,-0.24274643574109434,,-0.016028305606820538,0.03476825926159525,-0.04910847790412173,1
2024-08-07,1.7999999999999998,2.7700000000000005,-764042.404,15678.405000000028,0.12865621200566868,-0.21977454583734202,-0.030478042287018448,0.07424354668943733,-0.26869879201988434,-0.049197551470782086,-0.14236769787633374,-0.21321543362306616,0.1077989531731407,0.031008443113075046,0.24767569567295689,-0.23437505599598207,0.09500384594856959,0.282138985557022,-0.0410348295271912,-0.15603118837489388,,-0.016013687458222355,0.03586177215051223,-0.03433928315637019,1
2024-08-08,1.7799999999999994,2.4799999999999995,-764058.9029999999,15597.591000000131,0.14007169310961598,-0.08740118258680929,-0.030456714194905588,0.07383560130346933,-0.2683086718597054,-0.05251367606831403,-0.14223941749379054,-0.2129668120734548,0.10771159124162044,0.03098673315937761,0.2473444115228689,-0.2292470918119811,0.09492923018586841,0.28170889729709714,0.009297664424510665,-0.15869478318839286,,-0.01599907724030883,0.0375014176199897,-0.019389474817984483,1
2024-08-09,1.77,2.53,-764067.9419999999,15578.14000000013,0.14569782820188548,-0.11049531700148774,-0.03043540155522728,0.07369566330785204,-0.26791971173689544,-0.07256819171060724,-0.14211130740539524,-0.21271871767919892,0.10762432156897717,0.03096503895722158,0.24701399950197023,-0.20848277903465318,0.09485468762851257,0.2812801808168348,0.003190258453571026,-0.17458898242591184,,-0.015984475051431857,0.04461422225290123,-0.02253525525273825,1
2024-08-12,1.7799999999999998,2.57,-764084.3849999999,15539.470000000205,0.1398099467827989,-0.1288570137582976,-0.030414104355680593,0.07347183059190354,-0.26753190563659734,-0.07251427353777273,-0.14198336723754168,-0.21247114849655113,0.10753714400569025,0.030943360494023908,0.24668445560399532,-0.21982470262675124,0.0947802181703219,0.2808528284944307,-0.005290704748128728,-0.17444746385703447,,-0.01596988098859104,0.04049027898857894,-0.025673259401854703,1
2024-08-13,1.8000000000000003,2.6199999999999997,-764080.2379999999,15519.329000000143,0.1281404709455103,-0.15169253212594813,-0.030392822583976686,0.07332907747002237,-0.2671452475882662,-0.06240806441764224,-0.14185559661783864,-0.21222410259207558,0.10745005840260435,0.030921697757208877,0.24635577584892632,-0.21142492056319473,0.09470582170534914,0.2804268327681281,-0.01736106818834625,-0.1662161536050601,,-0.015955295147452024,0.043276365230192466,-0.027638112499597026,1
2024-08-14,1.7400000000000002,2.6399999999999997,-787270.784,-23228.380000000005,0.16256036149738562,-0.16068853025584073,-0.030371556227837826,-0.09671345065313075,-0.2667597316652487,-0.07242147623870132,-0.14172799517510437,-0.21197757804257678,0.1073630646109276,0.0309000507342152,0.24602795628277652,-0.18788719211034977,0.09463149812787797,0.28000218613560945,-0.008456325933810637,-0.2760210903819887,,-0.015940717622360406,0.05136116294681771,-0.04022106630100894,1
2024-08-15,1.6799999999999997,2.5700000000000003,-787249.453,-23190.550000000047,0.1965420413097363,-0.12842389349301775,-0.030350305274998712,-0.09647251107943955,-0.26637535198436857,-0.08910835719645771,-0.14160056253936193,-0.21173157293503064,0.10727616248223115,0.030878419412493363,0.24570099297736614,-0.19387276144557586,0.09455724733242299,0.27957888115339524,0.014736260153351874,-0.288995403595451,,-0.01592614850635874,0.049113234406415074,-0.03554298445893951,1
2024-08-16,1.69,2.6,-787272.6290000001,-23204.68700000015,0.19066606595969415,-0.1421200106798085,-0.030329069713205814,-0.09645836098622207,-0.26599210270551676,-0.0923839056284349,-0.14147329834183386,-0.21148608536651448,0.10718935186844658,0.030856803779506725,0.2453748820301085,-0.1861727046466044,0.09448306921372884,0.2791569104362521,0.007892398433998232,-0.2913774027177912,,-0.015911587891201465,0.05165570072936919,-0.037568432740864195,1
2024-08-19,1.6800000000000002,2.6300000000000003,-787275.895,-23191.510000000126,0.19612350159291725,-0.1557487297879141,-0.03030784953021748,-0.09632506073413605,-0.26560997803124375,-0.10233774984290045,-0.1413462022149371,-0.21124111344413865,0.10710263262186603,0.030835203822731527,0.24504961956379567,-0.16511422075767612,0.09440896366676954,0.2787362666566049,0.005038815272685859,-0.29903122313354824,,-0.015897035867369846,0.058874040015164164,-0.03848619185279432,1
2024-08-20,1.69,2.6700000000000004,-787253.131,-23172.893000000156,0.19024433267768726,-0.17385511368974915,-0.030286644713804822,-0.0961681007260885,-0.2652289722063612,-0.09222452946638604,-0.14121927379227717,-0.21099665528497724,0.10701600459514027,0.030813619529656222,0.244725201726383,-0.16066557061127384,0.09433493058674802,0.27831694254395867,-0.00334976676836311,-0.29061786733257866,,-0.015882492524087417,0.06027935875460356,-0.039526329448227045,1
2024-08-21,1.6900000000000004,2.7,-729675.377,57595.40700000001,0.19004032948944238,-0.18729578711412798,-0.03026545525174995,0.2540315008494989,-0.26484907951754344,-0.07873950816478348,-0.1410925127086451,-0.21075270901600174,0.10692946764127886,0.030792050887780364,0.2444016246907812,-0.16377685126721986,0.09426096986909505,0.27789893088432716,-0.008119046744164943,-0.06948215373265351,,-0.01586795794933496,0.05903912077595447,-0.007969158454088078,1
2024-08-22,1.6999999999999997,2.6,-729670.825,57578.628000000026,0.1841553041197388,-0.14143391381928783,-0.030244281131847628,0.25361521709907064,-0.2644702942929368,-0.07868023018302217,-0.14096591860001084,-0.2105092727740121,0.1068430216136469,0.030770497884616166,0.24407888465464755,-0.18414179091852867,0.09418708140946919,0.2774822245196673,0.00587920226560355,-0.06945723046273743,,-0.015853432229864857,0.05176051902772937,-0.004854104093036358,1
2024-08-23,1.6999999999999997,2.65,-729666.9439999999,57605.68500000017,0.1839622633427449,-0.1642406296799067,-0.030223122341904274,0.25338060857604217,-0.2640926109017714,-0.06516122114948952,-0.14083949110351812,-0.21026634470557237,0.10675666636596537,0.030748960507690715,0.2437569778401778,-0.14743257718137248,0.09411326510375506,0.2770668163473222,-0.002164364920577916,-0.05855617831502915,,-0.01583891545121558,0.06445828567703057,-0.0037237222346770543,1
2024-08-26,1.6999999999999997,2.64,-729707.605,57568.29000000004,0.18376956387637677,-0.1595054318777379,-0.03020197886973819,0.25288114743520107,-0.26371602375397896,-0.06511350682988692,-0.1407132298574808,-0.2100239229669424,0.10667040175231035,0.03072743874453976,0.24343590049390595,-0.15683405267710826,0.09403952084806355,0.2766526993194689,-0.0005681474613978572,-0.05859173125517627,,-0.015824407697726132,0.06101772365567501,-0.0037626473027760794,1
2024-08-27,1.71,2.63,-729698.093,57555.03800000006,0.1778765284868815,-0.15476825590222432,-0.03018085070318033,0.25248248341792556,-0.2633405272998137,-0.03465998194630593,-0.1405871345013766,-0.2097820057240144,0.1065842276271094,0.03070593258271348,0.24311564888650006,-0.16369794839992202,0.0939658485387318,0.2762398664425749,-0.0009663598063240804,-0.034242811886177636,,-0.015809909052550343,0.0584657249813559,-0.0006089482407580712,1
2024-08-28,1.71,2.62,-739116.652,-9441.275000000023,0.17769434034277087,-0.1500290075484637,-0.03015973783007242,-0.03757608751680719,-0.2629661160294784,-0.03124983165767703,-0.14046120467584378,-0.2095405911522461,0.10649814384514356,0.03068444200977427,0.24279621931256212,-0.1646367945353565,0.09389224807232077,0.27582831077685954,0.0006349451289857817,-0.20532518745391296,,-0.01579541959767035,0.05798790197099535,-0.025858964183159493,1
2024-08-29,1.6899999999999995,2.4799999999999995,-739111.196,-9440.371000000043,0.1889102737092685,-0.08493978858212736,-0.030138640238268843,-0.037545702863432506,-0.2625927844727538,-0.03461620572602664,-0.1403354400226745,-0.2092996774365976,0.10641215026154494,0.030662967013296294,0.2424776080904274,-0.1781825310080566,0.09381871934561592,0.2754180254357639,0.027348077723018744,-0.2077760569825331,,-0.01578093941391112,0.05309807354887493,-0.018942509051620884,1
2024-08-30,1.6899999999999995,2.4399999999999995,-739160.892,-9493.948000000091,0.1887087166226109,-0.06614221328355752,-0.030117557915635862,-0.0377555911855072,-0.2622205271986331,-0.03459196968053546,-0.14020984018481109,-0.20905926277146725,0.10632624673179425,0.03064150758086459,0.2421598115619772,-0.18174527407730812,0.09374526225562563,0.2750090035854236,0.033863008793977925,-0.20765924677491254,,-0.015766468580953354,0.0517026969380382,-0.01717619698257611,1
2024-09-02,1.6899999999999995,2.4399999999999995,-739160.892,-9453.287000000011,0.1885075271758785,-0.06609352069851027,-0.03009649085005106,-0.03754962922085392,-0.2618493388149604,-0.034567751219767184,-0.14008440480634132,-0.20881934536062785,0.1062404331117226,0.03062006370007886,0.24184282609243524,-0.18155645702141987,0.09367187669958232,0.27460123844415296,0.03381595501206356,-0.20729358179730234,,-0.015752007177347087,0.051620768420602745,-0.017144137297222646,1
2024-09-03,1.7300000000000004,2.51,-739077.57,-9379.476999999955,0.16543666917395305,-0.09882938235673122,-0.03007543902940446,-0.037197311421770296,-0.2614792139680723,-0.04811475418333844,-0.13995913353249234,-0.20857992341716436,0.10615470925750703,0.030598635358551007,0.2415266480701821,-0.19964199968258411,0.09359856257493915,0.27419472328192995,0.014289918677206304,-0.2176977185805763,,-0.01573755528052495,0.045143213996903256,-0.0255305889045203,1
2024-09-04,1.73,2.5799999999999996,-727183.745,11932.907000000007,0.16527468617907237,-0.13133478747921934,-0.030054402441597516,0.057059357089976226,-0.26111014734244486,-0.03110294245148526,-0.1398340260096279,-0.20834099516341154,0.10606907502567187,0.030577222543902938,0.24121127390656083,-0.1887194373603901,0.09352531977937173,0.27378945141989286,0.002862643812469307,-0.14731282811266938,,-0.0157231129668162,0.04881889427261142,-0.017846075173971954,1
2024-09-05,1.73,2.6199999999999997,-727137.524,11973.67200000002,0.16511295607898013,-0.14972326788057244,-0.030033381074543786,0.057198062912611425,-0.26074213366034393,-0.04127756667828131,-0.13970908188524156,-0.2081025588308908,0.10598353027308671,0.030555825243771206,0.24089670003569186,-0.18605918124087806,0.09345214821077619,0.2733854162298368,-0.0036236234529204428,-0.15514849579126455,,-0.015708680311457855,0.04960316330841539,-0.020846056986167972,1
2024-09-06,1.73,2.6299999999999994,-727145.7039999999,12015.188000000082,0.1649514782026935,-0.15419614143751936,-0.03001237491616837,0.05734008978565264,-0.2603751676814786,-0.01402620806570476,-0.13958430080795425,-0.20786461266025125,0.10589807485696578,0.03053444344580236,0.2405829229142864,-0.18770697419570215,0.09337904776726913,0.2729826111337217,-0.005239344607039559,-0.1330420131900594,,-0.01569425738860928,0.04888000909016495,-0.01811966834424835,1
2024-09-09,1.7299999999999995,2.6499999999999995,-727138.591,12022.300999999978,0.16479025188183605,-0.1632576398267903,-0.029991383954408368,0.05733010057539811,-0.26000924420266047,-0.027642290722080687,-0.13945968242750673,-0.20762715490120687,0.10581270863486592,0.030513077137654054,0.24026993902146132,-0.1962098237386548,0.09330601834718633,0.2725810296031834,-0.008461000967056502,-0.14372131875402197,,-0.01567984427136381,0.04575797699394105,-0.021152762621970043,1
2024-09-10,1.7399999999999998,2.6999999999999997,-727127.825,11949.744999999995,0.1588692243098031,-0.18599429847987747,-0.029970408177212637,0.05696785768512358,-0.25964435805746433,-0.01398803590964215,-0.13933522639475726,-0.2073901838124772,0.10572743146468633,0.030491726307000366,0.23995774485855548,-0.20766503038339823,0.0932330598490827,0.27218066515905104,-0.01848489841268982,-0.13279632895111818,,-0.015665441031761186,0.04160300986070488,-0.023140827645309236,1
2024-09-11,1.7500000000000004,2.6999999999999997,-749122.2139999999,-21938.468999999925,0.15294336073256942,-0.18579800248493417,-0.029949447572541477,-0.09318242545450595,-0.25928050411589476,-0.02421246795494847,-0.13921093236167648,-0.20715369766172687,0.10564224320466686,0.030470390941523595,0.239646336948951,-0.19815292729049094,0.09316017217173211,0.27178151137087037,-0.020483958885090102,-0.2308477321061992,,-0.01565104774080065,0.04478698911969552,-0.03796706104870275,1
2024-09-12,1.7399999999999998,2.52,-749137.463,-21999.939000000013,0.1585766651262832,-0.10232416811408362,-0.029928502128367396,-0.09338043218696523,-0.2589176772840549,-0.020782458444697616,-0.13908679998134155,-0.20691769472550747,0.10555714371338776,0.030449071028921137,0.2393357118378927,-0.18453245854474598,0.09308735521412514,0.27138356185643175,0.010709823315759634,-0.22800483243837016,,-0.015636664468452216,0.049409282391212235,-0.02748555162945885,1
2024-09-13,1.7199999999999998,2.54,-749127.95,-21982.246000000043,0.16994969208421185,-0.1115975951856446,-0.029907571832674007,-0.09322969441984996,-0.2585558725038195,-0.0036844711472014957,-0.13896282890793332,-0.20668217328919747,0.1054721328497672,0.030427766556900604,0.23902586609231347,-0.15238083164476157,0.0930146088754702,0.270986810281306,0.011450962364696329,-0.21401891707196288,,-0.01562229128366939,0.06051786511513982,-0.02349544190503191,1
2024-09-16,1.7000000000000002,2.5700000000000003,-749082.385,-21943.793999999994,0.18126220060775644,-0.12550819387790624,-0.029886656673457357,-0.09298755183346208,-0.25819508475251207,-0.010520923863928555,-0.13883901879673044,-0.20644713164694373,0.10538721047306288,0.03040647751318115,0.23871679630065556,-0.14579915118815479,0.0929419330551915,0.2705912503583827,0.010547905353410363,-0.21912632104272733,,-0.015607928254400459,0.06267734876097766,-0.02420495629983945,1
2024-09-17,1.6800000000000002,2.5500000000000003,-749099.336,-21971.511000000057,0.19250949593196687,-0.11606617528016383,-0.029865756638724594,-0.09303737460653572,-0.25783530904258445,-0.013935180256569146,-0.13871536930410533,-0.2062125681016046,0.10530237644286733,0.030385203885496592,0.2384084990726989,-0.14998260553530984,0.09286932765292955,0.2701968758474167,0.017795435236513682,-0.22167175439472742,,-0.015593575447600615,0.061069415495391896,-0.022650114125846377,1
2024-09-18,1.67,2.5,-764390.694,-15268.480000000098,0.198001000045674,-0.09253081808822738,-0.029844871716494636,-0.06330795593094196,-0.25747654042130086,-0.003653342757919842,-0.13859188008751966,-0.20597848096469162,0.10521763061910905,0.030363945661588954,0.2381009710393882,-0.1481534708644885,0.09279679256854001,0.2698036805545778,0.027961102170157924,-0.19539337201768156,,-0.015579232929243944,0.06156626676279138,-0.015580543369497133,1
2024-09-19,1.6700000000000004,2.36,-764396.64,-15259.177000000025,0.1977824097168297,-0.02630944008496161,-0.029824001894798946,-0.06322046408008541,-0.2046007687882171,0.013481988568075032,-0.13846855080551967,-0.20574486855631335,0.10513297286205159,0.030342702829215584,0.2377942088526639,-0.1375207116623679,0.09272432770209282,0.26941165833200653,0.05106833880271415,-0.14990714886652148,,-0.015564900764333749,0.06514476311350567,-0.0012850814132215633,1
2024-09-20,1.6700000000000004,2.36,-764424.179,-15296.22900000005,0.19756424230974945,-0.02629109737866675,-0.029803147161678756,-0.06333883987406752,-0.2043691594945618,0.027182962719795478,-0.13834538111773176,-0.20551172920511818,0.10504840303229157,0.03032147537614538,0.23748820918529234,-0.1414773422412715,0.09265193295387242,0.2690208030773764,0.05100465657737532,-0.1388784294453412,,-0.015550579016914624,0.06361734767262324,0.00012458995307624426,2
2024-09-23,1.6500000000000004,2.34,-764465.235,-15382.849999999977,0.20871568063425583,-0.016776354084793055,-0.029782307505188954,-0.06367744885230442,-0.20413801771445705,0.027164062600619765,-0.13822237068485843,-0.20527906124823836,0.10496392099075846,0.030300263290157003,0.23718296873070055,-0.14238059734832476,0.09257960822437616,0.26863110873345897,0.05824407204075528,-0.13895802985956107,,-0.01553626775008364,0.06315898642665568,0.0022192981597698638,2
2024-09-24,1.6600000000000001,2.3499999999999996,-764473.84,-15374.503999999957,0.20279644405764463,-0.02151670460183608,-0.029761482913394532,-0.06359383262508422,-0.2039073418099464,0.05114218533970205,-0.1380995191686727,-0.20504686303123387,0.1048795265987128,0.030279066559042223,0.2368784842028071,-0.129855846400725,0.09250735341431415,0.26824256928769485,0.054519463935514635,-0.11958695638925673,,-0.015521967026001136,0.06740079824106465,0.004647423701925297,2
2024-09-25,1.6500000000000004,2.3,-800107.134,-35716.439999999944,0.20824951294898364,0.0022800153574416004,-0.029740673374372917,-0.1532496605827982,-0.20367713015134958,0.05453172306517806,-0.13797682623201513,-0.2048151329080392,0.10479521971774508,0.030257885170606125,0.23657475233586367,-0.14273758518289958,0.09243516842460875,0.2678551787717711,0.06476313289493695,-0.17053069598834622,,-0.015507676905901685,0.06275070776612955,-0.0006149775913268409,1
2024-09-26,1.6500000000000004,2.29,-800115.857,-35719.216999999946,0.20801046781584254,0.007038649990033896,-0.029719878876212524,-0.15311846350454372,-0.20344738111720795,0.030470744369834213,-0.1378542915387886,-0.2045838692409062,0.10471100020977508,0.030236719112665567,0.23627176988428777,-0.12751857184605087,0.0923630531563937,0.2674689312612004,0.06635122756919298,-0.1895629112771836,,-0.015493397450104932,0.06793624783698012,-0.0022119806077988604,1
2024-09-27,1.6600000000000001,2.33,-800127.459,-35703.28000000003,0.20208741508766748,-0.012019920649036342,-0.029699099407014096,-0.15290581108093115,-0.203218093094232,0.0338864110243946,-0.13773191475395397,-0.20435307040035122,0.10462686793705167,0.030215568373045842,0.2359695336225074,-0.12875532865303752,0.09229100751101416,0.2670838208749089,0.057613893231416656,-0.1865652136855822,,-0.015479128718026161,0.06736263386276449,-0.004466001183504204,1
2024-09-30,1.6300000000000003,2.27,-800156.579,-35691.34400000004,0.21887614813856615,0.01658755002570178,-0.029678334954889585,-0.15271089291105766,-0.2029892644772472,0.01665989953475311,-0.13760969554352587,-0.204122734765101,0.1045428227621501,0.030194432939587568,0.2356680403447966,-0.13588058292710992,0.09221903139002463,-0.2903923986377205,0.07350879387102689,-0.2000921748051804,,-0.01546487076818695,-0.102399262629296,-0.02718729514591013,1
2024-10-01,1.6499999999999995,2.34,-800066.162,-35592.322000000044,0.20728247943089984,-0.016811886853031477,-0.13657404886990132,-0.15213587333776057,-0.20276089366914152,0.009759113050821444,-0.1554970787191502,-0.2785948164143246,0.07355910657743348,-0.06932329643563251,0.24254998570432673,-0.15229403211150983,0.09214712469519015,-0.2899353532728586,0.025692492741283518,-0.2051307697634841,,-0.058140313939438845,-0.10803202357756946,-0.053801749663632686,1
2024-10-02,1.6399999999999997,2.29,-791613.473,8493.660999999964,0.21272055427398495,0.00706521895557044,-0.13645291239399682,0.04411027504030263,-0.20253297908081336,0.020092848899817106,-0.15535056836101213,-0.2781759248625062,0.0735043097627115,-0.0692719529817295,0.24223204056571057,-0.14739584201699896,0.09207528732848447,-0.2894798330452595,0.03598914691214534,-0.07897934330445275,,-0.05806116300325777,-0.10620614405455792,-0.03149636978102244,1
2024-10-03,1.6199999999999997,2.27,-791571.323,8544.533999999985,0.22378095867649117,0.01661235377015413,-0.13633193162040957,0.044306471882078924,-0.20230551913111916,0.016630153912199575,-0.15520427055053654,-0.2777583434254651,0.0734495600647116,-0.06922065301387326,0.24191490707532237,-0.16970201142654862,0.09200351919209004,-0.28902582909658536,0.04323807987020298,-0.08149530521966447,,-0.05798224113675032,-0.1139022210110361,-0.030833765257731773,1
2024-10-04,1.5699999999999998,2.14,-791560.0869999999,8567.37200000009,0.25151044558595004,0.07857494934204134,-0.13621110622087818,0.04437725334732301,-0.20207851224682283,-0.01790139922193601,-0.1550581847693383,-0.277342064963193,0.07339485742886454,-0.0691693964831156,0.24159858161797887,-0.17361664596611437,0.09193182018839718,-0.2885733326413661,0.07466655635853352,-0.1089418747172487,,-0.057903547100626104,-0.11516168881461084,-0.0256914543973754,1
2024-10-07,1.54,2.09,-791553.0229999999,8603.556000000099,0.26776971596341004,0.10222759544037574,-0.13609043586816993,0.044507792689101544,-0.20185195686254387,-0.02134238042967107,-0.1549123105008947,-0.27692708239088837,0.07334020180069456,-0.06911818334058883,0.2412830606014913,-0.1817720806898654,0.09186019022000358,-0.2881223349662275,0.08867192823087405,-0.11148040284780225,,-0.057825079665451945,-0.11790586215431989,-0.02226263119741909,1
2024-10-08,1.5499999999999998,2.08,-791555.4299999999,8510.732000000076,0.2618660712843459,0.10687750668857765,-0.135969920236077,0.044060442798094845,-0.20162585142070655,-0.014415744508223804,-0.1547666472305338,-0.27651338867840747,0.07328559312581939,-0.06906701353750866,0.24096834045647286,-0.19126917937119914,0.0917886291897132,-0.28767282742913103,0.08826927621970013,-0.10607184078014606,,-0.05774683761155047,-0.12112004079225938,-0.022034708772838398,1
2024-10-09,1.54,2.0600000000000005,-795411.608,-3798.1350000000093,0.267012921511276,0.11624462104629685,-0.13584955899941054,-0.011228083907030229,-0.2014001943714906,-0.010946924254784496,-0.15462119444542877,-0.27610097684972124,0.07323103134994957,-0.06901588702516759,0.24065441763615802,-0.19995475570474386,0.09171713700053674,-0.2872248014586235,0.09338527219532732,-0.13633450637094008,,-0.0576688197288982,-0.12405060698405954,-0.025459390276876298,1
2024-10-10,1.54,2.2300000000000004,-795390.7470000001,-3819.4240000001155,0.26662787132399357,0.03522967826257517,-0.13572935183399792,-0.01131602349649441,-0.20117498417278046,0.002907480705863774,-0.1544759516345875,-0.27568983998237995,0.07317651641888911,-0.0689648037549433,0.24034128861621284,-0.2083270645646632,0.09164571355569007,-0.2867782485530961,0.06493133680509969,-0.1251686200368739,,-0.05759102481702783,-0.12687194741906943,-0.03272444028111855,1
2024-10-11,1.54,2.24,-795399.895,-3839.8080000000773,0.2662439548240061,0.030416002074328485,-0.13560929841667768,-0.011399897780526969,-0.20095021929011592,0.009833587389238563,-0.15433091828884415,-0.2752799712069848,0.07312204827853486,-0.06891376367829094,0.24002894989455403,-0.20346633397482106,0.09157435875859421,-0.2863331602800522,0.0631481953894138,-0.11954320033099489,,-0.05751345168492915,-0.12506213940969504,-0.03212470526551164,1
2024-10-14,1.54,2.24,-795399.895,-3846.8720000000903,0.2658611661903474,0.030394723045831906,-0.13548939842529661,-0.011423832691546232,-0.20072589819664366,0.00982681673757102,-0.15418609390085214,-0.27487136370666354,0.07306762687487534,-0.06886276674674563,0.23971739799116598,-0.20323701910775038,0.09150307251287426,-0.28588952827538583,0.06304274170507376,-0.11942838514285711,,-0.05743609915095303,-0.12487373979082238,-0.032091521016268054,1
2024-10-15,1.5299999999999994,2.29,-795354.5580000001,-3799.1280000001425,0.2709805282963804,0.006379142905462931,-0.1353696515387045,-0.011200949738656707,-0.20050201937306766,-0.007524342848739596,-0.1540414779650735,-0.2744640107165549,0.07301325215399257,-0.06881181291192462,0.23940662944792668,-0.22438984011297924,0.0914318547223596,-0.2854473442426685,0.056464989459033825,-0.1330412557460263,,-0.05735896604271472,-0.1321694981595174,-0.03718185775880009,1
2024-10-16,1.5100000000000007,2.3000000000000007,-785024.7440000001,10386.863999999943,0.2815315836159584,0.0015707392830139888,-0.13525005743675045,0.05269356047147711,-0.20027858130760168,-0.004047931206497268,-0.15389706997777286,-0.2740579055232979,0.07295892406205917,-0.06876090212552366,0.23909664082842497,-0.2404950824888844,0.09136070529108253,-0.28500659995244515,0.058510795783615205,-0.09178935746687256,,-0.05728205119700083,-0.1376990120049642,-0.031190529484941158,1
2024-10-17,1.5300000000000002,2.3500000000000005,-785014.926,10375.821000000113,0.27015379532306216,-0.0224634603673024,-0.13513061580027863,0.0526061188769289,-0.20005558249592015,0.009849481735774157,-0.15375286943700717,-0.2736530414645274,0.07290464254534057,-0.06871003433932088,0.23878742871778713,-0.24765559354991673,0.09128962412327812,-0.2845672872415388,0.046152432494432315,-0.08059009278277542,,-0.057205353459675326,-0.14009827547178513,-0.03355886385477322,1
2024-10-18,1.5300000000000002,2.3600000000000003,-785012.608,10387.287000000011,0.2697594306649487,-0.027255462035595923,-0.13501132631112478,0.05262000583394255,-0.19983302144111237,0.009842700113116498,-0.15360887584261795,-0.27324941192837626,0.0728504075501939,-0.06865920950516902,0.23847898972250192,-0.2396515591055992,0.09121861112338281,-0.28412939801236536,0.044372991126936025,-0.08045364927380869,,-0.05712887168558681,-0.13719035119748535,-0.03361692065401,1
2024-10-21,1.54,2.25,-785013.76,10386.13500000001,0.263863870096136,0.025704491209953995,-0.1348921886521116,0.052577095898597825,-0.19961089665363374,0.023745715488708852,-0.15346508869622366,-0.27284701035298276,0.07279621902306732,-0.0686084275750044,0.23817132047025114,-0.2613304026393196,0.09114766619603576,-0.28369292423225534,0.06088126986149801,-0.06922370806205447,,-0.05705260473847878,-0.14467183502482595,-0.028083101689202354,1
2024-10-22,1.5499999999999998,2.24,-784990.476,10364.082000000053,0.25796727490524973,0.03049990828332927,-0.13477320250704528,0.052440033601494074,-0.19938920665125903,0.023729249133370045,-0.15332150750121065,-0.27244583022600344,0.07274207691050028,-0.06855768850083943,0.23786441760973553,-0.25841025795375727,0.0910767892460762,-0.2832578579327846,0.06053155336388906,-0.06918610452316293,,-0.056976551490898794,-0.14354407142752373,-0.02799419825616098,1
2024-10-23,1.54,2.2,-823232.431,-38207.68699999992,0.26312962205998924,0.04972807481677499,-0.1346543675607107,-0.1655961503148231,-0.19916794995903742,0.023712794395110315,-0.15317813176272577,-0.27204586508413364,0.07268798115912323,-0.06850699223476808,0.23755827781050698,-0.2691093565377425,0.09100598017854367,-0.28282419120911406,0.06910388363865427,-0.19988822464822806,,-0.05690071082411094,-0.1471834390884538,-0.04555476217493373,1
2024-10-24,1.5200000000000005,2.33,-823164.3899999999,-38149.46399999992,0.27374637372501565,-0.01297302370839537,-0.13453568349886846,-0.16517848896324583,-0.1989471251092444,0.013243218892175168,-0.15303496098766778,-0.27164710851263196,0.07263393171565768,-0.06845633872896284,0.23725289776280256,-0.26166093597484896,0.09093523889867794,-0.2823919162193378,0.05090996745615656,-0.207880793329754,,-0.05682508162800719,-0.1444715688424612,-0.05178613449598711,1
2024-10-25,1.5099999999999998,2.29,-823188.592,-38175.98399999994,0.2788093710499262,0.006343337733327514,-0.13441715000825005,-0.16513405975023765,-0.19872673064133717,0.013234089664819315,-0.15289199468467907,-0.27124955414485075,0.07257992852691486,-0.06840572793567368,0.23694827417737852,-0.26512139341856455,0.090864565311918,-0.2819610251838385,0.05947830307166378,-0.20772920250308943,,-0.056749662801021096,-0.14557819739247782,-0.04934003476309122,1
2024-10-28,1.5099999999999998,2.26,-823212.624,-38198.86399999994,0.2783884463931796,0.020827095717035338,-0.13429876677655472,-0.16507373088849886,-0.19850676510190934,0.020203768561922075,-0.15274923236413862,-0.27085319566177213,0.07252597153979767,-0.06835515980722895,0.2366444037853468,-0.27243504253750683,0.09079395932390111,-0.28153151038465096,0.06443580970560882,-0.20198528274470726,,-0.056674453250042035,-0.1480338322401573,-0.04734073764855755,1
2024-10-29,1.4899999999999993,2.26,-823206.433,-38215.95699999994,0.2888502335570948,0.020812634053195556,-0.13418053349244508,-0.1649880646071854,-0.19828722704464508,0.023680860209923882,-0.15260667353815227,-0.27045802679154995,0.07247206070129786,-0.06830463429603373,0.23634128333800875,-0.2741198923649888,0.09072342084046237,-0.2811033641648343,0.0681278436158681,-0.19902048682315915,,-0.05659945189033143,-0.14851977428303453,-0.04584254905375147,1
2024-10-30,1.4400000000000004,2.25,-828452.456,-5220.025000000023,0.3152606771318629,0.02563249083418917,-0.13406244984554316,-0.01690328799550267,-0.198068115030275,0.013182646024363365,-0.15246431772054747,-0.2700640413090568,0.07241819595849797,-0.06825415135457513,0.2360389096067006,-0.27192717968640245,0.09065294976763538,-0.28067657892785214,0.07909387383445526,-0.1184367249959759,,-0.05652465764543932,-0.14764895414992413,-0.030315854132908257,1
2024-10-31,1.46,2.4399999999999995,-828424.7880000001,-5260.398000000161,0.3040281906670399,-0.0662451737102907,-0.1339445155264266,-0.01707459652283594,-0.19784942762653157,0.006179089305272889,-0.1523221644268622,-0.2696712330354354,0.07236437725856981,-0.0682037109354171,0.23573727938263,-0.2708848211604793,0.09058254601165006,-0.059953725335094354,0.043040701276934226,-0.12401114304540219,,-0.05645006944712121,-0.08109191390261854,-0.03196576552090314,1
2024-11-01,1.46,2.3499999999999996,-828378.986,-5190.3940000000875,0.3035222338484913,-0.02270175887343695,-0.13382673022662572,-0.016745302600118417,-0.1976311634081056,0.02017206278455297,-0.12801603562362307,-0.3408161347805111,0.1364191649340616,-0.08664940670107357,0.2405623548702407,-0.2708310961383493,0.09051220947893257,-0.059910235259428846,0.0581391471732813,-0.11248822937729203,,-0.05447609238430853,-0.08108468090862452,-0.025213215486980224,1
2024-11-04,1.46,2.41,-828395.395,-5182.771000000066,0.3030181013410347,-0.05172268239918332,-0.1337090936386176,-0.016699139862261347,-0.1974133209566018,0.013155375709565265,-0.12790591896027692,-0.3401662435775522,0.136298569428841,-0.08658276289707367,0.24024948315290873,-0.261948323361202,0.0904419400761054,-0.05986678003120616,0.047840668538062694,-0.11794317592366566,,-0.05436383035372197,-0.07798726815914565,-0.02862832363943338,1
2024-11-05,1.4500000000000002,2.46,-828367.753,-5161.320000000065,0.30786756644325,-0.07583214933374616,-0.13359160545582482,-0.016590182803609133,-0.19719589886049582,-0.011385915312834172,-0.1277959350006166,-0.3395191639571167,0.13617812786162342,-0.08651618122658444,0.2399374005503523,-0.26012470050830605,0.09037173770998619,-0.05982335961532925,0.041134914351578886,-0.1373803812487303,,-0.054252110357193795,-0.07736054486401073,-0.033433692200735936,1
2024-11-06,1.4000000000000004,2.3,-835234.572,-6782.116000000038,0.33379892384940324,0.0017220043026564547,-0.13347426537260954,-0.023943893244673276,-0.1969788957150912,0.016677373912373117,-0.12768608348689547,-0.3388748748888757,0.13605783991066156,-0.08644966160661671,0.23962610359013325,-0.3042304331601988,0.09030160228758732,-0.05977997397675194,0.07739004524143803,-0.11921177424596019,,-0.054140928010998096,-0.0928090829984396,-0.022121347016978085,1
2024-11-07,1.4400000000000004,2.4800000000000004,-835215.703,-6790.914999999921,0.31206084165665415,-0.08547698877041388,-0.13335707308427103,-0.02396728736257392,-0.1967623101224768,-0.0008805258894095669,-0.12757636416211404,-0.3382333555638718,0.1359377052552071,-0.08638320395434462,0.2393155888216414,-0.2679267366003185,0.09023153371611525,-0.059736623080478224,0.03929722658490278,-0.13314217920255808,,-0.054030278979753855,-0.0801143079336146,-0.033706874839893534,1
2024-11-08,1.38,2.49,-835220.322,-6841.33600000001,0.3430710767294576,-0.09023198380762776,-0.1332400282870413,-0.024180055221382446,-0.169487488423546,-0.021948341324038778,-0.12746677677001783,-0.3375945853915321,0.13581772357550892,-0.08631680818710663,0.23900585281592002,-0.2986680597994913,0.09016153190297005,-0.05969330689156316,0.04852167403652805,-0.1337591992461881,,-0.05392015897575422,-0.09088527683125137,-0.032620208944596066,1
2024-11-11,1.38,2.49,-835220.322,-6824.927000000025,0.3424092491611488,-0.0901619802589062,-0.13312313067808157,-0.024088572835349487,-0.1693191509658376,-0.021933140384953753,-0.12735732105509423,-0.33695854399673053,0.135697894552806,-0.08625047422241061,0.23869689216548728,-0.2981811722008887,0.09009159675574563,-0.05965002537511077,0.048349604912360435,-0.13359114658867527,,-0.05381056375830953,-0.09072635901833329,-0.032595385306920535,1
2024-11-12,1.3600000000000003,2.3600000000000003,-835235.515,-6867.761999999988,0.35209078954793727,-0.02709181210019984,-0.1330063799554787,-0.024267006666570556,-0.16915108342230623,-0.0043375133215503014,-0.12724799676256937,-0.33632521121689973,0.1355782178693261,-0.0861842019779262,0.2383887034841643,-0.3426474909940739,0.09002172818222731,-0.05960677849627649,0.07384772812006447,-0.1195208647105663,,-0.05370148913309765,-0.10630105053302924,-0.0251443411337944,1
2024-11-13,1.4099999999999993,2.3499999999999996,-825456.998,9777.574000000022,0.3253826436556819,-0.022207547439951014,-0.13288977581824069,0.05162738913163323,-0.16898328505504867,0.0238145959338254,-0.1271388036384058,-0.3356945670991869,0.1354586932082802,-0.08611799137149212,0.23808128340690438,-0.3486612308366913,0.0899519260903936,-0.05956356622026482,0.06624435093003361,-0.05136186080698894,,-0.053592930951527736,-0.10841732652728364,-0.017491805559012738,1
2024-11-14,1.3900000000000006,2.3500000000000005,-825433.401,9782.302000000025,0.33526039953414233,-0.02219211415748834,-0.1327733179662952,0.05161195729553003,-0.1688157551291103,-0.00437024725676094,-0.1270297414293,-0.33506659189765964,0.13533932025385909,-0.08605184232110741,0.23777462858962184,-0.34960204080207324,0.08988219038841372,-0.05952038851233121,0.06974190449194033,-0.0738184765055569,,-0.053484885110112956,-0.10875806419848019,-0.019835131035551703,1
2024-11-15,1.4100000000000001,2.3500000000000005,-825391.292,9829.030000000028,0.32416897895468866,-0.02217669183319282,-0.1326570061004818,0.05178786317860884,-0.16864849291246953,0.006204788306239273,-0.1269208098826784,-0.33444126607055435,0.13522009869122908,-0.08598575474493719,0.23746873570902394,-0.3446199161373298,0.08981252098464809,-0.05947724533777976,0.065900198662379,-0.06515254719532498,,-0.0533773475498545,-0.10702576190477252,-0.019401023653764546,1
2024-11-18,1.42,2.3600000000000003,-825418.922,9801.400000000023,0.3183243897080994,-0.02703666056645182,-0.13254083992255328,0.05162484658725219,-0.16848149767602305,0.009726755159952694,-0.12681200874669574,-0.3338185702775708,0.13510102820652858,-0.08591972856130903,0.23716360146244675,-0.3335857661793288,0.08974291778764787,-0.05943413666196562,0.06218845322281067,-0.06233258652530036,,-0.053270314255634846,-0.103175237935678,-0.019487216266212262,1
2024-11-19,1.42,2.3900000000000006,-825419.556,9815.959000000032,0.3177649396237283,-0.04164500177899799,-0.13242481913516835,0.051654299206467025,-0.16831476869357098,0.006191400409494285,-0.12670333777023224,-0.3331984853772083,0.13498210848686343,-0.08585376368871156,0.23685922256768444,-0.3253279515119164,0.0896733807061536,-0.059391062450292464,0.05691453250510511,-0.06504316136466694,,-0.05316378125562206,-0.10029641851710472,-0.021017522544639733,1
2024-11-20,1.4299999999999997,2.37,-745167.0619999999,80289.9360000001,0.311926332619352,-0.031859131158096576,-0.13230894344188948,0.35715855911913974,-0.16814830524180124,-0.0008754143304782191,-0.12659479670288998,-0.33258099242414707,0.13486333922030402,-0.08578786004580141,0.23655559576283247,-0.3425627077047785,0.08960390964909548,-0.05934802266821382,0.05833083747887255,0.11270582086202052,,-0.05305774462068304,-0.1063399861199532,0.005189690299801104,2
2024-11-21,1.4300000000000006,2.41,-745137.836,80295.56499999994,0.31139133264308483,-0.051354657667371795,-0.13219321254717897,0.35645719860614733,-0.16798210660027502,-0.004408531346801525,-0.12648638529499123,-0.3319660726666702,0.13474472009588068,-0.08572201755139464,0.23625271780612,-0.3501483740795416,0.08953450452559242,-0.05930501728123305,0.05135487247734587,0.10955823012608217,,-0.052952200463806706,-0.1090063595282521,0.002251192216926587,2
2024-11-22,1.4299999999999997,2.4299999999999997,-745153.5229999999,80237.76900000009,0.3108583427742464,-0.061068991302766884,-0.13207762615639596,0.3555071390342526,-0.16781617205141175,-0.02208271230680814,-0.12637810329757515,-0.33135370754412663,0.13462625080357937,-0.08565623612446882,0.23595058547575398,-0.36278067263439107,0.08946516524495163,-0.05926204625490272,0.047802985168099034,0.09494841034425798,,-0.05284714493953579,-0.11343904146277461,-0.0016444853522317327,1
2024-11-25,1.4200000000000008,2.5700000000000003,-745136.0179999999,80282.9040000001,0.31560750322527453,-0.12888470284740605,-0.13196218397579162,0.3549704001990086,-0.16765050088047495,-0.014992773284252525,-0.1262699504623951,-0.330743878684436,0.1345079310343391,-0.08559051568416332,0.23564919556976038,-0.34468227295895926,0.0893958917166684,-0.059219109554824456,0.025764324939516477,0.10039772096371817,,-0.05274257424340857,-0.10711596630124913,-0.006464082879626843,1
2024-11-26,1.4300000000000006,2.54,-745098.092,80321.46400000004,0.3097789106166833,-0.1143059472623007,-0.13184688571250736,0.35440998196148477,-0.16748509237555698,-0.004360506023173949,-0.12616192654191627,-0.3301365679016314,0.1343897604800477,-0.08552485614977678,0.2353485449058237,-0.3598697529676411,0.08932668385042519,-0.05917620714664851,0.028861471460281694,0.10866652893301752,,-0.05263848461140962,-0.11244293633502012,-0.005067640825068283,1
2024-11-27,1.4299999999999997,2.5599999999999996,-768514.6749999999,-23347.613000000012,0.30925194509528864,-0.12386759104307898,-0.13173173107457004,-0.101882939017227,-0.16731994582756504,-0.014986736608407658,-0.12605403128931247,-0.32953175719344163,0.13427173883353638,-0.08545925744077121,0.23504863032113366,-0.33687372744714716,0.08925754155609056,-0.059133338996075535,0.025365004595902366,-0.17351112019360135,,-0.052534872319429764,-0.10440566676069246,-0.0472117347442308,1
2024-11-28,1.4299999999999997,2.5599999999999996,-768514.6749999999,-23376.83899999992,0.3087269374915065,-0.12376207326874655,-0.13161671977088796,-0.10193357608263598,-0.167155060530206,-0.014976397757270887,-0.12594626445846424,-0.32892942873891284,0.1341538657885788,-0.08539371947676655,0.2347494486722297,-0.3362387657860224,0.08918846474372022,-0.05909050506885394,0.025252686546699578,-0.1734343001735219,,-0.052431733682733454,-0.10419475688546194,-0.04717648601552107,1
2024-11-29,1.4400000000000004,2.63,-768542.487,-23388.964000000036,0.3029055875409701,-0.15728813374865658,-0.1315018515112497,-0.10190704618473201,-0.16699043577997297,-0.018513348161831256,-0.12583862580395522,-0.3283295648960658,0.13403614103988515,-0.08532824217754065,0.23445099683485138,-0.3267111509309262,0.08911945332355509,-0.05904770533078141,0.011515553373934811,-0.17614916770828798,,-0.05232906505543509,-0.1008714057618143,-0.05118068627219367,1
2024-12-02,1.4099999999999993,2.619999999999999,-768480.718,-23344.70000000007,0.3182386523614167,-0.1523529129253115,-0.13138712600631774,-0.1016258928219097,-0.16682607087613066,-0.029146426077046095,-0.12573111508107038,-0.32773214819959173,0.13391856428309867,-0.08526282546303365,0.23415327170378597,-0.3462566679095278,0.08905050720602103,-0.05900493974770438,0.018643871000741483,-0.1843883190804611,,-0.05222686282998528,-0.10772363817053868,-0.05128034799492384,1
2024-12-03,1.3999999999999995,2.579999999999999,-768506.432,-23408.340000000084,0.32291733577925963,-0.1329871421398362,-0.13127254296762736,-0.10183254554016896,-0.16666196512070075,-0.014920894432204346,-0.12562373204579302,-0.3271371613585822,0.13380113521479342,-0.0851974692533446,0.2338562701927156,-0.33933646857009603,0.0889816263017289,-0.058962208285518125,0.027093804883509987,-0.1730334219422853,,-0.05212512343666342,-0.10531285727958394,-0.04665508127739324,1
2024-12-04,1.3899999999999997,2.619999999999999,-782783.039,-14268.36400000006,0.3275566486281736,-0.15210400246951894,-0.1311581021075815,-0.06026591921783897,-0.1664981178184487,-0.014910601320437311,-0.12551647645480213,-0.326544587254297,0.1336838535324687,-0.08513217346872892,0.23355998923407295,-0.3313698716793866,0.08891281052147404,-0.058919510910166006,0.02206099552325467,-0.14798690327812244,,-0.05202384334307883,-0.10253582467831918,-0.04396607137225955,1
2024-12-05,1.4000000000000004,2.5200000000000005,-782752.137,-14237.462000000058,0.32174447943619566,-0.10366520974894666,-0.13104380313944897,-0.06008136480273263,-0.166334528276869,-0.02912503685497292,-0.1254093480654701,-0.3259544089379651,0.13356671893454575,-0.08506693802960119,0.23326442577889273,-0.3185792283019272,0.08884405977623477,-0.05887684758764,0.03701460344870246,-0.1591495653317393,,-0.05192301905368048,-0.09807036326028434,-0.04045936301761292,1
2024-12-06,1.42,2.54,-782750.1869999999,-14207.699999999953,0.31068031576521915,-0.11329530155108769,-0.13092964577735933,-0.0599020618266497,-0.1661711958061718,-0.0184297770502293,-0.12530234663585926,-0.3253666096286193,0.1334497311203653,-0.08500176285653194,0.23296957679666752,-0.32763543397644124,0.08877537397717283,-0.058834218283980944,0.029805861241738216,-0.15038777621987634,,-0.05182264710927275,-0.10125128648493822,-0.04175976281051891,1
2024-12-09,1.42,2.49,-782773.2019999999,-14292.483999999939,0.31015001208648574,-0.08886679763375882,-0.1308156297363009,-0.060245422555700645,-0.16600811971926877,-0.011292947821977872,-0.12519547192472047,-0.3247811727109665,0.13333288979018287,-0.08493664787025124,0.23267543927520173,-0.3237144548988876,0.08870675303563269,-0.05879162296527718,0.03820443613756415,-0.14478648362256394,,-0.051722724086541716,-0.09989018254172237,-0.03817085010500913,1
2024-12-10,1.4100000000000001,2.4700000000000006,-782795.0149999999,-14288.582999999868,0.31487660928440087,-0.0790255863528927,-0.13070175473211632,-0.06018387885805998,-0.16584529933175995,-0.011285168756347774,-0.12508872369148993,-0.3241980817332891,0.1332161946451642,-0.08487159299164226,0.2323820102204699,-0.33635443605225657,0.08863819686314067,-0.058749061597665686,0.043337331606392956,-0.14464564191897017,,-0.05162324659758598,-0.10432540219549026,-0.03725026878464767,1
2024-12-11,1.42,2.4300000000000006,-768349.635,14433.40399999998,0.3090760529557117,-0.05936328302218763,-0.1305880204815001,0.07136141762671655,-0.16568273396191857,0.0029931744784148506,-0.12498210169628687,-0.3236173204053797,0.13309964538738472,-0.08480659814174818,0.23208928665647655,-0.33173243147315323,0.08856970537140518,-0.0587065341473314,0.0482230633322834,-0.05419825021838933,,-0.051524211289456515,-0.10271891437981123,-0.021951708512409192,1
2024-12-12,1.4399999999999995,2.2799999999999994,-768334.54,14417.59699999995,0.2979851921175838,0.014532164057622143,-0.13047442670199516,0.07123636657449994,-0.1655204229306798,0.013700906929592138,-0.12487560569990996,-0.3230388725965062,0.132983241719822,-0.08474166324176435,0.2317972656251157,-0.33505652972356903,0.0885012784723147,-0.05866404058050756,0.07023874665072352,-0.0456097082700342,,-0.05142561484370259,-0.10389355011209127,-0.01421026847302741,1
2024-12-13,1.42,2.1999999999999993,-768305.292,14444.894999999902,0.3080670576894511,0.053923066142430365,-0.13036097311198813,0.07130824221086107,-0.1653583655616253,0.017263243602496425,-0.12476923546383645,-0.3224627223334111,0.13286698334635583,-0.08467678821304392,0.23150594418602988,-0.34733127268460107,0.0884329160779398,-0.05862158086347424,0.08758825140756207,-0.042619479128461396,,-0.05132745397592684,-0.1082008990713737,-0.009178444801688354,1
2024-12-16,1.42,2.21,-768280.268,14492.933999999892,0.3075464558081791,0.04896271792700402,-0.13024765943070837,0.07147491865341982,-0.1651965611809708,0.01367709076238599,-0.12466299075021914,-0.32188885379833665,0.13275086997176122,-0.084611972977094,0.231215319416475,-0.34516707928922175,0.0883646181005302,-0.05857915496256072,0.08570391297810157,-0.045291312906621806,,-0.05122972543534491,-0.10745460790481026,-0.010008145587120569,1
2024-12-17,1.3899999999999997,2.1999999999999993,-768287.608,14507.40699999989,0.3227286193294867,0.05385249388209434,-0.13013448537822292,0.07148809985673221,-0.16503500911755287,0.01724434352462101,-0.1245568713218822,-0.32131725132708566,0.13263490130170763,-0.0845472174555757,0.23092538841118548,-0.3530154689845222,0.08829638445251509,-0.058536762844142776,0.09276304401058649,-0.042332670736795586,,-0.05113242600435259,-0.1102127084394453,-0.007836000174348332,1
2024-12-18,1.37,2.0999999999999996,-761174.3189999999,7175.316000000108,0.33251751110106387,0.10290491652352696,-0.13002145067543347,0.03781535910812561,-0.16487370870281504,0.01723243403212904,-0.12445087694232138,-0.3207478994071059,0.13251907704275423,-0.08448252157030633,0.23063614828223633,-0.35725219171262446,0.08822821504650324,-0.0584944044746446,0.11339141446597675,-0.06244906253111041,,-0.051035552498100864,-0.11170671317553581,-0.004864830140729123,1
2024-12-19,1.3999999999999995,2.1499999999999995,-761155.085,7179.4550000000745,0.31632492572313287,0.07831150446163293,-0.12990855504407406,0.037807807968866625,-0.13704414266554976,0.052995652586622866,-0.12434500737569987,-0.3201807826756098,0.1324033969023466,-0.084417885243257,0.23034759615891276,-0.391656799463744,0.088160109795282,-0.05845207982053724,0.09915018405144581,-0.017145278748711586,,-0.05093910176407635,-0.12375946533012286,-0.0041254318374105165,1
2024-12-20,1.4300000000000006,2.2,-761141.024,7164.26800000004,0.30002049859718904,0.05362774755422839,-0.12979579820670628,0.0377113886777809,-0.13692243531420656,0.04222845058529323,-0.1242392623868458,-0.31961588591771684,0.1322878605888127,-0.08435330839654964,0.230059729187577,-0.36460988674149364,0.08809206861181673,-0.058409788848339694,0.08483814669098422,-0.02574386751362081,,-0.050843070681687544,-0.11430417299988882,-0.008266529740153065,1
2024-12-23,1.42,2.13,-761158.6719999999,7121.596000000136,0.3047990340665312,0.08806067310841059,-0.12968317988671785,0.03748849316642988,-0.13680088480823915,0.06723013527821076,-0.12413364174125041,-0.3190531940646272,0.1321724678113605,-0.08428879095245967,0.22977254453153573,-0.37830626524817035,0.0880240914092505,-0.058367531524618044,0.09859594354521428,-0.005803326762516957,,-0.050747456161859245,-0.11910902030100735,-0.0018449330364291756,1
2024-12-24,1.3900000000000006,2.13,-761223.6569999999,7063.951000000117,0.3199836168154515,0.08799272406150216,-0.12957069980831815,0.037196664293809745,-0.13667949081590036,0.07075258018372765,-0.124028145205065,-0.31849269219182297,0.132057218280073,-0.08422433283341435,0.2294860393709115,-0.37872490941455106,0.08795617810090306,-0.05832530781598522,0.10392050936443833,-0.0030876317662722405,,-0.05065225514663224,-0.11926664830457236,0.00015994701204675305,2
2024-12-25,1.3900000000000006,2.13,-758065.026,3109.292999999947,0.3194177617173377,0.0879248388732643,-0.12945835769653458,0.018933550157613777,-0.1365582530064845,0.07070020593910553,-0.12392277254509931,-0.3179343655172948,0.13194211170590586,-0.08415993396199384,0.22920021090251574,-0.3778924944989388,0.08788832860027185,-0.058283117689102104,0.10373240289775032,-0.014014656958038003,,-0.050557464608768976,-0.11898639337126406,-0.0014698028322624596,1
2024-12-26,1.4000000000000004,2.2699999999999996,-758080.855,3074.2299999999814,0.3136438481769348,0.018654271322324778,-0.12934615327721166,0.01875857707218498,-0.1364371710503245,0.06349320865998331,-0.12381752352881792,-0.3173781993997955,0.1318271478006845,-0.08409559426093305,0.2289150563397182,-0.3768961943183077,0.08782054282102947,-0.05824096111067578,0.07750049584157735,-0.019812589458897058,,-0.05046308155136564,-0.1186487663572501,-0.010134825007790279,1
2024-12-27,1.3999999999999995,2.2299999999999995,-758152.776,2988.2480000000214,0.31310242897282614,0.03847616979069013,-0.12923408627700483,0.018348363713443394,-0.1363162446187871,0.07418306356925641,-0.12371239792433919,-0.31682417933712026,0.13171232627709917,-0.084031313653114,0.22863057291232436,-0.3801681243589108,0.08775282067702439,-0.05819883804746073,0.08428228368412924,-0.0114342776878011,,-0.050369103007469176,-0.11980500770289845,-0.006993483455233453,1
2024-12-30,1.4300000000000006,2.3,-758144.78,3013.891999999876,0.29681868452928173,0.003703790500935167,-0.12912215642337987,0.01845424000949558,-0.13619547338426885,0.07412776136481836,-0.12360739550043198,-0.316272290964413,0.13159764684870234,-0.08396709206157027,0.22834675786644754,-0.3921787594812193,0.08768516208228094,-0.05815674846625818,0.06644621933356196,-0.01134253093300927,,-0.05027552603970169,-0.12401978362950586,-0.012939362894234103,1
2024-12-31,1.42,2.2699999999999996,-758357.497,2866.159999999916,0.301605441542367,0.018608521222711616,-0.12901036344460814,0.01775800304647368,-0.1360748570201915,0.08122936871681907,-0.12350251602651252,-0.31572252005249557,0.13148310922990514,-0.08390292940948707,0.22806360846438722,-0.4069042004705017,0.08761756695099754,-0.058114692333915974,0.07337177793439506,-0.006006617410775433,,-0.050182347739889,-0.12918472943200124,-0.010812755581070234,1
2025-01-01,1.42,2.2699999999999996,-713493.9689999999,44571.05700000003,0.3011082625075685,0.01859562000828885,-0.15313535087775865,0.20772156987998058,-0.13595439520099828,0.08116787650502522,-0.14127073824892755,-0.24425515377826146,-0.07573624799662859,-0.0006895203552316209,0.23505418017299484,-0.4059159774618477,0.08755003519754667,-0.05807266961732871,0.06595575361722247,0.10799460601140956,,-0.07247313369955963,-0.12884988067770398,-0.0014598485396673279,1
2025-01-02,1.4499999999999993,2.34,-713260.367,44820.48800000001,0.2847572720352507,-0.016250155319418758,-0.1529918085329477,0.2085881256384905,-0.13583408760214888,0.07752456679646902,-0.1411439125005829,-0.24393391122943087,-0.07567957328117536,-0.0006890448466765342,0.23475501862410453,-0.4110964018795078,0.08748256673647536,-0.05803068028343761,0.04807994829065687,0.10567207625898019,,-0.0724001632359966,-0.1306740463850926,-0.007426351840718954,1
2025-01-03,1.4400000000000004,2.3100000000000005,-713257.8859999999,44894.890000000014,0.2896212109101479,-0.0013001585114261749,-0.1528484723466681,0.20867836705108123,-0.135713933900117,0.07746635956680281,-0.1410172538620582,-0.24361349290809253,-0.07562294787143675,-0.0006885696681451225,0.23445658673423964,-0.4098710880137738,0.08741516148250361,-0.0579887242992303,0.055057826635552184,0.1057517475440208,,-0.07232732618978957,-0.13025619157571366,-0.005240150161535666,1
2025-01-06,1.4399999999999995,2.29,-713252.4349999999,44892.34500000009,0.28916535209748284,0.008667532632171682,-0.15270534182198892,0.20842792637766916,-0.13559393377238427,0.0845788250240791,-0.14089076197007222,-0.24329389512438004,-0.07556637170905567,-0.000688094819403462,0.23415888139928054,-0.37755392331778304,0.08734781935052371,-0.05794680163174115,0.05842990710878241,0.11136345558243421,,-0.07225462206717029,-0.1189561768780631,-0.0016735915785021857,1
2025-01-07,1.4699999999999998,2.24,-713228.8049999999,45128.69200000004,0.27274591649399493,0.03358344281512915,-0.15256241646374402,0.20923542311450927,-0.13547408689743756,0.09525971072764206,-0.14076443646251502,-0.24297511421201023,-0.0755098447357786,-0.0006876203002194048,0.2338618995339976,-0.37932720083723726,0.08728054025560072,-0.057904912248049834,0.06144655081907022,0.12046457031235666,,-0.07218205037733749,-0.11958780487798773,0.0005199674665420269,2
2025-01-08,1.4800000000000004,2.24,-645967.59,67526.37899999996,0.2669865478599862,0.033559882609503155,-0.15241969577852355,0.3056205039891913,-0.13535439295476348,0.10234046564182342,-0.14063827697844233,-0.24265714652808767,-0.07545336689345394,-0.0006871461103591381,0.23356563807190023,-0.3944826077091841,0.087213324112972,-0.05786305611528286,0.059465341930764214,0.18403203913411542,,-0.07210961063243176,-0.12490316609325909,0.008681530877249776,2
2025-01-09,1.46,2.25,-645950.671,67309.696,0.2772998832429818,0.028547616101443296,-0.15227717927466622,0.30420243357684784,-0.13523485162484639,0.10940745228770865,-0.1405122831580723,-0.24233998845291316,-0.07539693812403248,-0.0006866722495886268,0.23327009396508935,-0.40050131455980864,0.08714617083804566,-0.05782123320061339,0.06136347098814892,0.1889065110013678,,-0.0720373023475124,-0.12702067026280106,0.009682591820351583,2
2025-01-10,1.4200000000000008,2.16,-645961.246,67296.6399999999,0.2980673786234209,0.07337315620271179,-0.15213486646225072,0.3036426595858055,-0.13511546258916218,0.095002009122511,-0.14038645464277877,-0.24202363638979385,-0.07534055836956666,-0.0006861987176752793,0.23297526418411563,-0.4191078486333195,0.08707908034640077,-0.05777944347125963,0.08436372725047123,0.1771179254959948,,-0.0719651250405331,-0.13354390194179944,0.013853940448137397,2
2025-01-13,1.4400000000000004,2.1399999999999997,-645966.115,67286.31999999995,0.2870276284594011,0.08325548874614541,-0.15199275685308844,0.3030963647193079,-0.13499622553017543,0.10209565960239586,-0.1402607910750877,-0.24170808676485356,-0.07528422757221076,-0.0006857255143889462,0.23268114571783238,-0.42382769914875573,0.08701205255378719,-0.05773768689448633,0.08400126396601476,0.18253661119539616,,-0.07189307823231897,-0.13520678237658487,0.01432658395454638,2
2025-01-14,1.4399999999999995,2.1499999999999995,-645942.665,67286.1399999999,0.2865803753458749,0.0782223327715097,-0.15185084996071496,0.30259452482129534,-0.13487714013133567,0.10917553896194776,-0.14013529209867126,-0.2413933360268481,-0.0752279456742202,-0.0006852526394958147,0.23238773557325598,-0.4007420657612417,0.08694508737612461,-0.057695963437603415,0.08212569285287012,0.18797086198353402,,-0.07182116144654185,-0.127137731466072,0.01580738707184488,2
2025-01-15,1.4399999999999995,2.2699999999999996,-634510.907,11456.68299999996,0.28613459385212114,0.018249095704604645,-0.1517091453003825,0.053809786016740135,-0.1347582060770719,0.10192136893865644,-0.14000995735834432,-0.24107938064697831,-0.07517171261795208,-0.0006847800927637371,0.23209503077542237,-0.3939798529857589,0.08687818472950215,-0.057654273067967554,0.06102154775473928,0.03296804311472611,,-0.07174937420969865,-0.1247818658100801,-0.013402952630305977,1
2025-01-16,1.46,2.4299999999999997,-634485.419,11465.251999999979,0.27506233383893974,-0.06183778073575552,-0.15156764238905118,0.05381069213868028,-0.13463942305279075,0.09825117595064925,-0.13988478650005842,-0.24076621711871005,-0.07511552834586388,-0.0006843078739597885,0.23180302836724698,-0.40071679860867426,0.08681134453017836,-0.05761261575298027,0.029158300869399113,0.030103702212053128,,-0.0716777160510878,-0.12715069365336765,-0.023728987468149394,1
2025-01-17,1.46,2.4299999999999997,-634509.2570000001,11451.988999999943,0.27465318032532626,-0.06179263815539271,-0.15142634074538275,0.05371078721253819,-0.13452079074487056,0.08378371197573653,-0.13975977917089788,-0.24045384195759056,-0.0750593928005141,-0.0006838359828529317,0.23151172540938791,-0.4014396179246843,0.0867445666945803,-0.05757099146008848,0.02907328753586192,0.018540967461189807,,-0.07160618650278702,-0.12741456536856294,-0.02551060005104415,1
2025-01-20,1.46,2.4299999999999997,-634509.2570000001,11456.857999999891,0.27424528686534155,-0.06174753237202868,-0.1512852398897313,0.05369472220275284,-0.13440230884065862,0.08371991418897307,-0.13963493501907476,-0.2401422517010705,-0.07500330592456095,-0.0006833644192127952,0.2312211189801081,-0.40048317963222557,0.08667785113930249,-0.057529400156785426,0.028988642105740106,0.018551379368434984,,-0.07153478509963049,-0.1270906850195587,-0.025467999490854147,1
2025-01-21,1.46,2.4699999999999998,-634486.9450000001,11455.719999999972,0.2738386466953868,-0.08167360938985346,-0.15114433934413618,0.053650903042763876,-0.13428397702846673,0.06197845722591633,-0.139510253693924,-0.23983144290832736,-0.0749472676607642,-0.0006828931828055662,0.23093120617513896,-0.3630200213979101,0.08661119778110837,-0.05748784181060951,0.021914461253695824,0.0012029213893113497,,-0.07146351137918697,-0.11398944080906345,-0.02820951738165081,1
2025-01-22,1.4300000000000006,2.4400000000000004,-670574.221,-36063.31400000001,0.2893526990824171,-0.06662923443488744,-0.15100363863231459,-0.1653209108118484,-0.13416579499756776,0.07278814861413285,-0.13938573484589933,-0.23952141216008782,-0.07489127795198225,-0.0006824222734019836,0.230641984107546,-0.3596675699559584,0.08654460653692753,-0.05744631638914344,0.032652121036941005,-0.1214615045943434,,-0.07139236488173792,-0.11282693211340382,-0.04319572041551426,1
2025-01-23,1.4299999999999997,2.3099999999999996,-670582.271,-36096.851999999955,0.2888977615048005,-0.001345074045224659,-0.15086313727965284,-0.16531097204793677,-0.13404776243819128,0.09079608658776595,-0.1392613781265677,-0.23921215605845558,-0.07483533674117404,-0.0006819516907694556,0.2303534499075952,-0.3546159652466846,0.08647807732385693,-0.05740482386001633,0.05538449942695569,-0.10697837142146405,,-0.07132134515025551,-0.11106970793099458,-0.033922198362345966,1
2025-01-24,1.4299999999999997,2.33,-670555.2119999999,-36045.95499999984,0.2884443398445631,-0.011402420307451866,-0.15072283481320015,-0.16491992924271948,-0.1339298790415202,0.09072577829634332,-0.13913718318860535,-0.23890367122673817,-0.07477944397139724,-0.000681481434677611,0.23006560072262094,-0.32730536473221816,0.08641161005915965,-0.05736336419090182,0.05174782139402887,-0.10672926233346916,,-0.07125045173038133,-0.10152182339284102,-0.033525929373333194,1
2025-01-27,1.4500000000000002,2.4299999999999997,-670543.103,-36033.8459999999,0.27739719695880405,-0.06164274847390838,-0.15058273076166007,-0.16470457663567128,-0.13381214449968648,0.09065553665741821,-0.13901314968579315,-0.23859595430927683,-0.07472359958580954,-0.0006810115048949683,0.22977843371689466,-0.34894087827343345,0.08634520466026485,-0.05732193734951885,0.030339237741215455,-0.10658560335528007,,-0.07117968417040527,-0.10910506696946465,-0.041046750268948384,1
2025-01-28,1.4500000000000002,2.41,-670563.0,-36076.054999999935,0.276980820157426,-0.0515589318231342,-0.1504428246553836,-0.16473497855761443,-0.1336945585057676,0.09058536157947894,-0.1388892772730116,-0.23828900197127756,-0.07466780352766744,-0.0006805419011925995,0.2294919460714968,-0.35489495811083205,0.08627886104476667,-0.05728054330363108,0.03376481352038704,-0.10658943297444605,,-0.07110904202124424,-0.1111997969642122,-0.040316200939993684,1
2025-01-29,1.4500000000000002,2.41,-777509.656,-106935.43499999994,0.27656574242799925,-0.05152192941125899,-0.1503031160263607,-0.4576508415767506,-0.1335771207537827,0.08327951791383459,-0.13876556560623654,-0.23798281089864448,-0.07461205574032581,-0.0006800726233374688,0.2292061349841874,-0.356267154552544,0.08621257913042513,-0.05723918202104694,0.033674399747950876,-0.2881131630672523,,-0.07103852483642077,-0.11169085600405568,-0.06762791414541613,1
2025-01-30,1.4500000000000002,2.4300000000000006,-777513.779,-106931.50800000003,0.27615195670760473,-0.061537136647044854,-0.15016360440821397,-0.4563206171263471,-0.13345983093868852,0.08321617803434878,-0.13864201434253498,-0.23767737779781184,-0.07455635616723832,-0.0006796036711004261,0.2289209976692772,-0.34714164113601964,0.08614635883516386,-0.05719785346961981,0.030066105698731756,-0.2872953264115423,,-0.07096813217204334,-0.10850770484618547,-0.06809265602205047,1
2025-01-31,1.4500000000000002,2.37,-777575.727,-107020.51500000001,0.27573945598780814,-0.031285707902418136,-0.15002428933619094,-0.4553385032546503,-0.13334268875637634,0.09039763809651036,-0.13851862314005958,-0.23737269939558447,-0.07450070475195647,-0.0006791350442516553,0.2286365313575054,-0.35974481019578886,0.08608020007707107,0.48052309675575033,0.04055152502902921,-0.28089060472940763,,-0.07089786358678539,0.04837431548517386,-0.04043645177462265,1
2025-02-03,1.46,2.41,-777485.595,-106942.49199999997,0.270002780026555,-0.05142530019172997,-0.1498851703471561,-0.453755035749856,-0.13322569390366767,0.061279619592924384,-0.1383953916580457,-0.23706877243897106,-0.07444510143813055,-0.0006786667425618953,0.22835273329591121,-0.3804296559333574,0.08601410277439814,0.47903581988092636,0.03153656683804192,-0.30316474211777467,,-0.0708277186418653,0.04066530235864216,-0.047620875572923625,1
2025-02-04,1.4600000000000009,2.4300000000000006,-777473.468,-106910.468,0.2696090047028672,-0.06146068168774865,-0.14974624697958427,-0.45235033979094386,-0.13310884607831064,0.07215054667841647,-0.13827231955680497,-0.23676559369502648,-0.07438954616950821,-0.0006781987658008859,0.22806960074771054,-0.34517469216658003,0.08594806684556033,0.47756015485732717,0.027928038961416206,-0.2935550741788195,,-0.07075769690102612,0.05253872759484127,-0.045463464524428406,1
2025-02-05,1.4500000000000002,2.5200000000000005,-798860.8529999999,-21351.196999999927,0.27454273682725927,-0.10658064878821671,-0.14960751877355272,-0.09305177082702798,-0.13299214497897605,0.05388431933081317,-0.13814940649772267,-0.23646315995069112,-0.07433403888993495,-0.0006777311137381448,0.2277871309921764,-0.3398479452435973,0.08588209220913523,0.4760959487507965,0.013904475181599076,-0.09251889401895189,,-0.07068779793051563,0.053940736063177244,-0.019287330621515383,1
2025-02-06,1.4399999999999995,2.4399999999999995,-798862.048,-21348.26899999997,0.27944451108910107,-0.06634096473143425,-0.14946898527073527,-0.09296592069981868,-0.1328755903052542,0.046544651100785206,-0.13802665214325238,-0.23616146801263316,-0.07427857954335326,-0.0006772637861467423,0.22750532132451484,-0.34710904327672565,0.08581617878386294,0.47464305141052265,0.029745545643962805,-0.09826918572241557,,-0.07061802129906716,0.050940412850654856,-0.015830157562342056,1
2025-02-07,1.4500000000000002,2.3999999999999995,-798877.313,-21301.58600000001,0.27371220754284487,-0.04611023981208573,-0.14933064601439283,-0.09268021596716469,-0.13275918175765145,0.0318852709928803,-0.13790405615691115,-0.2358605147070929,-0.07422316807380314,-0.0006767967827937538,0.2272241690557446,-0.3543169634558776,0.08575032648864522,0.4732013154052108,0.03486149490144784,-0.10975542184058545,,-0.07054836657787905,0.047962071683031904,-0.016447645697668444,1
2025-02-10,1.4500000000000002,2.38,-798881.718,-21396.12300000002,0.2733072230723792,-0.035964018819380716,-0.1491925005493684,-0.09304031195279594,-0.1326429190375853,0.042841865051367334,-0.1377816182032764,-0.2355602968797289,-0.07416780442542137,-0.0006763301034526936,0.22694367151257744,-0.3608033663953045,0.08568453524254571,0.4717705959609977,0.03831237132373894,-0.10113644655313486,,-0.07047883334059751,0.04523958788483372,-0.014510525738272868,1
2025-02-11,1.46,2.3499999999999996,-798858.5109999999,-21385.042999999947,0.2675759810019991,-0.020744745114469554,-0.14905454842207821,-0.09291715731713979,-0.13252680184738186,0.05012995889461247,-0.1376593379479807,-0.23526081139546284,-0.07411248854244057,-0.0006758637478937457,0.2266638260373024,-0.35296710516191365,0.08561880496478835,0.4703507509010578,0.04167456803401187,-0.095162408383023,,-0.07040942116329499,0.0475333202013235,-0.01224434810787511,1
2025-02-12,1.4500000000000002,2.2699999999999996,-821356.157,-22495.30400000012,0.2725174047863226,0.01984343231068686,-0.14891678918050666,-0.09792431944292679,-0.13241082989027209,0.05375374991615445,-0.13753721505770744,-0.23496205513832968,-0.07405722036919138,-0.0006753977158873159,0.2263846299876675,-0.3486853846198288,0.0855531355747583,0.4689416405868436,0.057651256229801294,-0.09519808966699575,,-0.07034012962445295,0.04858620501027841,-0.007281438235680452,1
2025-02-13,1.4400000000000004,2.3500000000000005,-821356.3069999999,-22494.25899999996,0.2774271970252913,-0.02077192321634358,-0.14877922237419683,-0.09784230321544618,-0.13229500287038765,0.03539226776331805,-0.13741524920018655,-0.23466402501132722,-0.07400199985009925,-0.0006749320072068077,0.22610608073676342,-0.3328210115742518,0.0854875269920008,0.4675431278609117,0.045195579120872645,-0.10976856944084586,,-0.07027095830494287,0.053696218754485645,-0.012419918442927955,1
2025-02-14,1.46,2.4000000000000004,-821347.257,-22469.944000000018,0.26637080436231075,-0.04612374346637527,-0.1486418475542457,-0.09765382940415546,-0.1321793204927586,0.035367468646312794,-0.13729344004419042,-0.23436671793626618,-0.07394682692968635,-0.0006744666216219608,0.22582817567290792,-0.3058767300162615,0.08542197913622052,0.46615507799128486,0.03249391704730371,-0.10960591502109818,,-0.07020190678800711,0.06268736058937113,-0.014840084747569723,1
2025-02-17,1.46,2.4000000000000004,-821347.257,-22465.53899999999,0.2659877993556843,-0.04609090238630431,-0.14850466427329567,-0.0975566828509159,-0.13206378246330774,0.035342687564000386,-0.13717178725953005,-0.23407013085362427,-0.07389170155256997,-0.0006740015589068449,0.22555091219953582,-0.3053642489728632,0.08535649192728156,0.4647773586173045,0.03241251465729428,-0.10949812913733388,,-0.07013297465924132,0.062430492619237776,-0.014869634745336462,1
2025-02-18,1.4400000000000004,2.3200000000000003,-821366.304,-22507.793000000063,0.2762479547870311,-0.005402351374966474,-0.14836767208552815,-0.097673492066369,-0.13194838848884927,0.053677989630114276,-0.13705029051704953,-0.23377426072239982,-0.07383662366346333,-0.0006735368188308666,0.22527428773507885,-0.3098990769520147,0.08529106528520702,0.4634098396969255,0.05028565956856418,-0.09483073662903954,,-0.07006416150657575,0.06041014782569498,-0.007593430826576366,1
2025-02-19,1.46,2.34,-783352.864,38003.29300000006,0.2651926141716836,-0.015576736016276627,-0.1482308705466575,0.18030518826704234,-0.13183313827708398,0.04996760684062651,-0.13692894948862266,-0.23347910451996678,-0.07378159320717503,-0.0006730724011682065,0.22499829971286234,-0.324982631372545,0.08522569913017808,0.4620523934554115,0.04289629619039519,0.06905731546647623,,-0.06999546692025758,0.05470079175179503,0.013933738209794847,2
2025-02-20,1.4699999999999998,2.3499999999999996,-783342.875,38013.43199999991,0.25946590947287884,-0.020657395771438214,-0.14809425921392227,0.18016486928020403,-0.1317180315365959,0.03890110378913625,-0.1368077638471491,-0.233184659241932,-0.0737266101286086,-0.0006726083056898258,0.2247229455809887,-0.302440153937663,0.08516039338253423,0.4607048943353844,0.03915470203132754,0.06018898567747388,,-0.06992689049283275,0.062163552106320255,0.012617568653759195,2
2025-02-21,1.4900000000000002,2.4299999999999997,-783348.651,37998.60600000003,0.24835802509989735,-0.06133976766490046,-0.1479578376460804,0.17991296744040208,-0.13160306797684884,0.04255438783842247,-0.13668673326654956,-0.232890921901994,-0.07367167437276234,-0.0006721445321669073,0.22444822280222887,-0.30294764390561757,0.08509514796277262,0.45936721894819343,0.02106903880842479,0.06302944994886991,,-0.06985843181912876,0.061561792104462304,0.007544789995745076,2
2025-02-24,1.4799999999999995,2.4499999999999993,-783356.4859999999,37990.771000000066,0.25340648959425804,-0.07144846534388583,-0.14782160540340028,0.17969280138818533,-0.13148824730818343,0.0572438228130594,-0.13656585742176197,-0.23259788953180083,-0.07361678588472909,-0.000671681080374853,0.22417412885391563,-0.30427678767098243,0.0850299627915474,0.4580392460265561,0.019338826866610197,0.07471779069844867,,-0.069790090496237,0.06067538510016457,0.008663101805715796,2
2025-02-25,1.5,2.55,-783375.668,37990.63600000006,0.24228009457608013,-0.1219231690669268,-0.1476855620476567,0.17950752105334833,-0.1313735692418131,0.04247332531957215,-0.1364451359887362,-0.2323055591808133,-0.073561944609696,-0.0006712179500832915,0.22390066122783492,-0.31028612802979416,0.08496483778966946,0.45672085637843773,-0.002180744686093347,0.06285903134257886,,-0.06972186612349454,0.05815380532948766,6.723556410833872e-05,2
2025-02-26,1.5099999999999998,2.5999999999999996,-674520.9569999999,108831.907,0.2365485249478989,-0.14687189266470269,-0.14754970714212212,0.46881919850176335,-0.1312590334898206,0.03137613203537337,-0.1363245686444322,-0.23201392791616526,-0.0735071504929451,-0.00067075514106818,0.22362781743011517,-0.3064517938707313,0.0848997728781058,0.45541193284213244,-0.012878090843517959,0.22763700463546435,,-0.06965375830246955,0.059080372505220816,0.02173073974243,2
2025-02-27,1.5199999999999996,2.4699999999999998,-674577.047,108765.82799999998,0.2308149674629929,-0.08124826161195364,-0.14741404025156013,0.46718421087266226,-0.13114463976515478,0.03873842290777607,-0.13620415506681371,-0.23172299282252806,-0.07345240347985149,-0.0006702926531003683,0.22335559498112878,-0.3302122447524076,0.08483476797797973,0.4541123602425059,0.008124134972395697,0.23261448099072535,,-0.06958576663694084,0.050351591201702,0.027485709661347595,2
2025-02-28,1.5699999999999994,2.5199999999999996,-674629.321,108719.32999999996,0.20314885143910377,-0.10650914893796493,-0.14727856094221958,0.4656317306355511,-0.13103038778162734,0.04978646398736042,-0.13608389493484618,-0.23143275100197525,-0.07339770351588404,-0.0006698304859574788,0.22308399141538082,-0.34039856167342286,0.08476982301056979,-0.1339100146870752,-0.010359672407267283,0.2405899769022426,,-0.06951789073288443,-0.12964306293812114,-0.0038453373107830736,1
2025-03-03,1.6099999999999994,2.5999999999999996,-674514.8859999999,108841.59999999998,0.1807702643975766,-0.14665370883311768,-0.14714326878182837,0.46469591415958855,-0.1309162772539092,0.03127422766123922,-0.13596378792849007,-0.23114319957384832,-0.07334305054660517,-0.0006693686394089182,0.22281300428140716,-0.32123334204627607,-0.4209881195074783,-0.13379265708147525,-0.03220218618698789,0.22528716427239898,,-0.06945013019845375,-0.2999153086682566,-0.03821741006508845,1
2025-03-04,1.6100000000000003,2.54,-674530.156,108845.51199999999,0.18058324674223214,-0.11637080824004742,-0.14700816333958489,0.46334270274210754,-0.13080230789752745,0.053435693704672715,-0.13584383372869935,-0.23085433567462466,-0.07328844451767147,-0.0006689071132275348,0.2225426311416745,-0.32930121978804094,-0.4199148658217018,-0.1336754466041833,-0.021628095526110815,0.24227279187048623,,-0.06938248464396524,-0.3023282639446649,-0.03284237062995135,1
2025-03-05,1.5699999999999994,2.4799999999999995,-541713.729,132807.2279999999,0.20256410356411436,-0.0858851832811911,-0.14687324418615388,0.5432146513783356,-0.13068847942886108,0.06447732519458849,-0.13572403201741634,-0.2305661564577851,-0.07323388537483111,-0.0006684459071890636,0.22227286957247183,-0.27559702871038805,-0.41884828853843825,-0.13355838295458278,-0.00322435115682302,0.2990975633253555,,-0.06931495368188184,-0.28312337592346404,-0.01589991565723365,1
2025-03-06,1.5899999999999999,2.34,-541703.505,132873.54200000002,0.19127461674834456,-0.014323906837306444,-0.1467385108936583,0.5413902548892868,-0.13057479156513874,0.07918704344279814,-0.13560438247756734,-0.23027865909368517,-0.0731793730639263,-0.000667985021066686,0.2220037171638174,-0.26085283761534683,-0.41778831680144657,-0.133441465832972,0.017911195200765853,0.3098389127487273,,-0.06924753692679578,-0.2775568437957693,-0.0070962153285254875,1
2025-03-07,1.6099999999999994,2.3099999999999996,-541710.5410000001,132918.7799999999,0.1799523464654731,0.0010626317498758642,-0.1466039630356738,0.5395160927010392,-0.13046124402443493,0.07912737109674439,-0.13548488479305998,-0.22999184076942514,-0.07312490753089151,-0.000667524454636137,0.22173517151935074,-0.25578549735426404,-0.41673488080305243,-0.13332469494055976,0.019374053464669992,0.308734806083358,,-0.06918023399541401,-0.2753795408372287,-0.006479552672533105,1
2025-03-10,1.6400000000000006,2.41,-541703.29,132811.5959999999,0.1629968058310538,-0.050188668881774645,-0.14646960018722155,0.5371731765688061,-0.13034783652566662,0.07906775160225932,-0.13536553864877776,-0.22970569868872215,-0.07307048872175304,-0.0006670642076704869,0.22146723025623793,-0.2658998122761501,-0.41568791176439923,-0.1332080699794621,-0.004458032123918758,0.30734940530769117,,-0.06911304450654057,-0.27851812440803086,-0.01429097862886173,1
2025-03-11,1.6799999999999997,2.3499999999999996,-541711.5460000001,132818.60999999987,0.1403181696316571,-0.0193968451859583,-0.14633542192476212,0.5352173270819005,-0.13023456878858997,0.08269902021437447,-0.1352463437305772,-0.22942023007178436,-0.07301611658263008,-0.0006666042799442495,0.22119989100507254,-0.2574041344281256,-0.4146473419161488,-0.13309159065269904,-0.0015781630214340564,0.3091488711474859,,-0.06904596808106214,-0.2751454939163057,-0.012634434342018726,1
2025-03-12,1.6499999999999995,2.3099999999999996,-505952.484,35761.24500000005,0.15710663618929632,0.0011594306665980714,-0.14620142782619006,0.15750480606036943,-0.1301214405337976,0.07155018563960258,-0.13512729972528315,-0.22913543215518528,-0.07296179105973322,-0.0006661446712319385,0.22093315140977543,-0.2504738831820683,-0.4136131044796182,-0.13297525666418986,0.011532695051706017,0.07367016782762517,,-0.06897900434193219,-0.27232302268084724,-0.043582870797954545,1
2025-03-13,1.7000000000000002,2.380000000000001,-505934.864,35768.641,0.12870590588992936,-0.03480597756878778,-0.1460676174708262,0.15738788404182347,-0.13000845148271423,0.07889474763658288,-0.13500840632068478,-0.22885130219173877,-0.07290751209936541,-0.0006656853813081787,0.22066700912750314,-0.25514961933327307,-0.4125851336483428,-0.1328590677187509,-0.010955310328848306,0.07954345764473185,,-0.06891215291415484,-0.2735648838591908,-0.049617845259362046,1
2025-03-14,1.6500000000000004,2.3400000000000007,-505947.663,35762.878000000084,0.15686123689642018,-0.014221625477331967,-0.14593399043941158,0.1572132143488738,-0.12989560135759404,0.06402267121436855,-0.13488966320553353,-0.22856783745037712,-0.07285327964792077,-0.000665226409949593,0.22040146182854636,-0.24344668621560894,-0.41156336457005316,-0.1327430235220911,0.0061436668648574,0.06760870476626271,,-0.06884541342477116,-0.26907642483160904,-0.04558841130653752,1
2025-03-17,1.6300000000000008,2.3400000000000007,-505910.925,35792.36500000005,0.1679529921617844,-0.014211789571304534,-0.14580054631410222,0.157194052755544,-0.1297828898815181,0.04912439873020591,-0.13477107006953648,-0.22828503521602883,-0.07279909365188453,-0.0006647677569305843,0.22013650719623779,-0.23109137744692143,-0.4105477333290555,-0.132627123780809,0.010069257012437278,0.055746216708580265,,-0.06877878550284222,-0.26436182590583457,-0.04546626065156752,1
2025-03-18,1.63,2.3600000000000003,-505970.93200000003,35740.61400000006,0.16778716216883915,-0.024498744882200052,-0.14566728467846224,0.15681698863429028,-0.12967031677839003,0.04908937696254445,-0.13465262660335475,-0.22800289278949692,-0.07274495405783377,-0.000664309422024778,0.21987214292685864,-0.23522025864515317,-0.40953817692900485,-0.1325113682023885,0.006450760646785014,0.055559504683575706,,-0.06871226877943484,-0.2654188629116718,-0.046721742735037625,1
2025-03-19,1.6399999999999997,2.4000000000000004,-429373.396,76579.08799999999,0.16200186387003246,-0.045070987568329945,-0.14553420511745718,0.3295350120403233,-0.12955788177293293,0.05277456844525097,-0.13453433249859825,-0.2277214074873406,-0.07269086081243492,-0.0006638514050083533,0.21960836672954187,-0.2464624311579331,-0.4085346332760613,-0.13239575649519675,-0.0027344548296412766,0.162205932916635,,-0.06864586288760718,-0.26896769950045707,-0.03399606715836749,1
2025-03-20,1.6399999999999997,2.4299999999999997,-429372.658,76562.206,0.1618452679394835,-0.060466315052384645,-0.14540130721744848,0.32886476054897074,-0.12944558459068733,0.06389517175483439,-0.13441618744782258,-0.22744057664175577,-0.07263681386244691,-0.0006633937056566008,0.2193451763261851,-0.2529105481215367,-0.4075370411624185,-0.13228028836847838,-0.008137758654749944,0.17076764297883756,,-0.06857956746239328,-0.2708407427599278,-0.03459718442918684,1
2025-03-21,1.6799999999999997,2.42,-429380.86799999996,76566.79500000004,0.13908460870223527,-0.05527940418856325,-0.14526859056618824,0.3282834827571435,-0.12933342495800693,0.07128329388449628,-0.13429819114452535,-0.2271603976004577,-0.07258281315471815,-0.0006629363237458108,0.21908256945135451,-0.2629126516313923,-0.40654534025019573,-0.13216496353235474,-0.014248755590071268,0.17639666978707896,,-0.06851338214078898,-0.2739597862182622,-0.03603743967689611,1
2025-03-24,1.6400000000000006,2.33,-429376.583,76534.342,0.1615761459418601,-0.008820289550884874,-0.14513605475281044,0.3275558368487308,-0.1292214026020554,0.06751166394494978,-0.13418034328314132,-0.22688086772656435,-0.0725288586361873,-0.0006624792590530504,0.2188205438521944,-0.25990089017941187,-0.40555947105568346,-0.13204978169781834,0.009923733310998196,0.17300999170396505,,-0.06844730656173714,-0.27252606094162884,-0.029062117032784395,1
2025-03-25,1.6600000000000001,2.3600000000000003,-429394.804,76576.12800000003,0.15012753028747494,-0.024312540699244267,-0.14500369936782764,0.32712922146058876,-0.12910951725080366,0.08604651183469514,-0.13406264355904074,-0.22660198439848145,-0.07247495025388262,-0.0006620225113517231,0.2185590972883391,-0.2543378446552431,-0.40457937493393414,-0.13193474257673043,0.0005341365455324432,0.18764903199362715,,-0.06838134036611301,-0.27020144962923115,-0.029317956773209117,1
2025-03-26,1.6600000000000001,2.3200000000000003,-353678.11799999996,75695.27800000005,0.14998828741203707,-0.003615684452955792,-0.1448715240031242,0.3229961608244474,-0.12899776863302703,0.09340249407442802,-0.1339450916685233,-0.22632374500978858,-0.07242108795492386,-0.0006615660804207835,0.21829822753182082,-0.2606783878704507,-0.4036049940636893,-0.1318198458818176,0.007768953834741188,0.1911210305743946,,-0.06831548319671166,-0.2720451374414943,-0.026886800678820506,1
2025-03-27,1.6799999999999997,2.2700000000000005,-353728.53199999995,75644.12600000005,0.1385050548096598,0.022256912823534813,-0.14473952825194913,0.32221421752548607,-0.1288861564783016,0.10814940648170857,-0.13382768730881578,-0.22604614696912506,-0.07236727168651835,-0.0006611099660350783,0.21803793236698543,-0.2649130506700268,-0.40263627143263225,-0.13170509132666752,0.012844830196033372,0.20251636181367755,,-0.06824973469823126,-0.2731537901339309,-0.023804598863785803,1
2025-03-28,1.7300000000000004,2.380000000000001,-353723.322,75657.54599999997,0.10984818753260472,-0.034701938040289315,-0.14460771170891196,0.32169523423625157,-0.1287746805170008,0.09694480809271244,-0.13371043017806794,-0.2257691877000776,-0.07231350139596471,-0.000660654167972119,0.21777820959039818,-0.2665759526671849,-0.40167315082296196,-0.13159047862572693,-0.017081126190363193,0.19330817870572042,,-0.06818409451726182,-0.27336432980926945,-0.03417878415195677,1
2025-03-31,1.7599999999999998,2.42,-353835.914,75540.669,0.09253509658503045,-0.055360718414125265,-0.14447607396997486,0.3206539363965588,-0.12866334048029338,0.08199862746179143,-0.13359331997534918,-0.22549286464107043,-0.07225977703064856,-0.0006601986860086395,0.2175190570107648,-0.27666405538167393,-0.4007155767972772,0.21090875484345495,-0.03033178983117564,0.1807932595191924,,-0.06811856230226915,-0.1738102448095964,-0.02508172531848058,1
2025-04-01,1.7300000000000004,2.4800000000000004,-353666.81,75727.994,0.10969676678427764,-0.08626842309923144,-0.13186783637383692,0.3208407900665533,-0.1285521361001396,0.0670193993382151,-0.1785954726859923,-0.22521717524525398,0.1763590494876195,0.11870337245690488,0.225708185895368,-0.2663270500897589,-0.9342881049742197,0.21066500857918613,-0.03136043062238491,0.1689887118504203,,-0.0014107725506719848,-0.3570158016986366,-0.037964885801615916,1
2025-04-02,1.7299999999999995,2.45,-306836.036,46842.08199999994,0.10960719235936356,-0.07073637116004705,-0.1317527003763843,0.19961827271208676,-0.12844106710928826,0.06323336783731115,-0.17841270210178684,-0.22494211698039546,0.1761799649176754,0.11860386514768684,0.22543123524699005,-0.26402661181178355,-0.9273339607669715,0.21042177158384523,-0.025921022693154515,0.09329301763152803,,-0.001402200912516742,-0.35384966892741065,-0.04721035473045793,1
2025-04-03,1.8900000000000006,2.58,-306798.813,46929.718999999925,0.016971673653427333,-0.13739387084893784,-0.1316377075933286,0.19977531930099257,-0.12833013324127385,0.08559124863511358,-0.1782302410679073,-0.22466768732877151,0.1760011794101597,0.11850447123167984,0.22515492227969403,-0.20260298972155066,-0.9203614139746044,0.21017904200803095,-0.08163908129642725,0.11134011054392211,,-0.0013936657368150418,-0.329983828691245,-0.05763669854523036,1
2025-04-04,1.9400000000000004,2.63,-306787.047,46936.274999999965,-0.012120270016125145,-0.16263774072694226,-0.13152285773494887,0.1995822830538645,-0.12821933423041298,0.07806194473417993,-0.17804808868523958,-0.2243938837870606,0.17582269210976742,0.11840519050441589,0.22487924443461793,-0.24262463527915934,-0.9133930709317686,0.20993681801201114,-0.10062216108055824,0.10526732508141486,,-0.0013851668437359008,-0.3416251517702214,-0.06598661403842243,1
2025-04-07,2.0199999999999996,2.4899999999999993,-306750.694,47085.21999999997,-0.05860703853162197,-0.09097450620266934,-0.13140815051239751,0.20000416007151278,-0.12810866981180247,0.11152816490672812,-0.17786624405847362,-0.22412070386623728,0.17564450216475969,0.11830602276197388,0.22460419916762264,-0.2793388815804616,-0.9064475176303058,0.20969509776565776,-0.09177598581072122,0.1323598260812087,,-0.0013767040545491355,-0.3521167103940712,-0.060840504403783024,1
2025-04-08,2.0,2.38,-306759.45900000003,46907.350999999966,-0.046949549673993896,-0.03395808973943326,-0.13129358563769722,0.19901445540163687,-0.12799813972131513,0.1594100872152946,-0.17768470629608168,-0.22384814509146567,0.17546660872694453,0.11820696780098894,0.22432978394917824,-0.2803084666254486,-0.8995399820903778,0.209453879448382,-0.06770574948600866,0.17013785918042873,,-0.0013682771916155786,-0.3501107932160247,-0.04764973424904589,1
2025-04-09,2.0200000000000005,2.3,-299489.69899999996,7346.337000000058,-0.0585388119467668,0.0076746497990989315,-0.13117916282373587,0.02340664226173983,-0.12788774369559797,0.1149771516776592,-0.17750347451029846,-0.22357620500199615,0.17528901095165716,0.11810802541864152,0.22405599626425832,-0.2712519534908322,-0.8926828870165072,0.20921316124907086,-0.057156205598804515,0.02929306048181249,,-0.0013598860783804248,-0.3446132458028475,-0.06478486099739171,1
2025-04-10,1.9699999999999998,2.2199999999999998,-299451.534,7347.279000000039,-0.02939680942613354,0.04927945956748592,-0.13106488178426512,0.023394654097789402,-0.12777748147206758,0.16285279817738463,-0.17732254781709944,-0.22330488115106173,0.1751117079977409,0.11800919541265986,0.22378283361223184,-0.2141935850548654,-0.8858863103767881,0.20897294136602196,-0.0323605369858062,0.0676525421173408,,-0.0013515305393643068,-0.3223360809912721,-0.04824857456167263,1
2025-04-11,1.8999999999999995,2.1399999999999997,-299420.115,7366.93200000003,0.01146603545726621,0.09070593337300648,-0.1309507422338959,0.023467006296413073,-0.12766735278890906,0.148001914404297,-0.1771419253361819,-0.22303417110577572,0.17493469902752934,0.11791047758131978,0.22351029350675788,-0.17351036194182512,-0.8791583692069357,0.20873321800688216,-0.0035250335795733306,0.055881323627940016,,-0.0013432104001549483,-0.3058140905000016,-0.03888322770471997,1
2025-04-14,1.9000000000000004,2.24,-299424.42199999996,7326.272000000055,0.01145811471359992,0.03874345017857039,-0.13083674388809485,0.023267355961910097,-0.1275573573850719,0.15522519405092727,-0.17696160619094337,-0.22276407244702945,0.17475798320682645,0.11781187172343821,0.22323837347567732,-0.15975036313236002,-0.8725055396248268,0.20849398938858288,-0.02168047545416885,0.06160615438684475,,-0.0013349254874001557,-0.2987413691484405,-0.04240815622234006,1
2025-04-15,1.9000000000000004,2.2700000000000005,-299410.462,7348.997000000032,0.011450199495249835,0.023082444457360074,-0.13072288646318153,0.023353783532639394,-0.12744749500026742,0.14402878363944427,-0.17678158950846212,-0.22249458276939227,0.17458155970488898,0.11771337763837186,0.22296707106091151,-0.16403439915856044,-0.8659329239324652,0.20825525373728082,-0.027130440555540994,0.05276680003097861,,-0.0013266756287994216,-0.2980119869606747,-0.045257579113316564,1
2025-04-16,1.92,2.33,-416310.659,-116820.96000000002,-0.0002531925429227755,-0.008249482386159523,-0.1306091696763253,-0.48998500286746993,-0.12733776537496566,0.14758783350597926,-0.1766018744194774,-0.22222569968101158,0.17440542769440626,0.11761499512601681,0.22269638381835777,-0.14458847147408616,-0.859444473845222,0.20801700928829292,-0.04215868712807639,-0.25232339414067795,,-0.0013184606530964454,-0.28900642807527,-0.09417669463408923,1
2025-04-17,1.92,2.49,-416314.48699999996,-116862.95299999998,-0.00025301799106292044,-0.09155667656813793,-0.13049559324554016,-0.48856480305939287,-0.12722816825039263,0.1511396005429697,-0.17642246005836848,-0.22195742080351433,0.174229586351484,0.11751672398681068,0.2224263093177885,-0.13897165644386456,-0.8530431773277549,0.20777925428603816,-0.07128207106938234,-0.2485641023514955,,-0.0013102803900698484,-0.2848714155342554,-0.10172751910119479,1
2025-04-18,1.92,2.49,-416314.48699999996,-116894.37199999997,-0.0002528435602353607,-0.09148544751321275,-0.13038215688968413,-0.4871200733413632,-0.1271187033685276,0.1509993324702914,-0.1762433455631366,-0.22168974377190864,0.17405403485562387,0.1174185640217198,0.2221568451427467,-0.13332366104141657,-0.8467312152104829,0.20754198698397563,-0.07122304894261208,-0.2477438000497013,,-0.0013021346705283376,-0.2807566105929721,-0.10096750994681672,1
2025-04-21,1.96,2.41,-416370.001,-116945.57900000003,-0.023688533349546126,-0.049797054449602585,-0.1302688603284543,-0.4857540885751902,-0.12700937047209993,0.20202697299143835,-0.17606453007538314,-0.22142266623448648,0.17387877238970773,0.11732051503224827,0.22188798889044659,-0.10718057938501768,-0.8405100926783358,0.20730520564454458,-0.06480061382823833,-0.2060364970352234,,-0.0012940233263002143,-0.26950017352881034,-0.09109419056465161,1
2025-04-22,1.9299999999999997,2.42,-416393.838,-116983.37599999999,-0.006084202567680053,-0.0549799269356831,-0.13015570328238402,-0.48435341869514714,-0.12690016930458625,0.19455158402223138,-0.17588601274029203,-0.22115618585272745,0.17370379813997716,0.11722257682043158,0.22161973817167446,-0.1110959438900716,-0.8343807498314166,0.2070689085391042,-0.06041915631089231,-0.2111108855820549,,-0.0012859461902272953,-0.2687961702407896,-0.0904332918142512,1
2025-04-23,1.8599999999999994,2.4299999999999997,-600076.85,-183766.191,0.034982285539661984,-0.060159120772162566,-0.13004268547283948,-0.6752045712425017,-0.12679109961020762,0.1724545210897428,-0.17570779270660997,-0.2208903003012045,0.17352911129601756,0.11712474918883586,0.2213520906106894,-0.13455168814010443,-0.8283436547841215,0.2068330939478762,-0.04782469797322704,-0.3432337856398313,,-0.0012779030961571555,-0.27496344183911625,-0.10739646928784953,1
2025-04-24,1.8599999999999994,2.4899999999999993,-600035.0739999999,-183720.58699999994,0.03495771675272308,-0.09136742370626927,-0.12992980662201592,-0.6715069095982922,-0.12668216113392694,0.15758547243007293,-0.17552986912662605,-0.2206250072674879,0.17335471105073874,0.11702703194055064,0.22108504384512595,-0.13056259904740042,-0.8223988821677022,0.2065977601598843,-0.05872233942034594,-0.3528450644952731,,-0.001269893878936064,-0.27155719037732057,-0.11159451352672684,1
2025-04-25,1.8399999999999999,2.5199999999999996,-599999.0909999999,-183684.60399999993,0.0466650170456675,-0.10686645696815966,-0.12981706645293611,-0.6678827656630617,-0.12657335362144595,0.157435921812902,-0.17535224115615444,-0.22036030445205224,0.17318059660035812,0.11692942487919633,0.220818595525893,-0.12892751708030836,-0.8165461794078024,0.20636290547289704,-0.06001562390875309,-0.35072493412038297,,-0.0012619183744012677,-0.26900692212896965,-0.11127994520362913,1
2025-04-28,1.8699999999999992,2.579999999999999,-600053.7189999999,-183683.71799999994,0.029018282727000022,-0.13776857829286304,-0.12970446468944463,-0.6643918228867193,-0.12646467681920226,0.16097114502580911,-0.17517490795451418,-0.2200961895681831,0.17300676714438334,0.11683192780891338,0.22055274331708374,-0.1222933734160595,-0.8107850227435346,0.2061285281933698,-0.07697394285488544,-0.34573698380290563,,-0.0012539764193736855,-0.26473888019784697,-0.11497705656142196,1
2025-04-29,1.88,2.619999999999999,-600062.607,-183668.76899999997,0.023118150661927572,-0.15816582843495197,-0.12959200105620694,-0.6609144048460152,-0.1263561304743669,0.15343960363781006,-0.1749978686845104,-0.21983266034188542,0.17283322188559436,0.11673454053436916,0.22028748489587757,-0.11740257782582841,-0.8051146646220098,0.20589462663638725,-0.08614428753742062,-0.34961063828198113,,-0.0012460678516499901,-0.2611126468658272,-0.11776329599630991,1
2025-04-30,1.96,2.6399999999999997,-589282.324,10794.525999999954,-0.02399322272929094,-0.1682281109613083,-0.1294796752787053,0.046174645822461446,-0.12624771433484094,0.16435981670493605,-0.174821122512416,-0.21956971451179252,0.17265996003002648,0.11663726286074616,0.22002281795244394,-0.11721507385660324,-0.7995341738285635,-0.2534653534835025,-0.10612136937532132,0.08344401225652114,,-0.0012381925099972935,-0.39690184273485907,-0.07916463351184641,1
2025-05-01,1.9500000000000002,2.51,-589189.076,10845.997999999905,-0.01808718333366599,-0.10108041246323562,-0.1293674870832351,0.04636387569790967,-0.12613942814925383,0.1568255570551791,-0.14574386032448428,-0.1443096553815837,0.1614469483597043,0.09822343304358117,0.22026654349941022,-0.13840428739081712,-0.3867086422122741,-0.25311981652541327,-0.08051890465388609,0.07759511417333678,,0.017765297433963854,-0.25972547031870585,-0.04703390045948022,1
2025-05-02,1.9000000000000004,2.4299999999999997,-589179.605,10819.485999999917,0.011403337215204035,-0.059238028428583056,-0.12925543619690283,0.04621651061409637,-0.12603127166695938,0.1381548639762875,-0.14561105166207122,-0.1441787855772042,0.16129156988380577,0.09814570933484723,0.2200019252071359,-0.11324653670518181,-0.38583436004773375,-0.25277521568398653,-0.0555187727837535,0.06263503454931221,,0.01773921613168789,-0.2505108785687164,-0.0404022044051147,1
2025-05-05,1.9099999999999993,2.3999999999999995,-589156.413,10897.305999999982,0.005495747147712393,-0.0434603516282811,-0.1291435223476215,0.0465198014409236,-0.12592324463803384,0.14916402457653088,-0.1454784233601677,-0.14404809178435662,0.16113642621849777,0.098068063254098,0.21973789590306514,-0.10398196994440512,-0.38496477517759686,-0.25243154653410294,-0.052030668272485495,0.07168915374295858,,0.017713206457501608,-0.24686082475293158,-0.037456649518866195,1
2025-05-06,1.9500000000000002,2.46,-589161.581,10901.025999999954,-0.01812287205956653,-0.074889583475228,-0.12903174526410843,0.046502828661060036,-0.125815346813273,0.14531828638498956,-0.14534597501200908,-0.143917573610715,0.1609815167634281,0.09799049468557453,0.21947445330415372,-0.09530297572549828,-0.38409984429057786,-0.25208880468045025,-0.07126388301641061,0.06866711821666388,,0.017687268097956843,-0.24341762840976172,-0.043169924409398645,1
2025-05-07,1.9500000000000002,2.5,-577170.9700000001,12111.353999999934,-0.018110315891900264,-0.09573893909811948,-0.1289201046758831,0.05170283224072891,-0.12570757794418908,0.13030461208828048,-0.14521370621218743,-0.14378723066524735,0.1608268409204967,0.09791300351377963,0.21921159514005817,-0.09817897758309069,-0.3832395246345013,-0.25174698575726595,-0.07852327064927184,0.05984084224854829,,0.017661400741456786,-0.24402057150333695,-0.04676859039763565,1
2025-05-08,1.8899999999999997,2.3899999999999997,-577155.8790000001,12033.196999999927,0.017372423945640092,-0.037986488198870516,-0.12880860031326147,0.05132775991331662,-0.1255999377830087,0.12645960745086482,-0.1450816165566461,-0.1436570625582123,0.16067239809384515,0.0978355896234766,0.21894931915305027,-0.12311146578386079,-0.3823837740070848,-0.2514060854280801,-0.04585750258260909,0.056604379238876616,,0.017635604078242606,-0.25234515955525494,-0.03870946680267882,1
2025-05-09,1.8899999999999997,2.3899999999999997,-577158.383,12021.22199999995,0.01736039269887124,-0.03795972224629485,-0.12869723190735505,0.05123920696907058,-0.12549242608266953,0.13381580989004593,-0.14494970564267395,-0.14352706890114997,0.16051818768984694,0.0977582528996852,0.21868762309792622,-0.11372703861620981,-0.3815325507469036,-0.25106609938546254,-0.045818934913804774,0.06250071644387739,,0.017609877800380414,-0.24866068609272846,-0.037267206471373986,1
2025-05-12,1.8199999999999994,2.3099999999999996,-577163.616,11992.796999999904,0.05872350533339432,0.004258825832784474,-0.12858599919006752,0.051079437667815863,-0.12538504259681826,0.12623024210063272,-0.14481797306889987,-0.14339724930688036,0.16036420911709492,0.09768099322768542,0.21842650474191494,-0.15126878588406512,-0.38068581372453747,-0.2507270233507731,-0.016531983848857675,0.05640083072310474,,0.017584221601746816,-0.26140221686824283,-0.03131374767599131,1
2025-05-13,1.8199999999999994,2.2699999999999996,-577160.3250000001,12001.255999999936,0.05868088439029551,0.02537016632826017,-0.1284749018940905,0.051079571379336386,-0.12527778707980708,0.12612227316836222,-0.1446864184352864,-0.14326760338949596,0.16021046178639176,0.0976038104930117,0.2181659618645888,-0.13062138954393598,-0.37984352233389096,-0.25038885307391356,-0.009124602816732663,0.05637888911440737,,0.017558635178015605,-0.2537793750794135,-0.027957794945266817,1
2025-05-14,1.7999999999999998,2.2299999999999995,-569297.754,7873.216000000131,0.07044348874114514,0.046457836684055565,-0.1283639397529024,0.03312454547011834,-0.12517065928669235,0.12975453379942814,-0.14455504134312414,-0.14313813076435578,0.1600569451107381,0.09752670458145585,0.21790599225777796,-0.11943445537581998,-0.37900563648368746,-0.2500515843330817,0.0024062819729495297,0.04857595874959811,,0.017533118226645314,-0.24946950745075208,-0.025028868156626905,1
2025-05-15,1.83,2.3599999999999994,-569242.166,7913.713000000105,0.05266549768858986,-0.02226914320879947,-0.12825311250076332,0.03327741458898803,-0.12506365897323024,0.13338059165413663,-0.14442384139502595,-0.1430088310480816,0.15990365850532373,0.09744967537906613,0.21764659372548167,-0.12491500584821691,-0.37817211658912897,-0.24971521293452958,-0.02783720968230236,0.05163272669276398,,0.017507670446865947,-0.2509950567334299,-0.03387859479907411,1
2025-05-16,1.8200000000000003,2.38,-569269.529,7888.85400000005,0.058544535576620094,-0.032826702897243654,-0.12814241987271346,0.03314601449878252,-0.12495678589587556,0.11828055313189045,-0.14429281819492124,-0.14287970385855042,0.1597506013875145,0.0973727227721426,0.21738776408378335,-0.13480971578743794,-0.3773429235637209,-0.24937973471232322,-0.02944148452403228,0.03953797966725655,,0.01748229153966556,-0.25406734418660254,-0.036641277150195196,1
2025-05-19,1.8399999999999999,2.3499999999999996,-569313.147,7850.469000000041,0.04665668979469073,-0.016931300408467798,-0.1280318616045697,0.032955760895282404,-0.12485003981177833,0.13317350025459507,-0.14416197134805075,-0.14275074881489147,0.1595977731768432,0.09729584664724245,0.2171295011607608,-0.10906264040901481,-0.37651801881125635,-0.24904514552810464,-0.028005672196192877,0.051402232853778505,,0.01745698120777738,-0.24466677438552628,-0.033027137586675685,1
2025-05-20,1.8199999999999994,2.329999999999999,-569268.763,7891.5620000000345,0.05847674602738473,-0.0063252930365259585,-0.12792143743292272,0.033111707136032065,-0.12474342047878151,0.14053373121794,-0.14403130046096013,-0.14262196553747863,0.1594451732950002,0.097219046891176,0.21687180279640472,-0.10509634658682865,-0.37569736421795696,-0.24871144127085698,-0.020123422683076247,0.05744795696870233,,0.01743173915566811,-0.24289123116293204,-0.0294955831451403,1
2025-05-21,1.8499999999999996,2.2299999999999995,-496529.076,72768.67799999996,0.04063739527372179,0.04665980406731007,-0.12781114709513375,0.30574323532350633,-0.12463692765541834,0.16645376921603572,-0.14390080514149461,-0.14249335364792726,0.15929280116582079,0.0971423233910036,0.21661466684253483,-0.08253340916199625,-0.3748809221447653,-0.2483786178566726,-0.007789324359178975,0.24182679997368137,,0.01740656508952384,-0.23460860131436828,0.0030975737635242293,2
2025-05-22,1.87,2.3200000000000003,-496539.29199999996,72702.87400000001,0.02872050692135697,-0.0010845089973172684,-0.1277009903293318,0.30497319438764015,-0.12453056110090988,0.15142785431245986,-0.14377048499879408,-0.14236491276908692,0.15914065621527618,0.09706567603403893,0.2163580911627132,-0.09405050705697948,-0.3740686554197894,-0.2480466712285213,-0.028637697825385645,0.22940786342200606,,0.017381458717238365,-0.2382557082354255,-0.0055731213903190135,1
2025-05-23,1.88,2.3500000000000005,-496521.115,72748.41399999999,0.022748952888710816,-0.01700838949663419,-0.12759096687441096,0.30464492970756063,-0.12442432057516195,0.1400876536062512,-0.14364033964328593,-0.14223664252503743,0.1589887378714625,0.09698910470784838,0.21610207363216372,-0.06790294780641493,-0.373260527330889,-0.24771559735602355,-0.03626809287509646,0.22020248836444017,,0.01735641974840095,-0.22872189550486344,-0.00781923399649219,1
2025-05-26,1.88,2.3500000000000005,-496521.115,72792.032,0.022733146954249106,-0.01699661293081489,-0.12748107647002715,0.3043102424935127,-0.12431820583876341,0.13996238914939707,-0.14351036868668154,-0.14210854254108352,0.15883704556459222,0.09691260930024548,0.21584661213769096,-0.0678528324102049,-0.37245650161840893,-0.24738539223522504,-0.03623653603280617,0.21996513331236722,,0.017331447894283467,-0.22832388458058234,-0.007791911526503253,1
2025-05-27,1.8399999999999999,2.4300000000000006,-496504.33999999997,72764.42300000007,0.046541613615679545,-0.05944257842733014,-0.12737131885659525,0.303696001015469,-0.12421221665298254,0.13983728840856502,-0.14338057174196883,-0.1419806124437486,0.15868557872698164,0.0968361896992962,0.2155917045775948,-0.0767741174755111,-0.37165654246804847,-0.24705605188837343,-0.042726733341056276,0.2195601013443439,,0.017306542867828633,-0.23106754654675787,-0.010217501065721824,1
2025-05-28,1.83,2.3900000000000006,-460704.397,35824.679000000004,0.052461068107388265,-0.03817443566680234,-0.12726169377528584,0.15130082054234828,-0.12410635277976578,0.13971235103139357,-0.14325094842340858,-0.14185285186077112,0.15853433679304252,0.09675984579331254,0.21533734886159217,-0.09172405785632254,-0.370860614503868,-0.24672757236369647,-0.033178186778380685,0.12808656148266434,,0.017281704383637034,-0.2359229070351756,-0.021808481770481638,1
2025-05-29,1.8100000000000005,2.46,-460696.41599999997,35842.87599999999,0.06432449280069741,-0.07528099741701677,-0.12715220096802338,0.151237698129165,-0.12400061398173368,0.13958757666664656,-0.14312149834652732,-0.1417252604210979,0.15838331919927118,0.09668357747085454,0.2150835429107396,-0.07472286804600803,-0.3700686827814298,-0.2463999497351852,-0.04198043690611879,0.12801231182177603,,0.01725693215795652,-0.22959702771015877,-0.023517605415603916,1
2025-05-30,1.8399999999999999,2.4799999999999995,-460846.413,35674.70199999999,0.0464080700129863,-0.08580604112754431,-0.12704284017748202,0.15038148919370586,-0.12389500002218012,0.1432098852939403,-0.14299222112811338,-0.14159783775488077,0.1582325253842385,0.09660738462073404,0.21483028465734755,-0.08283207193216091,-0.36928071278106755,-0.2460731801023759,-0.051902141943339905,0.13045980173806768,,0.01723222590866925,-0.2320614286803427,-0.026502830147175912,1
2025-06-02,1.8399999999999999,2.4299999999999997,-460666.597,35854.51799999998,0.04637502410962724,-0.059238099855060455,-0.126933611147084,0.15100793783979527,-0.12378951066506783,0.14308049562272784,-0.14286311638620974,-0.1414705834934692,0.15808195478858056,0.09653126713200288,0.21457757204490902,-0.059733984897024306,0.1045138016136522,-0.24574725959013743,-0.04258215985502683,0.13079545280301874,,0.017207585355280497,-0.05805124202622147,0.002438879998831668,2
2025-06-03,1.8099999999999996,2.4299999999999997,-460683.933,35820.40699999995,0.06423519259822541,-0.059195069261367306,-0.12682451362099578,0.1507225198088551,-0.1236841456750285,0.13544584617432953,-0.14273418374011093,-0.14134349726940676,0.15793160685498941,0.0964552248939643,0.2143254030280144,-0.07048725480780993,0.10442969982231198,-0.2454221843484582,-0.03628331091839839,0.12457970141975959,,0.01718301021890687,-0.06174679954946173,0.0028356945597518765,2
2025-06-04,1.7999999999999998,2.5199999999999996,-372442.997,88261.40000000002,0.07014750297520367,-0.10683029835670521,-0.12671554734412627,0.36273027925483614,-0.12357890481735745,0.13532655617786227,-0.1426054228103555,-0.141216578716427,0.15778148102820055,0.09637925779616241,0.21407377557228013,-0.05427780962762374,0.10434568540590416,-0.24509795055223682,-0.05085364258676342,0.25175206960477703,,0.017158500222263926,-0.0560056286432729,0.018395498423762577,2
2025-06-05,1.7699999999999996,2.4499999999999993,-372426.842,88269.57399999996,0.08795239392987897,-0.06967137208317986,-0.12660671206212204,0.3620109649265304,-0.123473787858013,0.12767811102165139,-0.1424768332187223,-0.1410898274694452,0.15763157675498696,0.09630336572838849,0.21382268765426904,-0.05047243773313281,0.10426175822617312,-0.24477455440107476,-0.03158365597229192,0.24526479505843157,,0.017134055089656507,-0.054606104147758315,0.02340722061732754,2
2025-06-06,1.7300000000000004,2.34,-372423.399,88423.01400000002,0.11161583156810573,-0.010962602646003572,-0.1264980075213672,0.3618425731179369,-0.12336879456361327,0.1237959698357669,-0.14234841458822467,-0.1409632431645571,0.15748189348414554,0.09622754858067695,0.21357213726141566,-0.05848345839383662,0.10417791814519228,-0.24445199211907043,-0.002720772133674408,0.2421210430012077,,0.01710967454696544,-0.057342536722746654,0.031177962938408188,2
2025-06-09,1.7199999999999998,2.3599999999999994,-372453.43,88213.16700000002,0.11744101821945607,-0.02164539787571018,-0.12638943346897846,0.3603059522058949,-0.12326392470143455,0.12746537136417002,-0.14222016654310454,-0.14083682543903153,0.15733243066649072,0.09615180624330422,0.21332212239194726,-0.048416369206092935,0.10409416502536262,-0.24413025995461535,-0.004388362920382478,0.2441975135940122,,0.017085358321637135,-0.05375184944964021,0.03152168032595034,2
2025-06-10,1.71,2.38,-372456.83999999997,88227.09300000005,0.123254475576134,-0.03232294666728863,-0.12628098965280343,0.3596198945153206,-0.1231591780394079,0.11979918822833069,-0.14209208870882806,-0.14071057393130615,0.1571831877548424,0.0960761386067901,0.21307264105481427,-0.053913026197144664,0.10401049872941415,-0.24380935418019423,-0.006058261777745155,0.23771578046821218,,0.01706110614267257,-0.055608690867763946,0.02976386144241182,2
2025-06-11,1.7400000000000002,2.4399999999999995,-326434.47,46008.527,0.10538008873790172,-0.0643439029279852,-0.12617267582141756,0.19033641610054763,-0.12305455434611734,0.12348102866299038,-0.14196418071208017,-0.1405844882809829,0.15703416420401894,0.09600054556189419,0.2128236912696131,-0.03537982174348564,0.1039269191204022,-0.2434892710921842,-0.02348913771295448,0.13915393998305048,,0.017036917740615797,-0.04905529724573446,0.01072728453186501,2
2025-06-12,1.7299999999999995,2.4799999999999995,-326411.262,46015.580000000016,0.11123010077006668,-0.08560127802503359,-0.12606449172412115,0.19016243049052095,-0.12295005339079657,0.1195919301423094,-0.1418364421807593,-0.14045856812882207,0.15688535947082527,0.0959250269996188,0.21257527106651186,-0.01870302776667221,0.10384342606170738,-0.24317000701065805,-0.028849259556474768,0.13600097037368217,,0.017012792847543177,-0.0431518626999351,0.009525786496005422,2
2025-06-13,1.75,2.4299999999999997,-326398.49,46024.908999999985,0.09925430950107383,-0.05887819777558234,-0.1259564371109364,0.18999829888843167,-0.12284567494332799,0.11570162898495506,-0.14170887274397226,-0.14033281311673929,0.15673677301404454,0.09584958281120448,0.21232737848618255,-0.02480748043275749,0.10376001941703561,-0.24285155827918914,-0.023655292029358895,0.13285287755502628,,0.01698873119705242,-0.0452220788392594,0.010295214997820469,2
2025-06-16,1.7400000000000002,2.38,-326370.604,46082.826,0.10512528701334056,-0.03207341935186658,-0.1258485117326067,0.1900378854531226,-0.1227414187742395,0.1307525391242017,-0.1415814720320293,-0.14020722288779852,0.15658840429442922,0.09577421288813248,0.21208001157972212,-0.018033043877121124,0.10367669905041588,-0.24253392126465767,-0.012186399838266113,0.14497991130669124,,0.016964732524251847,-0.04278489706874414,0.015914515315275192,2
2025-06-17,1.7400000000000002,2.45,-326398.784,46058.05599999998,0.10504055373636012,-0.06952106051288165,-0.12574071534059073,0.18973120886657102,-0.1226372846547017,0.115484341497883,-0.14145423967643878,-0.14008179708620838,0.1564402527746911,0.09569891712212297,0.21183316840858368,-0.03203662131858154,0.10359346482619847,-0.24221709235705913,-0.02529039197395975,0.13264382772542802,,0.01694079656574958,-0.04762023247945181,0.009401620836145902,2
2025-06-18,1.7700000000000005,2.4299999999999997,-331285.994,-4851.524000000034,0.08706426175687199,-0.05877283757364937,-0.12563304768706196,-0.029559256977898407,-0.12253327235652622,0.1115889063717268,-0.14132717530990235,-0.13995653535731767,0.15629231791949216,0.09562369540513194,0.21158684704450814,-0.041096250137810486,0.1035103166090563,-0.24190106796931587,-0.027787915841990675,-0.0019843925032733273,,0.01691692305964284,-0.05072539712585873,-0.0120136124320563,1
2025-06-19,1.7700000000000005,2.4299999999999997,-331285.994,-4874.732000000018,0.08699727816344915,-0.05873018098383731,-0.12552550852490563,-0.02963960786788966,-0.12242938165216333,0.11149755261649674,-0.1412002785663098,-0.13983143734761017,0.1561445991954351,0.09554854762935738,0.21134104556944977,-0.04106718987914604,0.1034272542639818,-0.24158584453708776,-0.027764168544607542,-0.0020433516188343853,,0.016893111745507942,-0.050649730826433814,-0.012009934993795506,1
2025-06-20,1.7599999999999998,2.4299999999999997,-331219.227,-4820.737000000023,0.09290867030540051,-0.058687558623952696,-0.12541809760771505,-0.029383926522780435,-0.12232561231469885,0.12660155052054933,-0.1410735490807331,-0.13970650270469975,0.15599709607105505,0.09547347368722692,0.2110957620755085,-0.05352952238723341,0.10334427765628718,-0.24127141851858824,-0.02564804019380778,0.010255517113951909,,0.016869362364388827,-0.05494626121140765,-0.010180683081663488,1
2025-06-23,1.7700000000000005,2.4699999999999998,-331246.26300000004,-4875.659000000043,0.08685421243821323,-0.08006413458041306,-0.12531081468979,-0.029602676797116034,-0.12222196411785324,0.134072356818288,-0.1409469864894236,-0.13958173107732552,0.1558498080168096,0.0953984734714095,0.21085099466486001,-0.058666487983540794,0.10326138665160234,-0.2409577863943989,-0.035216717156706934,0.016163100905648833,,0.016845674658787873,-0.05667912138449813,-0.012430999554142504,1
2025-06-24,1.7800000000000002,2.51,-331268.31100000005,-4869.52700000006,0.08079529977325484,-0.10135998712886507,-0.12520365952613466,-0.029555320470179614,-0.12211843683597756,0.15284001969725347,-0.1408205904298051,-0.13945712211534778,0.15570273450507077,0.09532354687480593,0.21060674144968639,-0.02616738733494517,0.10317858111587519,-0.24064494466728903,-0.04475873843230398,0.03126776137410847,,0.016822048372654684,-0.0452395655768612,-0.01131788006694043,1
2025-06-25,1.79,2.5199999999999996,-357923.679,-26637.684999999998,0.0747321092556017,-0.10660714922933279,-0.12509663187245224,-0.12391155696624112,-0.12201503024405225,0.1526973430639178,-0.1406943605404697,-0.13933267546974293,0.1555558750101147,0.09524869379055523,0.21036300055210977,-0.024900716946975154,0.10309586091536938,-0.24033288986203416,-0.04868525355254155,-0.02539807787504178,,0.0167984832513769,-0.04473156656967227,-0.020925401919625348,1
2025-06-26,1.7999999999999998,2.51,-357965.23199999996,-26679.237999999954,0.0686648380006889,-0.10118973950306864,-0.1249897314851457,-0.12398492202382516,-0.12191174411768468,0.15632214514441367,-0.14056829646117308,-0.13920839079259884,0.15540922900811327,0.09517391411202447,0.2101197701041222,0.0029663274900313397,0.10301322591666384,-0.24002161852523785,-0.04888063497137662,-0.02248028356937498,,0.016774979041768313,-0.03491364186522804,-0.019079534546161358,1
2025-06-27,1.79,2.4799999999999995,-357998.542,-26779.315000000002,0.07462931663109584,-0.08507133917333642,-0.12488295812131289,-0.12430996804314243,-0.12180857823310665,0.15617444685492798,-0.14044239783282886,-0.13908426773711025,0.155262795977126,0.09509920773282077,0.2098770482475225,0.0024015388023721496,0.1029306759866524,-0.2397111272251552,-0.04111959532617807,-0.022731570281807056,,0.016751535492061764,-0.03504706299138796,-0.016814789715817232,1
2025-06-30,1.75,2.5299999999999994,-358173.531,-26927.267999999982,0.09858916851455857,-0.11172274395537063,-0.12477631153874491,-0.12484078142305843,-0.12170553236717252,0.1409168301429009,-0.14031666429750456,-0.13896030595757414,0.15511657539709045,0.09502457454678037,0.20963483313384557,0.012535660160109652,0.10284821099254149,0.034711674333046005,-0.04202964486590769,-0.03519432415981785,,0.016728152351896633,0.0507978572033417,-0.0060863254152695705,1
2025-07-01,1.7200000000000006,2.51,-357958.33,-26690.01899999997,0.11645762301879192,-0.10095602972242601,-0.18874122177637442,-0.12371312438562942,-0.12160260629735609,0.12560457548480874,-0.17096680596422686,-0.21547951894755413,0.23362907906102448,0.20106781277231178,0.21113180242702678,0.015169764146620635,-0.0585627885188178,0.03468736951438944,-0.05119680887918426,-0.04670577802194428,,0.02617258491472426,-0.004781347675952173,-0.01653896528975868,1
2025-07-02,1.7000000000000002,2.4699999999999998,-353093.709,4829.97000000003,0.12828898429637614,-0.07944321173161206,-0.18854016243920824,0.013691270159236879,-0.12149979980174885,0.14069147004023952,-0.17079664127420713,-0.21522607337222655,0.23333416506856186,0.20084343723785048,0.21088696574072485,0.01677755264051961,-0.058520301848152934,0.03466308233441007,-0.039466028334095044,0.04786805824668443,,0.02613223221194954,-0.004211037522348641,0.0012418026614092396,2
2025-07-03,1.67,2.3200000000000003,-353071.067,4894.164999999979,0.14600753822631463,0.0015494523070627153,-0.18833946882215247,0.013962934646525316,-0.12139711265905817,0.12155338843614993,-0.17062675049279896,-0.2149731728575066,0.23303996119576897,0.200619503823527,0.21064264349066475,0.019424139800899187,-0.05847784923307775,0.03463881277900427,-0.004856893959963665,0.032782203941400245,,0.02609199759440356,-0.0032771544675612163,0.009491688631687645,2
2025-07-04,1.67,2.3200000000000003,-353071.067,4927.475000000035,0.145874034360169,0.0015483842844967732,-0.18813913977750174,0.014099266302630475,-0.12129454464860479,0.12145090358422972,-0.1704571328679214,-0.21472081536397547,0.23274646446066116,0.20039601101898996,0.21039883379772895,0.019410674190184052,-0.058435430639266595,0.03461456083408221,-0.00484389540761751,0.0328435558597992,,0.0260518805092195,-0.003274296506954228,0.009495190407946368,2
2025-07-07,1.71,2.2699999999999996,-353074.43200000003,5099.098999999987,0.12192532859113037,0.028611739664145208,-0.18793917416277306,0.014842090161663268,-0.12119209555031951,0.13278032869341283,-0.17028778765051122,-0.2144689988631857,0.2324536718991721,0.20017295732134288,0.21015553479268134,0.0038744595512938407,-0.05839304603244411,0.03459032648556826,-0.003693778359485464,0.04241425972153652,,0.026011880407047834,-0.008704407322732114,0.010451314453736982,2
2025-07-08,1.71,2.25,-353075.817,4882.513000000035,0.12182214923645862,0.03941508489201029,-0.18773957084067627,0.013881494627467905,-0.12108976514474268,0.14026953401197662,-0.17011871409450685,-0.2142177213375851,0.232161580565017,0.1999503412350916,0.20991274461609577,-0.004955860874014895,-0.05835069537838378,0.034566109719400995,0.0001111606927612363,0.04789066489921644,,0.025971996742027284,-0.011787461772519233,0.011941827862339773,2
2025-07-09,1.7300000000000004,2.33,-313454.361,39639.348,0.10974176992547702,-0.003966268218683067,-0.18754032867908355,0.16494737036067852,-0.1209875532130208,0.12490988474265996,-0.16994991145683302,-0.21396698078044163,0.23187018752955324,0.19972816127209247,0.2096704614182925,-0.0006373585731610509,-0.05830837864290872,0.034541910521532326,-0.01924067300634718,0.1263037980827226,,0.02593222897175608,-0.010268434869164721,0.018116159823068547,2
2025-07-10,1.7000000000000002,2.37,-313410.42699999997,39660.640000000014,0.12761502416535753,-0.025660001016427403,-0.1873414465509985,0.16487759991574924,-0.12088545953690488,0.1286200965580444,-0.16978137899738488,-0.21371677519576815,0.2315794898816459,0.19950641595151564,0.209428683359272,-0.004840920389456382,-0.058266095791891015,0.03451772887792881,-0.020518175863174004,0.12929136147374215,,0.025892576557266483,-0.011732137000092947,0.0179515750514118,2
2025-07-11,1.7200000000000006,2.29,-313408.725,39662.342000000004,0.11553230607914444,0.017784272458245542,-0.1871429233345261,0.16472428663962768,-0.12078348389874782,0.1437434023451749,-0.16961311597901407,-0.21346710259824764,0.23128948472753108,0.19928510379978914,0.2091874086086516,-0.008388041965875725,-0.05822384679125181,0.03449356477457011,-0.009482074512271337,0.14135920352066786,,0.02585303896299563,-0.012966091632623604,0.022877604170274145,2
2025-07-14,1.7300000000000004,2.29,-313444.929,39629.503000000026,0.10943333535080946,0.017771955226326908,-0.18694475791284326,0.1644235851218152,-0.1206816260815029,0.1436132995689472,-0.1694451216675108,-0.2132179610131617,0.23100016919068356,0.19906422335056106,0.208946635345598,-0.020596949018344413,-0.05818163160696177,0.034469418197450086,-0.01156157567185525,0.14113581507934514,,0.02581361565675977,-0.017231677759622137,0.02157055181059182,2
2025-07-15,1.7000000000000002,2.2199999999999998,-313425.365,39650.45199999999,0.1273370704994079,0.0557588255914383,-0.18674694917416856,0.16435327836421165,-0.12057988586872104,0.15108215514938528,-0.16927739533159092,-0.2129693484763142,0.2307115404116835,0.1988437731446484,0.20870636175876123,-0.03239569206687032,-0.058139450205039855,0.03444528913257683,0.008059478879545598,0.1471297596168026,,0.0257743061097264,-0.02135371305539551,0.02772782717550634,2
2025-07-16,1.7300000000000004,2.26,-289784.813,23669.54799999995,0.10922483877826128,0.03400355408267908,-0.18654949601173443,0.09512529842116901,-0.12047826304454823,0.16231079337101972,-0.1691099362428805,-0.21272126303396233,0.23042359554808667,0.1986237517299927,0.20846658604621493,-0.028577732865287087,-0.058097302551553764,0.034421177565971295,-0.005834911302191201,0.11463685592278826,,0.025735109796388038,-0.020009909126102905,0.018877346077942447,2
2025-07-17,1.71,2.2800000000000002,-289781.387,23629.03999999998,0.12115350168076922,0.023101038332493662,-0.18635239732375475,0.0948741274549223,-0.12037675739372444,0.15457633558495387,-0.16894274367589956,-0.21247370274274202,0.23013633177429238,0.19840415766161867,0.20822730641539255,-0.03757712776519739,-0.05805518861262038,0.034397083483669544,-0.005416630192484423,0.10835949050468181,,0.02569602619453687,-0.023152185687135358,0.01758011321352086,2
2025-07-18,1.7299999999999995,2.3099999999999996,-289787.025,23621.699999999953,0.10902688641535185,0.006746043679902947,-0.18615565201339912,0.09476785425047618,-0.12027536870158106,0.15443117008633966,-0.16877581690804788,-0.2122266656695979,0.22984974628141708,0.19818498950158214,0.20798852108302124,-0.02601157092958195,-0.058013108354405096,0.03437300687172029,-0.015326170070680552,0.1082404273984088,,0.025657054785237138,-0.019096735687879375,0.015187966431684534,2
2025-07-21,1.7300000000000004,2.37,-289801.39300000004,23643.535999999964,0.10893805431470516,-0.02596115259082621,-0.18595925898876264,0.09478908148414056,-0.12017409675403834,0.14287375083510412,-0.16860915521959108,-0.211980149891714,0.22956383627716592,0.1979662458189344,0.20775022827506295,-0.011267629713780702,-0.05797106174312161,0.034348947716186684,-0.026745862093271164,0.09906799150614462,,0.02561819505280047,-0.013928857695059802,0.011151660206881492,2
2025-07-22,1.7300000000000004,2.4000000000000004,-289784.101,23641.263999999966,0.1088493171852325,-0.042288514164794955,-0.1857632171628365,0.09470499874425897,-0.12007294133760338,0.13892985258964852,-0.16844275789364427,-0.2117341534964413,0.22927859898570513,0.197747925189673,0.20751242622665167,0.0016461726762593276,-0.0579290487450318,0.034324906003145195,-0.03243268409169781,0.09592311651571218,,0.025579446484759925,-0.009401534823126804,0.009643293647568442,2
2025-07-23,1.71,2.3499999999999996,-316707.91699999996,-26923.103999999934,0.12080586854923459,-0.014989325343558235,-0.18556752545348165,-0.1275062694673773,-0.11997190223936893,0.13880609665741273,-0.1682766242161582,-0.21148867458122955,0.22899403164753895,0.19753002619669924,0.2072751131820303,0.0062069559217892145,-0.05788706932644638,0.034300881718686504,-0.018634467514057777,-0.037442025698117554,,0.02554080857184471,-0.007797775176024056,-0.005991108242377398,1
2025-07-24,1.6800000000000006,2.3100000000000005,-316650.47099999996,-26869.083999999973,0.13871192214128292,0.006870058288613645,-0.18537218278339807,-0.12716221998600918,-0.11987097924700985,0.13868250120730075,-0.16811075347590565,-0.21124371125355923,0.2287101315193849,0.1973125474297741,0.20703828739449404,0.006338024591452385,-0.057845123453723946,0.03427687484891462,-0.004657961684555623,-0.03727391857397082,,0.025502280807954893,-0.0077444221471206585,-0.0017745694115416852,1
2025-07-25,1.6899999999999995,2.34,-316668.794,-26881.76899999997,0.13259233344754473,-0.009533279240557246,-0.18517718808009875,-0.1271082189691204,-0.11977017214878194,0.12707155729442676,-0.16794514496446467,-0.2109992616308719,0.22842689587404985,0.1970954874854769,0.2068019471263265,-0.010875913651515745,-0.05780321109327147,0.03425288537994731,-0.012482487451584007,-0.04646978883519998,,0.025463862690136937,-0.013761828046691332,-0.006413523095224664,1
2025-07-28,1.6900000000000004,2.3200000000000003,-316688.74799999996,-26887.354999999923,0.13247633303409168,0.0014132037268175246,-0.1849825402758808,-0.12702345736746867,-0.11966948073352002,0.1346291569255189,-0.1677797979762069,-0.21075532384050266,0.22814432200031054,0.19687884496716568,0.20656609064874076,-0.03669500224531563,-0.05776133221154356,0.03422891329791633,-0.008633424216446021,-0.04031243732017807,,0.025425553718559528,-0.02279104307052581,-0.0056991608938995065,1
2025-07-29,1.7000000000000002,2.4000000000000004,-316689.30299999996,-26905.201999999932,0.12634831968174498,-0.04235256730543302,-0.18478823830779856,-0.12699212789953085,-0.11956890479063498,0.12299912857405415,-0.16761471180828103,-0.21051189601961473,0.22786240720279083,0.19666261848492583,0.20633071624182087,-0.0511281152750227,-0.057719486775042905,0.03420495858896655,-0.02603795816063038,-0.04953731675485616,,0.025387353396487525,-0.027835173140832996,-0.013070422583420605,1
2025-07-30,1.6900000000000004,2.3600000000000003,-364019.90300000005,-47311.98600000009,0.13225534543618633,-0.02043560898128227,-0.18459428111763565,-0.21438995541997008,-0.11946844411011237,0.1074847166850077,-0.16744988576059994,-0.21026897631512986,0.22758114880184332,0.19644680665553627,0.20609582219446332,-0.06898875265196369,-0.05767767475031993,0.03418102123925704,-0.016241376576074273,-0.11432726637004328,,0.02534926123025976,-0.03407894321902215,-0.020796029103617154,1
2025-07-31,1.67,2.3499999999999996,-364078.867,-47428.396000000066,0.14414631262223043,-0.01494192599306643,-0.18440066765187735,-0.21462949179684365,-0.11936809848250984,0.10353428286872246,-0.16728531913582656,-0.2100265628836655,0.22730054413343148,0.196231408102425,0.20586140680431808,-0.08189857042948623,-0.05763589610397324,-0.09179211528655196,-0.01009866497535581,-0.11757112787263413,,0.025311276729263997,-0.0763746978726764,-0.025793654172087323,1
2025-08-01,1.75,2.4899999999999993,-363961.848,-47293.054000000004,0.09573840504995079,-0.09145875743817156,-0.18420739686168508,-0.21380716876414962,-0.11926786769895592,0.14577094087547615,-0.1907980537288848,-0.20978465389146683,0.23826787980962472,0.16538786859066645,0.20284146680433546,-0.06099540273628634,0.10614398184314533,-0.09172086020302395,-0.05376434239438279,-0.0832282691774824,,0.017360940486747342,-0.011714255373506538,-0.02603044627927634,1
2025-08-04,1.7400000000000002,2.5,-363990.152,-47301.40400000004,0.10173191271586002,-0.09682574981272518,-0.18401446770286845,-0.21359248299411504,-0.11916775155114723,0.14180922357274284,-0.19059375302328274,-0.20954324751434394,0.23796163547972826,0.16522612571146955,0.20261359945306667,-0.05165661972605806,0.1060581972668233,-0.09164967307781902,-0.05348718329476334,-0.08620876186896306,,0.017335040261170803,-0.008454349784077868,-0.02591186167109244,1
2025-08-05,1.7200000000000006,2.5,-363948.77800000005,-47259.47500000009,0.11377147312196567,-0.09674942867592862,-0.1838218791358578,-0.2131661140404013,-0.11906774983134683,0.13016341501509254,-0.19038982729550913,-0.2093023419376051,0.23765614956275938,0.16506463478882516,0.20238618618246473,-0.04842401325777379,0.10597250271199021,-0.09157855381671332,-0.04918884818464436,-0.09520958631097484,,0.01730921855594402,-0.007331594836038249,-0.025810526988459266,1
2025-08-06,1.75,2.5,-414494.123,-50474.21999999997,0.09547405070777559,-0.09667318306576944,-0.18362963012567968,-0.22644331442646082,-0.11896786233238166,0.14157509087140374,-0.19018627535741095,-0.20906193535599527,0.23735141878226473,0.164903395155928,0.20215922542290587,-0.03191301832424731,0.10588689803409013,-0.09150750232568006,-0.05550858536300175,-0.09398663335818248,,0.017283474969558732,-0.0015613927992590322,-0.02666391079012707,1
2025-08-07,1.7399999999999993,2.3999999999999995,-414480.118,-50401.25099999999,0.1014785135250158,-0.04190404124916003,-0.183437719641929,-0.22585929192229415,-0.11886808884764144,0.13376529682397287,-0.18998309602629238,-0.20882202597363098,0.2370474398820266,0.16474240614855518,0.20193271561259785,-0.03172982295326676,0.10580138308891573,-0.09143651851088908,-0.03418025059602918,-0.09982419100278304,,0.017257809103330378,-0.00150590950578958,-0.021139137979262052,1
2025-08-08,1.7400000000000002,2.3600000000000003,-414482.46,-50520.61200000002,0.10139753829242593,-0.019890326972275885,-0.18324614665874384,-0.22608353953938076,-0.11876842917107544,0.13364812486119648,-0.1897802881248819,-0.20858261200393824,0.23674420962589804,0.1645816671050504,0.20170665519752884,-0.02463176233505371,0.10571595773260944,-0.09136560227870538,-0.02644632003557064,-0.09999268133731654,,0.017232220561371726,0.0009697877055328923,-0.0184792749150958,1
2025-08-11,1.7200000000000006,2.3600000000000003,-414484.371,-50494.21899999998,0.11346601916186927,-0.019876535433316356,-0.18305491015477893,-0.22569569567181824,-0.11866888309719203,0.13353109963970233,-0.1895778504812996,-0.2083436916695901,0.2364417247976469,0.16442117736632622,0.2014810426314142,-0.03933000849267221,0.10563062182165961,-0.09129475353568872,-0.02216015374144016,-0.0997938675496443,,0.01720670895057108,-0.0041832113955610276,-0.017942930726570074,1
2025-08-12,1.7299999999999995,2.34,-414459.64900000003,-50510.870999999985,0.10729839932183838,-0.008846798234527387,-0.18286400911318046,-0.22548939639795784,-0.11856945042105493,0.15644441491015448,-0.1893757819290266,-0.20810526320244538,0.23613998220079657,0.1642609362758325,0.20125587637565,-0.022124929286941653,0.10554537521290186,-0.09122397218859424,-0.02040114235339529,-0.08127977616328408,,0.017181273880564785,0.001829964417507799,-0.013742495997743832,1
2025-08-13,1.71,2.3899999999999997,-497717.587,-83223.46399999998,0.1193577022301544,-0.03638933873160055,-0.1826734425215596,-0.3571629705719249,-0.11847013093828274,0.15629653883316252,-0.1891740813068723,-0.20786732484348636,0.2358389786584687,0.16410094317955704,0.20103115489926315,-0.016166638277856138,0.10546021776351644,-0.09115325814437003,-0.02576310553197403,-0.16034262983959457,,0.017155914963715366,0.003906775376670096,-0.026905331088102034,1
2025-08-14,1.71,2.29,-497689.20300000004,-83209.08500000002,0.11925748616354492,0.01878463752555004,-0.1824832093719686,-0.3563839794479796,-0.11837092444504604,0.14848325182579503,-0.18897274745894332,-0.2076298748427584,0.23553871101322965,0.163941197426005,0.2008068766788602,-0.03745841992417631,0.10537514933102798,-0.09108261131015827,-0.006430219520407343,-0.16606634087517935,,0.01713063181508629,-0.003553928100649393,-0.02308944824872494,1
2025-08-15,1.6899999999999995,2.25,-497694.142,-83211.68199999997,0.13128035322519538,0.04083246102249438,-0.182293308660874,-0.35567393144045256,-0.11827183073806591,0.15984349218394067,-0.18877177923461252,-0.2073929114593107,0.23523917612693634,0.1637816983661915,0.20058304019858308,-0.024721630038759268,0.1052901697733033,-0.09101203159329396,0.0055514923884292106,-0.1564926635599585,,0.017105424052419244,0.0008953794291022207,-0.017397788889994867,1
2025-08-18,1.7000000000000002,2.24,-497698.625,-83214.25400000002,0.12510613320325792,0.04631696983611788,-0.18210373938913305,-0.35496709554906536,-0.11817284961461183,0.15586140583777253,-0.1885711754884868,-0.20715643296113473,0.23494037088058528,0.1636224453536248,0.20035964395005657,-0.03400962407075536,0.10520527894855158,-0.09094151890130431,0.005366964247041618,-0.15919484242798826,,0.01708029129611042,-0.002363976463162616,-0.018353660735532542,1
2025-08-19,1.71,2.2800000000000002,-497682.729,-83223.07999999996,0.11892642847940027,0.024201738661842942,-0.18191450056196756,-0.3542875814609535,-0.11807398087249943,0.1480380180748715,-0.1883709350803776,-0.20692043762510537,0.23464229217416066,0.16346343774429695,0.20013668643234284,-0.040626699599454974,0.10512047671532265,-0.09087107314190779,-0.004479491669155143,-0.16498652294017452,,0.01705523316918743,-0.004688499952018647,-0.022531292642278662,1
2025-08-20,1.7299999999999995,2.29,-512950.58400000003,-15232.997000000032,0.10664715409006376,0.018655877884023342,-0.18172559118894005,-0.06999860211252196,-0.117975224310089,0.1479020761158243,-0.18817105687527003,-0.2066849237369237,0.23434493692648628,0.16330467489667044,0.19991416615189417,-0.042808186570798545,0.1050357629325056,-0.09080069422301507,-0.01066161616575153,0.00553736503909287,,0.017030249297286283,-0.0054605565403070475,0.0010705987494139856,2
2025-08-21,1.7199999999999998,2.25,-512940.943,-15251.73999999999,0.11265854627212879,0.04076368169191125,-0.18153701028392855,-0.07002918114091361,-0.11787657972628374,0.14391742359990722,-0.18797153974329184,-0.20644988959105626,0.23404830207507787,0.1631461561716654,0.19969208162250696,-0.05557397781446338,0.1049511374593286,-0.09073038205272688,-0.0007633232977645524,0.002390482359607385,,0.017005339308629464,-0.009937108740115237,0.0028903438807518222,2
2025-08-22,1.7300000000000004,2.3200000000000003,-512951.86000000004,-15257.718000000052,0.10646463066684508,0.0019839257021099233,-0.18134875686510377,-0.07000368239466992,-0.11777804692052662,0.15916214376661975,-0.18777238255968398,-0.20621533349067878,0.233752384575997,0.16298788093264793,0.19947043136526954,-0.02202484513365921,0.10486660015535687,-0.09066013653933447,-0.01644763233039688,0.01466067742417787,,0.01698050283400228,0.00179657329579384,0.0017794236173772626,2
2025-08-25,1.7000000000000002,2.3,-512963.152,-15264.527000000002,0.12466595964883087,0.013067788141545966,-0.1811608299549029,-0.06998187660394606,-0.11767962569280033,0.14748078319748714,-0.18757358420477044,-0.2059812537476181,0.23345718140370542,0.1628298485454196,0.19924921390852446,-0.027999696522995388,0.10478215088049225,-0.0905899575913186,-0.006141437259838983,0.005387725179941891,,0.016955739506732216,-0.00030312825227167897,0.003159193237881891,2
2025-08-26,1.75,2.3200000000000003,-512944.15900000004,-15261.430000000051,0.09402170383363861,0.001965902669791575,-0.18097322858000697,-0.06991651431135515,-0.11758131584362341,0.18561707012306972,-0.18737514356392881,-0.20574764868229567,0.23316268955092379,0.16267205837819954,0.19902842778781538,-0.032391283724173325,0.10469778949497144,-0.09051984511734945,-0.02069630629780153,0.03599495800546863,,0.016931048962665403,-0.001848676515425498,0.003145812574832362,2
2025-08-27,1.7699999999999996,2.34,-583429.36,-70478.77599999995,0.08167075210126162,-0.009136457587249014,-0.1807859517713163,-0.30409726673992743,-0.11748311717405036,0.18542213244158923,-0.18717705952755914,-0.20551451662367015,0.23286890602848742,0.16251450980162208,0.19880807154584557,-0.04069342255131159,0.10461351585936596,-0.09044979902628514,-0.028848782451490477,-0.10461052439511526,,0.01690643084014705,-0.004762907050066514,-0.020834041742187646,1
2025-08-28,1.75,2.34,-583426.582,-70485.63900000002,0.09389377995190817,-0.009130152977477546,-0.18059899856392725,-0.3036201046292051,-0.11738502948566731,0.16614236617820644,-0.18697933099105812,-0.20528185590918213,0.23257582786520614,0.1623572021887143,0.19858814373242972,-0.021168563197749735,0.10452932983458019,-0.09037981922717242,-0.02451243012812746,-0.11968918752635829,,0.016881884779996977,0.0020623225547389303,-0.020777287589181896,1
2025-08-29,1.7999999999999998,2.329999999999999,-583472.5140000001,-70520.65400000004,0.06304210955408229,-0.003565815001971284,-0.18041236799710847,-0.303257342363778,-0.11728705258059291,0.1812656963174042,-0.18678195685478594,-0.20504966488469867,0.23228345210772616,0.16220013491489316,0.1983686429044531,-0.01901358977842149,0.10444523128185068,-0.09030990562924524,-0.033307007305893685,-0.1073140799126992,,0.016857410425491638,0.002808102837426645,-0.02145364614668608,1
2025-09-01,1.7999999999999998,2.329999999999999,-583472.5140000001,-70509.36200000008,0.06299601739678162,-0.003563357095143882,-0.18022605911427791,-0.3027105228426743,-0.11718918626147445,0.18107837227635537,-0.15142933939938796,-0.27983267001182155,0.34199200647632866,0.16703829748673016,0.20119521121002903,-0.01900041388693474,0.10436122006274506,-0.09024005814192515,-0.03326638662871016,-0.10707712764140492,,0.034405358953041684,0.0028042647189560656,-0.017019505688719957,1
2025-09-02,1.8099999999999996,2.2799999999999994,-583415.682,-70471.52299999999,0.056769411247653556,0.02426391877387024,-0.18004007096297947,-0.30205939923519365,-0.11709143033148639,0.17325331505745267,-0.15128865924057422,-0.27940991224600975,0.34133679957344976,0.16687398603891856,0.20097062029307988,-0.0388432187147717,0.10427729603916092,-0.0901702766748198,-0.025650355781360514,-0.11288784569404589,,0.03432561083673512,-0.0041491559389097155,-0.016669254270167713,1
2025-09-03,1.7800000000000002,2.34,-590928.852,-7499.491999999969,0.07526677621251698,-0.009166299052239757,-0.1798544025948592,-0.033394954924023446,-0.11699378459432941,0.16925068121728648,-0.1511481776158714,-0.27898848571082135,0.3406844447108559,0.16670993335884998,0.2007464721648773,-0.03135982465405174,0.10419345907332533,-0.09010056113772291,-0.030821153772360724,0.04516730126281748,,0.03424627648486382,-0.0015383962945711184,0.005859558734744694,2
2025-09-04,1.7999999999999998,2.33,-590931.057,-7504.474999999977,0.06284875631611886,-0.0035866331751340796,-0.17966905306564385,-0.03339359994928104,-0.11689624885422711,0.15756081024139656,-0.15100789405650927,-0.27856838310242016,0.3400349204282307,0.16654613875320368,0.20052276531191238,-0.04210804626428777,0.10410970902779226,-0.09003091144061337,-0.03315897282034848,0.035874738911012366,,0.03416735237260437,-0.005308691464957438,0.003179053363954787,2
2025-09-05,1.7800000000000002,2.4000000000000004,-590931.926,-7459.411999999895,0.07517252665480223,-0.04259955199630172,-0.17948402143511644,-0.03317115047899721,-0.11679882291592569,0.16125898433589447,-0.15086780809535016,-0.27814959717381116,0.3393882054924715,0.1663826015313845,0.2002994982281452,-0.015521292035679979,0.10402604576544361,-0.08996132749365549,-0.04244466530005975,0.03902520343176184,,0.034088835016035164,0.003988265557320625,0.002240829512353237,2
2025-09-08,1.7599999999999998,2.45,-590930.345,-7457.830999999889,0.08746993201048592,-0.07038137876186623,-0.1792993067670957,-0.03314096680164391,-0.11670150658469058,0.14954100491144273,-0.15072791926688167,-0.27773212073427256,0.33874427889460845,0.16621932100549142,0.2000766694149596,-0.014207485612893644,0.10394246914948635,-0.08989180920719797,-0.04780879839311183,0.0297273198973535,,0.0340107209715403,0.004439701475648056,-0.0007149060690982394,1
2025-09-09,1.75,2.42,-590933.844,-7518.162000000011,0.09357307737960596,-0.05364197655451908,-0.17911490812941222,-0.033384706794129526,-0.11660429966630637,0.14166686409611873,-0.15058822710720976,-0.2773159466487939,0.3381031198467699,0.16605629649032405,0.19985427738111494,-0.016704921816986573,0.10385897904345276,-0.08982235649177328,-0.039758587150043254,0.023340087400633452,,0.03393300683522797,0.0035572130817311774,0.0005902706361487106,2
2025-09-10,1.75,2.46,-665697.438,-74768.58600000001,0.09349993978377613,-0.07585917641307438,-0.17893082459388598,-0.3194545263098687,-0.11650720196707309,0.12600670088899446,-0.15044873115405133,-0.27690106783751955,0.33746470777920123,0.16589352730335416,0.1996323206426951,-0.015241701050195733,0.10377557531119885,-0.08975296925809739,-0.047504980198420185,-0.16077167625496952,,0.033855689242354464,0.004060965213921873,-0.029294178405094587,1
2025-09-11,1.7400000000000002,2.34,-665694.9349999999,-74763.87799999991,0.09959742754139977,-0.008850020169710482,-0.17874705523630519,-0.3188737252424725,-0.11641021329380585,0.1220033784643979,-0.15030943094672566,-0.27648747727520273,0.33682902233733314,0.16573101276471758,0.19941079772306858,-0.008139172807337669,0.10369225781690328,-0.08968364741706902,-0.021862523990800305,-0.16356766035024867,,0.03377876486676236,0.006538485528227254,-0.021668442203852712,1
2025-09-12,1.7000000000000002,2.29,-665685.369,-74753.44299999997,0.12413142069845762,0.0191320916582991,-0.17856359913640407,-0.3182724786320841,-0.11631333345383277,0.12579813247362415,-0.15017032602614921,-0.2760751679906609,0.3361960433788933,0.16556875219720135,0.19918970715283724,-0.012659062252668773,0.10360902642506686,-0.08961439087976997,-0.003426850416056372,-0.16011298127265078,,0.033702230420325205,0.004948170196408339,-0.015877219181171975,1
2025-09-15,1.6800000000000006,2.3,-665684.992,-74754.647,0.13628195046024572,0.013520821402358552,-0.17838045537784064,-0.3177197083276414,-0.116216562254992,0.12958653143507282,-0.15003141593482683,-0.2756641330662437,0.3355657509710719,0.16540674492623086,0.19896904746979227,0.00823662242899248,0.10352588100051063,-0.0895451995574631,-0.0010831664614407016,-0.15669253720152176,,0.033626082652403785,0.012253316333087155,-0.013584312405596455,1
2025-09-16,1.6900000000000004,2.3099999999999996,-665686.855,-74753.01099999994,0.13003515461573145,0.007908739011547317,-0.17819762304817588,-0.31715781691414335,-0.11611989950563217,0.13725785424508885,-0.14989270021684542,-0.2752543656373019,0.3349381253877264,0.16524499027985096,0.19874881721887028,0.026303366542435924,0.10344282140837535,-0.0894760733615928,-0.0051789241449052,-0.15016034645579424,,0.03355031834930997,0.018568343774306106,-0.012904898058367283,1
2025-09-17,1.7000000000000002,2.29,-749781.366,-84083.92800000007,0.12378263655078747,0.019115603867607245,-0.178015101238851,-0.3530762833338028,-0.1160233450146082,0.14102342114586963,-0.14975417841786642,-0.2748458588916667,0.3343131471066363,0.16508348758872082,0.19852901495210729,0.02530033083780392,0.1033598475141213,-0.08940701220378544,-0.003390146225217154,-0.16864104009235092,,0.033474934333781625,0.018208958762038194,-0.01521312248366665,1
2025-09-18,1.6799999999999997,2.1499999999999995,-749781.1100000001,-84086.17500000016,0.1359531160811911,0.09734098081625531,-0.17783288904516703,-0.35238023568505195,-0.08494693585485547,0.14089693092280342,-0.14961585008511935,-0.2744386060691325,0.33369079680680125,0.16492223618609714,0.19830963922858946,0.00407518512740257,0.10327695918352542,-0.08933801599584612,0.02830306720055612,-0.1496787581857017,,0.03339992746446452,0.010771845710070956,-0.003995134845061645,1
2025-09-19,1.6800000000000006,2.12,-749778.7660000001,-84093.39700000011,0.1358328968711333,0.11391295803900148,-0.17765098556626302,-0.35170653718440026,-0.08488192360240476,0.15241643911508662,-0.14947771476739347,-0.2740326004609477,0.33307105536578074,0.16476123540781762,0.1980906886144176,-0.0011649489658901446,0.10319415628268236,-0.08926908464976124,0.03411575354866827,-0.1400199251800137,,0.033325294635404526,0.008929497165948902,-0.0010975144786581057,1
2025-09-22,1.67,2.1099999999999994,-749781.576,-84096.58400000003,0.14184118631087084,0.11935741730259752,-0.17746938990509564,-0.35102038116750867,-0.08606139917495514,0.14062303119351194,-0.14933977201503235,-0.27362783540931057,0.3324539038570793,0.16460048459229104,0.19787216168265376,-0.0024047557545022746,0.10311143867800188,-0.08920021807769596,0.03817869429318523,-0.14975064325066872,,0.033251032775546877,0.008487273599916068,-0.0014231389657706098,1
2025-09-23,1.6899999999999995,2.1399999999999997,-749781.805,-84094.95000000007,0.1294396994087823,0.10261065855471019,-0.17728810116841776,-0.35031879671956123,-0.08599536125215779,0.15990174977306304,-0.149202021379926,-0.2732243043068725,0.3318393235475723,0.1644399830804859,0.19765405701328476,0.005831063548234372,0.10302880623620858,-0.0891314161919946,0.02803119493669705,-0.13386709496458096,,0.03317713884824615,0.011361529566956647,-0.0016721916165729947,1
2025-09-24,1.6799999999999997,2.0999999999999996,-798276.777,-48495.410999999964,0.13547305870326176,0.124722161752153,-0.17710711846675742,-0.20572651378657048,-0.08592938454468746,0.15974876589891474,-0.14906446241550442,-0.27282200059624484,0.33122729589497135,0.16427973021591313,0.19743637319317497,-0.01743296435033337,0.10294625882434127,-0.0890626789051795,0.03793619161936795,-0.04719452627962295,,0.0331036098507817,0.00321084939434892,0.013059208415714705,2
2025-09-25,1.67,2.12,-798272.9739999999,-48491.86399999983,0.14149133730717023,0.11352754417099709,-0.17692644091439724,-0.20547844713960794,-0.08586346897156161,0.14017381148138797,-0.14892709467672927,-0.2724209177695138,0.33061780254533435,0.16411972534462183,0.19721910881602378,-0.03310638439038227,0.10286379630975095,-0.0889940061299519,0.03617867624303939,-0.06266610048159134,,0.0330304428138848,-0.0022831076672065326,0.009368832354063335,2
2025-09-26,1.6499999999999995,2.0999999999999996,-798295.678,-48516.911999999895,0.15361174280941858,0.1245283460730231,-0.17674606762935485,-0.20535135657763992,-0.08579761445195866,0.15172206518072318,-0.14878991772008976,-0.2720210493677607,0.3300108253306102,0.16395996781517885,0.1970022624823251,-0.02856008415060085,0.10278141856010081,-0.0889253977791894,0.04432521082004812,-0.05331173047318061,,0.03295763480126953,-0.0007001522904318304,0.013435189531789953,2
2025-09-29,1.6399999999999997,2.1499999999999995,-798303.825,-48522.24899999995,0.15957642244803338,0.096616768156631,-0.17656599773336112,-0.20514148105748942,-0.08573182090521803,0.13209307400193881,-0.1486529311035929,-0.271622388980586,0.32940634626622556,0.16380045697865775,0.19678583279932105,-0.015001672984595982,0.10269912544336468,-0.08885685376594699,0.0366978173916242,-0.06884952197607341,,0.032885182909174374,0.004037052230784946,0.009508770482987584,2
2025-09-30,1.67,2.1399999999999997,-798296.676,-48514.87099999993,0.14105286902412018,0.10211904299323171,-0.17638623035184098,-0.20487843202044664,-0.08566608825083855,0.14758572193191077,-0.1485161343867588,-0.271224930245642,0.32880434754870813,0.16364119218862094,0.19656981838096255,-0.015914770043653936,0.10261691682782637,-0.1505973383737108,0.032194300100520865,-0.05625813461724247,,0.03281308426590924,-0.014833450137652894,0.007197823383399266,2
2025-10-01,1.6899999999999995,2.1799999999999997,-798562.06,-285.283000000054,0.12861586058397334,0.07967450319779834,-0.1891713210330025,0.00490857267133693,-0.08560041640847915,0.15134271722732073,-0.1482365395413795,-0.27082866684816864,0.2877095522416071,0.11086389558517262,0.19069940459584078,-0.01647177458891469,0.10253479258207854,-0.1504578331469153,0.01615023101371934,0.07265906753957126,,0.014584842392632438,-0.015015293646467243,0.017137845986239512,2
2025-10-02,1.6800000000000006,2.24,-798560.317,-287.3430000001099,0.1346685278315245,0.04590001110498232,-0.18896952641507347,0.004896110185630187,-0.0855348052979582,0.1434091068238852,-0.14810031894645304,-0.2704335925205359,0.28726125881706377,0.11077311109781673,0.19049481307347937,-0.028308953529639136,0.1024527525750214,-0.1503185236812702,0.006508130703255344,0.06634406839171134,,0.014559903007378545,-0.019145227438497264,0.01267224110580335,2
2025-10-03,1.6600000000000001,2.21,-798577.273,-281.5950000000885,0.14685114533490684,0.06275428050591314,-0.1887680997386778,0.004918112443398792,-0.0854692548392526,0.1432794525921779,-0.1479642864834667,-0.27003970104179065,0.28681444031449255,0.11068242478673596,0.19029059833655215,-0.013796497140614927,0.10237079667586313,-0.1501794095176493,0.016731469122683647,0.06629287663623003,,0.014535059119314759,-0.014052818017957918,0.0164892143093746,2
2025-10-06,1.6500000000000004,2.16,-798573.657,-269.8320000000531,0.1528528220523897,0.0907844043220476,-0.1885670398461594,0.00496668384140686,-0.08540376495249735,0.15484399520665648,-0.1478284417194724,-0.2696469862372104,0.28636908828525387,0.11059183648729953,0.1900867591868396,-0.021606388556454914,0.102288924754117,-0.15004049019851573,0.028702917277205232,0.0756129474986709,,0.014510310094454117,-0.016773259390372993,0.02106440592301978,2
2025-10-07,1.67,2.2,-798556.503,-259.82700000004843,0.1404196913348672,0.06824914684194838,-0.18836634558514243,0.005007487505556574,-0.08533833555798598,0.15080342500268018,-0.1476927842229947,-0.2692554419778609,0.28592519434927377,0.11050134603529949,0.18988329443164642,-0.030776957846819775,0.10220713667960157,-0.1499017652679142,0.01652418968634272,0.0724442311706865,,0.014485655304672794,-0.019969966988900637,0.016449810359338894,2
2025-10-08,1.6799999999999997,2.21,-800842.4160000001,-2280.356000000029,0.13412846622346386,0.06256680537215753,-0.18816601580850068,-0.003932601393508928,-0.08652640149373891,0.14285545541144495,-0.14755731356402357,-0.2688650621801587,0.2854827501943282,0.11041095326693862,0.18968020288376275,-0.042999731979717626,0.10212543232243942,-0.1497632342714642,0.01239354031591728,0.06000896259680726,,0.014461094127639261,-0.024234975161486632,0.012699433741983094,2
2025-10-09,1.6900000000000004,2.16,-800841.6810000001,-2281.3640000000596,0.1278313636473989,0.09065067029502649,-0.18796604937432848,-0.003934357981185577,-0.08645993613123226,0.13881353553410958,-0.14742202931400816,-0.26847584080544096,0.2850417475753364,0.11032065801883228,0.18947748336144032,-0.056286349764897325,0.10204381155305642,-0.14962489675635382,0.02007889706755034,0.05681425195983696,,0.014436625946747925,-0.02887235740105046,0.013824109790770058,2
2025-10-10,1.7199999999999998,2.25,-800841.309,-2264.0359999999637,0.1091139596478492,0.0398398255315322,-0.18776644514590846,-0.0038549067866322506,-0.0863935325428522,0.13477045051664827,-0.14728693104585033,-0.2680877718595368,0.28460217831366386,0.11023046012800641,0.189275134688351,-0.05735388771616534,0.10196227424218107,-0.1494867522713309,-0.004196108730989044,0.05366729681562794,,0.014412250151051513,-0.029233090397293764,0.006009360881216293,2
2025-10-13,1.7199999999999998,2.25,-800841.309,-2267.652000000002,0.10902505334175361,0.03981170432190839,-0.1875672019916803,-0.0038682816903647943,-0.08632719064651562,0.13465201585185826,-0.14715201833389835,-0.26770084939234673,0.2841640342964338,0.1101403594318966,0.1890731556935621,-0.05731237351154095,0.10188082026084233,-0.14934880036669762,-0.004177295415222389,0.05360432927935837,,0.014387966135196162,-0.029205683747753803,0.006003599738973008,2
2025-10-14,1.71,2.2699999999999996,-800840.701,-2284.197999999975,0.11515530763111426,0.028454152832474877,-0.18736831878521287,-0.003939003842408528,-0.08626091036030281,0.1423763479159994,-0.14701729075394088,-0.2673150674974254,0.28372730747584796,0.11005035576835032,0.18887154521149618,-0.06007203722342369,0.10179944948036979,-0.14921104059430268,-0.005947184473307665,0.05978112981117272,,0.01436377329935603,-0.030158717888359672,0.006250149771268664,2
2025-10-15,1.6800000000000006,2.25,-803002.03,-2159.613999999943,0.13366971424208196,0.03977147692408578,-0.18716979440517212,-0.0033833750342600055,-0.08619469160245774,0.1422480698671793,-0.14688274788319944,-0.26693042031156944,0.28329198986851556,0.10996044897561519,0.18867030208190694,-0.04649438318083221,0.10171816177239301,-0.1490734725075349,0.004553478586607068,0.0600516159117128,,0.014339671049169212,-0.025393719245214188,0.010149645838249215,2
2025-10-16,1.71,2.2799999999999994,-803003.5059999999,-2161.824999999837,0.11493280243223225,0.022723152261536317,-0.18697162773529186,-0.0033908676503447976,-0.08738634512279997,0.15386078293123107,-0.1467483893003232,-0.26654690201441034,0.28285807355478987,0.1098706388923476,0.18846942514984444,-0.03817312331396128,0.10163695700883957,-0.14893609566131594,-0.007911904177768561,0.068622298681098,,0.014315658795675291,-0.02246848690518738,0.008128415211974847,2
2025-10-17,1.7000000000000002,2.25,-803000.6479999999,-2159.33899999992,0.12105758433021774,0.03973927428475266,-0.18677381766434464,-0.0033774872492977615,-0.08731908254911636,0.14589053506965377,-0.14661421458538193,-0.2661645068280116,0.28242555067811437,0.1097809253576103,0.18826891326562412,-0.039554538156737706,0.10155583506193411,-0.1487989096120933,0.0002467552159362424,0.062294486176674546,,0.014291735955253352,-0.022939218966809248,0.009550250635074005,2
2025-10-20,1.6799999999999997,2.2699999999999996,-803002.477,-2161.167999999947,0.1333724009853634,0.02835098852721929,-0.18657636308611159,-0.0033832985641738533,-0.08725188280568186,0.13790866269707092,-0.1464802233198611,-0.2657832290164699,0.28199441344437615,0.10969130821086903,0.18806876528479433,-0.03602882409658181,0.10147479580419883,-0.14866191391783434,0.0006302774035704672,0.055945821335743315,,0.014267901949560041,-0.021692484077684347,0.008894059297169996,2
2025-10-21,1.6700000000000004,2.2899999999999996,-803001.245,-2160.5439999999944,0.1394512481696577,0.016955650911676834,-0.18637926289935347,-0.0033781947394997403,-0.08718474580830615,0.13385299512884985,-0.14634641508665402,-0.26540306288552395,0.2815646541212691,0.10960178729198478,0.1878689800681086,-0.04747881920066377,0.10139383910845146,-0.14852510813801834,-0.0011713641913389528,0.05274463177439635,,0.014244156205468591,-0.02568727547367981,0.007268233239072943,2
2025-10-22,1.69,2.2999999999999994,-901415.472,-98413.44199999992,0.12691785539806255,0.011250336228614266,-0.1861825160077818,-0.40628184592601113,-0.08711767147296912,0.12979606844267066,-0.14621278947005656,-0.2650240027821632,0.28113626503766165,0.10951236244122642,0.18766955648149208,-0.04771416227227343,0.10131296484780394,-0.148388491833631,-0.007495887732997655,-0.1922028556852516,,0.014220498155010884,-0.025756966648653627,-0.031387615131232366,1
2025-10-23,1.6600000000000001,2.1800000000000006,-901418.4079999999,-98414.902,0.14541520032309618,0.07945385339119704,-0.18598612132002978,-0.4053055409243128,-0.0870506597158186,0.13362554089823342,-0.14607934605576078,-0.2646460430942438,0.28070923858297614,0.10942303349925941,0.18747049339601407,-0.05012978085345943,0.10123217289566266,-0.14825206456715656,0.02290833240399369,-0.18851328766549208,,0.014196927235317729,-0.026589782155375837,-0.02184372894310265,1
2025-10-24,1.6500000000000004,2.170000000000001,-901413.902,-98413.25400000007,0.15146486636438117,0.08505617766204088,-0.18579007774962475,-0.4043234488553943,-0.08698371045317255,0.13744797272378273,-0.14594608443084933,-0.26426917825010854,0.28028356720657355,0.10933380030714313,0.1872717896878553,-0.049298273121113234,0.10115146312572665,-0.14811582590257222,0.02704534208436029,-0.18482591740611387,,0.014173442888560088,-0.026286131269156972,-0.020009843953842518,1
2025-10-27,1.63,2.1800000000000006,-901422.1089999999,-98419.63199999998,0.16365722743207534,0.07932518461373705,-0.18559438421495744,-0.40337668761695034,-0.08817979064098136,0.13338468567028783,-0.14581300418378818,-0.2638934027182118,0.27985924341714674,0.10924466270633615,0.18707344423827865,-0.0434525684049516,0.10107083541198736,-0.14797977540534024,0.029365528951547107,-0.18822613841852875,,0.014150044561893126,-0.024227539169139556,-0.01952088181221283,1
2025-10-28,1.6499999999999995,2.2,-901425.563,-98424.31799999997,0.15115933087949607,0.06791081352774886,-0.18539903963925675,-0.40242914801141827,-0.08811178922050866,0.12932012193903808,-0.14568010490442174,-0.2635187110067465,0.2794362597821207,0.10915562053869476,0.18687545593360055,-0.036446541121073706,0.10099028962872736,-0.14784391264240293,0.021054838650758696,-0.19086846478792568,,0.014126731707399878,-0.0217628618150421,-0.02204656446836759,1
2025-10-29,1.6100000000000003,2.1100000000000003,-951422.47,-50006.99800000002,0.17565561697207466,0.11880196142472821,-0.18520404295055937,-0.208845081990229,-0.0880438516165174,0.11733358409001116,-0.14554738618396634,-0.26314509766327787,0.2790146089270611,0.10906667364646361,0.18667782366515873,-0.03191864342884232,0.10090982565051942,-0.14770823718217474,0.0474989395537132,-0.08426649289203889,,0.014103503782033951,-0.020165557377065435,0.0021107502712567994,2
2025-10-30,1.6399999999999997,2.0599999999999996,-951422.132,-50003.724000000046,0.1570117253416261,0.14675977401465135,-0.18500939308168352,-0.20859175023813292,-0.05626630855508585,0.12120043439382067,-0.14541484761500478,-0.26277255727437954,0.2785942835350885,0.10897782187228122,0.186480546329286,-0.06415287410676396,0.10082944335222566,-0.1475727485945365,0.050817206850192045,-0.06195448776087471,,0.014080360247566068,-0.03143502534244936,0.00475682515145052,2
2025-10-31,1.6899999999999995,2.0599999999999996,-951454.768,-50040.86600000004,0.125825032930577,0.14662527931749958,-0.1848150889702007,-0.20850977026397122,-0.05495354409923159,0.1250610772971641,-0.14528248879147931,-0.26240108446527477,0.278175276346301,0.10888906505917939,0.18628362282728061,-0.06850482065934116,0.10074914260899681,-0.13091689277590157,0.039913082595766584,-0.05802912678019041,,0.014057300570529951,-0.02798955515039099,0.002585447631775254,2
2025-11-03,1.71,2.04,-951426.758,-50004.64900000009,0.11322018201932771,0.157659583702624,-0.18462112955840826,-0.2081178345941449,-0.056186879160112224,0.1328717438479261,-0.14515030930868666,-0.26203067389948054,0.2777575801572041,0.1088004030505787,0.18608705206537635,-0.07125159417062388,0.1006689232962712,-0.13080325427263462,0.03942157913516062,-0.05228543317421337,,0.014034324222168527,-0.028944911087813826,0.0031505031567862374,2
2025-11-04,1.7200000000000006,2.0700000000000003,-951419.949,-49994.38600000006,0.10686055110370307,0.14073427037710085,-0.18442751379330213,-0.20783642716866335,-0.05614629057482845,0.12879711824355877,-0.1450183087632716,-0.26166132027845723,0.27734118782014705,0.1087118356902883,0.18589083295471376,-0.08728818810629946,0.10058878528977355,-0.13068975538609884,0.03132993338029072,-0.05535193605124805,,0.014011430678381231,-0.03455171760161371,-0.0005837103642467416,1
2025-11-05,1.7000000000000002,2.0,-934419.082,17003.38799999992,0.1193046231795798,0.1796231128350878,-0.18423424062655058,0.08568328593409391,-0.056105734146103536,0.1366030585060114,-0.1448864867532218,-0.2612930183412613,0.2769260922427661,0.10862336282250462,0.18569496441131106,-0.08812340021451237,0.10050872846551506,-0.1305763958382754,0.049354435417168475,0.12702897787760337,,0.013988619419671725,-0.03483805386363168,0.03213212408216422,2
2025-11-06,1.7199999999999998,2.1099999999999994,-934417.022,17005.109999999986,0.10666694255668174,0.11789186009527208,-0.18404130901446636,0.0856253123293953,-0.056065209842321106,0.13648229844603366,-0.14475484287786144,-0.26092576286420177,0.27651228638743297,0.10853498429180863,0.18549944535603902,-0.08148766542496155,0.10042875269979179,-0.13046317535197038,0.02338318822384393,0.12692190024907143,,0.013965889931096754,-0.032509572059400534,0.024668278178378,2
2025-11-07,1.75,2.1099999999999994,-934411.1710000001,17043.59699999995,0.08769870731399765,0.117793326762895,-0.18384871791798085,0.08572915399850478,-0.05602471763190853,0.1442688300447894,-0.14462337673784487,-0.2605595486605,0.27609976327071517,0.10844669994316636,0.18530427471458877,-0.0682606136568148,0.10034885786918335,-0.1303500936508124,0.016767596551518167,0.13323772585578927,,0.01394324170221634,-0.027874142620914727,0.024320626876240717,2
2025-11-10,1.7300000000000004,2.09,-934413.42,17013.33799999999,0.1002349850134241,0.12898265085934035,-0.18365646630261656,0.08553035203109038,-0.05598425748333746,0.1401848115800044,-0.14449208793515234,-0.26019437057995576,0.2756885159628346,0.10835850962192883,0.18510945141744695,-0.0643580321174747,0.10026904385055313,-0.13023715045924977,0.02512923266468258,0.12987550599265527,,0.013920674227042552,-0.026502291031197486,0.026524920600384076,2
2025-11-11,1.7300000000000004,2.09,-934413.42,17006.52899999998,0.10015528573412413,0.128871121513086,-0.18346455313846288,0.08543495184691952,-0.05594382936512332,0.1400594221786522,-0.14436097607308285,-0.2598302235086123,0.2752785375871418,0.10827041317382724,0.18491497439986726,-0.06431087199524332,0.10018931052104652,-0.1301243455025458,0.02511987659498468,0.12974221123199947,,0.013898187003991737,-0.026479850166732627,0.026499863889283364,2
2025-11-12,1.75,2.1399999999999997,-947241.424,-12822.341999999946,0.08745685782066026,0.10045208610933187,-0.18327297740014803,-0.046862621018323836,-0.05590343324582525,0.12803531783392263,-0.14423004075624946,-0.25946710236843173,0.2748698213195895,0.1081824104449769,0.18472084260184296,-0.05337925333688931,0.10010965775809089,-0.1300116785067772,0.010786237155452828,0.040768621708648665,,0.013875779535834912,-0.022647862004612607,0.009422929986199983,2
2025-11-13,1.7699999999999996,2.13,-947239.299,-12822.277000000002,0.0747338601826133,0.1060520865491581,-0.1830817380668136,-0.046829025124090484,-0.05714256371506876,0.13189802006230078,-0.14409928159057284,-0.2591050021169675,0.27446236038821414,0.1080945012818697,0.18452705496807797,-0.04154190731896068,0.10003008543939362,-0.12989914919882994,0.008350559936075912,0.04313546274634509,,0.01385345132964937,-0.018498882417497454,0.00966401786256226,2
2025-11-14,1.7700000000000005,2.1000000000000005,-947237.097,-12825.925999999861,0.07467795854633597,0.1229717567977966,-0.18289083412208917,-0.04681193449705168,-0.05710122047507282,0.12780825416926334,-0.14396869818327607,-0.25874391774704397,0.27405614807262824,0.10800668553137527,0.18433361044796137,-0.04989932078556358,0.09995059344294277,-0.12978675730639655,0.014310150133819644,0.03989871035213598,,0.013831201896772411,-0.021418081761836252,0.010522939802883956,2
2025-11-17,1.7700000000000005,2.1100000000000003,-947238.71,-12825.28999999992,0.0746221054917513,0.11720361129904999,-0.18270026455406763,-0.04677584124372913,-0.05705991012892064,0.13167544625302652,-0.14383829014287897,-0.2583838442864391,0.273651177703512,0.10791896304074244,0.18414050799554205,-0.05625794003671625,0.09987118164700415,-0.12967450255797308,0.012328921510560156,0.04303890617883136,,0.013809030752754584,-0.02363771620379116,0.010061112637612722,2
2025-11-18,1.79,2.12,-947236.443,-12823.022999999928,0.0618614904689756,0.1114310095757014,-0.18251002835527785,-0.04673252659055771,-0.057018632643975775,0.1355356394968823,-0.1437080570791931,-0.2580247767975704,0.27324744266211476,0.10783133365759756,0.18394774656949675,-0.060455889220647596,0.09979184993012269,-0.12956238468285586,0.005899366509053587,0.04617781605678575,,0.01378693741731277,-0.025101129156540475,0.008378047342081061,2
2025-11-19,1.79,2.1100000000000003,-935371.8459999999,11869.578000000096,0.06181636647952615,0.1170177166938724,-0.18232012452266122,0.06321344688251762,-0.05697738798764751,0.13938855258444782,-0.14357799860331444,-0.2576667103771836,0.2728449363797627,0.10774379722993777,0.183755325133109,-0.07272488619117523,0.09971259817112021,-0.129450403411138,0.007895891753891125,0.11525247740448033,,0.013764921414285439,-0.029389421830360654,0.018689456215856645,2
2025-11-20,1.8000000000000007,2.16,-935377.237,11862.062000000034,0.055402521787711434,0.08844231560161253,-0.1821305520575459,0.0631339426815749,-0.05693617612739066,0.13926420216288715,-0.14344811432761972,-0.25730964015604685,0.2724436523373712,0.10765635360613901,0.1835632426542415,-0.0809167040609573,0.09963342624909477,-0.12933855847370712,-0.004293472531000389,0.11513002166282028,,0.01374298227158817,-0.032250714776264025,0.014579599841580367,2
2025-11-21,1.8200000000000003,2.2,-935373.22,11863.876999999979,0.04260317228335819,0.06546729447524524,-0.18194130996562186,0.06309594458167433,-0.05689499703070644,0.13914001349094574,-0.14331840386576045,-0.25695356129864544,0.27204358406496265,0.10756900263494273,0.18337149810530806,-0.08846168839266721,0.0995543340434204,-0.1292268496022414,-0.016757729624175356,0.11503257932333734,,0.013721119521167533,-0.034885628902908805,0.010425003556103554,2
2025-11-24,1.7999999999999998,2.2199999999999998,-935371.794,11866.915999999968,0.05534095632399416,0.05393001768709582,-0.1817523972569166,0.06306342512617258,-0.056853850665141925,0.15092278947658033,-0.14318886683265641,-0.2565984690028813,0.2716447251411902,0.10748174416546719,0.18318009046324968,-0.09062642368971685,0.09947532143374471,-0.12911527652920762,-0.016280878273193487,0.12446397625788266,,0.013699332698959777,-0.03563746874835254,0.011864545819211416,2
2025-11-25,1.79,2.25,-935373.031,11863.412000000011,0.06168248849371483,0.03661926060212184,-0.1815638129457703,0.06300182874126703,-0.05681273699828948,0.1507828297548155,-0.14305950284449198,-0.25624435849977645,0.27124706919287056,0.10739457804719654,0.1829890187095058,-0.07831227577323019,0.09939638829999087,-0.12900383898785717,-0.020063531700188257,0.12433971884963893,,0.013677621344845847,-0.031321712311990914,0.01135304680680219,2
2025-11-26,1.7800000000000002,2.2300000000000004,-896843.798,38528.04799999995,0.06801792131936746,0.04811910273016329,-0.18137555605081213,0.1801921857620148,-0.05677165599778711,0.1387249075549133,-0.14293031151870927,-0.25589122505317785,0.2708506098945147,0.10730750412998624,0.18279828182999291,-0.06137465588039159,0.09931753452235359,-0.12889253671222323,-0.013764708397907874,0.18503224390246725,,0.01365598500260997,-0.025387753488980265,0.023231257293303182,2
2025-11-27,1.7800000000000002,2.2300000000000004,-896843.798,38533.43900000001,0.06796773327952477,0.04808477115805543,-0.18118762559493506,0.18002997473563953,-0.056730607631318875,0.13860141879661048,-0.14280129247400353,-0.2555390639594687,0.27045534096787227,0.10722052226405676,0.18260787881507579,-0.06132992675073501,0.09923875998130072,-0.12878136943711804,-0.013737911125327455,0.18486075529988077,,0.013634423219896562,-0.025366319200437415,0.023211397882292407,2
2025-11-28,1.7800000000000002,2.210000000000001,-896849.142,38524.07799999998,0.0679175873300153,0.05957820348059162,-0.1810000206052732,0.1798042621666509,-0.057978189240869504,0.1384780899484217,-0.14267244533031742,-0.25518787054727754,0.27006125618147614,0.10713363229999873,0.1824178086595427,-0.05299009765729146,0.09916006455757143,-0.12867033689812968,-0.009676479397869545,0.1838781157142062,,0.013612935548170162,-0.022441612654340918,0.024715765526661472,2
2025-12-01,1.7800000000000002,2.1400000000000006,-896844.821,38526.973,0.06786748342435467,0.09975869286120309,-0.18081274011317694,0.17963193624049834,-0.057936184002843505,0.13835492067008914,-0.2316188290376202,-0.17955527970864904,0.26208273783402936,0.15421672074320125,0.18321416334437357,-0.05006016904851418,0.0990814481321749,-0.1285594388316199,0.00442533966599213,0.18370138787866422,,0.015826646066946913,-0.02141038397020472,0.029627914002803294,2
2025-12-02,1.7599999999999998,2.1400000000000006,-896847.201,38525.82999999996,0.08059341176362111,0.09967947542024391,-0.18062578315418965,0.17944243511855773,-0.05789421231004643,0.15017441119676112,-0.23132884656557606,-0.17937088390373968,0.26171311447563594,0.15407175365589754,0.1830230349903914,-0.05700698998708964,0.09900291058639055,-0.12844867497471935,0.008907775568095869,0.19306846264251568,,0.015800674565084723,-0.023836030282660486,0.03200736616567822,2
2025-12-03,1.7700000000000005,2.170000000000001,-930633.733,-33789.935000000056,0.0741434993665353,0.08237432040510462,-0.18043914876802392,-0.14154512951830933,-0.05785227412893135,0.1460576070402937,-0.23103955338708504,-0.1791868023772324,0.2613445443961573,0.1539269959299887,0.18283224167554746,-0.03897181872175781,0.09892445180176646,-0.1283380450653263,0.0006494922896667921,-0.002792356556109446,,0.01577479632159306,-0.017517991941594868,0.0010919944926426552,2
2025-12-04,1.7599999999999998,2.08,-930633.452,-33789.6540000001,0.08048103667060791,0.13382715203444828,-0.18025283599853859,-0.14141669584204808,-0.05781036942599804,0.15387906006940066,-0.23075094664520834,-0.179003034209956,0.2609770223598913,0.15378244705754307,0.18264178238949458,-0.036457516463719086,0.09884607166011894,-0.1282275488421034,0.020932015247208093,0.003567008894692858,,0.0157490107681586,-0.016632270333891072,0.008257068050322346,2
2025-12-05,1.7400000000000002,2.0500000000000007,-930632.704,-33783.562000000034,0.09319291226957205,0.1507399934794773,-0.18006684389371574,-0.1412629233408329,-0.057768498167794724,0.14975820136590312,-0.23046302349995984,-0.17881957848665309,0.2606105431681618,0.15363810653244436,0.18245165612631475,-0.036855402525426295,0.0987677700435321,-0.12811718604447409,0.031356463844052544,0.0003877081875459376,,0.015723317341175276,-0.016765827182005196,0.010881050639340693,2
2025-12-08,1.7300000000000004,2.0200000000000005,-930632.922,-33788.101000000024,0.09949885259931257,0.1675465064128494,-0.17988117150563743,-0.14115602920084314,-0.05772666032091722,0.1575719559579447,-0.23017578112817783,-0.1786364342959592,0.2602451016589813,0.15349397385037844,0.1822618618844909,-0.04074790051927757,0.0986895468343556,-0.12800695641261994,0.039501524202565454,0.006727951053299555,,0.01569771548169406,-0.01812251071350867,0.014065702182161783,2
2025-12-09,1.7300000000000004,2.0100000000000007,-930634.43,-33787.22900000005,0.09941989813837537,0.17301057914659768,-0.1796958178904624,-0.14102551011301145,-0.057684855852008665,0.1454812519264197,-0.22988921672339524,-0.1784536007303804,0.25988069270671854,0.15335004850883283,0.18207239866688574,-0.036662520081178984,0.09861140191520512,-0.12789685968747866,0.041441921682601836,-0.0028412180378763058,,0.015672204635377794,-0.016686949264334453,0.013421402568293385,2
2025-12-10,1.7599999999999998,2.0600000000000005,-852411.7420000001,78221.99099999992,0.0801589303902801,0.14456991886409076,-0.17951078210840388,0.34550579499013323,-0.057643084727760474,0.1533186122204957,-0.22960332749571322,-0.17827107688627186,0.25951731122176747,0.15320633000708606,0.18188326548071387,-0.0362867364006938,0.0985333351689619,-0.12778689561073964,0.024801862606508643,0.2953725159338202,,0.01564678425245255,-0.016549759114328055,0.05317566836798955,2
2025-12-11,1.7300000000000004,2.08,-852409.571,78223.88100000005,0.09929240873368284,0.1330546066708993,-0.17932606322370725,0.3448427263519487,-0.025146794529360972,0.16509672471226366,-0.22931811067167485,-0.17808886186381756,0.2591549521502232,0.15306281784619324,0.18169446133752065,-0.005799931132946856,0.09845534647877052,-0.12767706392484235,0.027523636424491564,0.3238949388633635,,0.015621453787660944,-0.005873723806414419,0.05986563663280507,2
2025-12-12,1.7599999999999998,2.0299999999999994,-852407.535,78225.169,0.08000808542491988,0.16133775948919982,-0.17914166030462686,0.3441802230317579,-0.025129300899236373,0.1847016790794871,-0.22903356349414006,-0.1779069547670089,0.25879361047355776,0.15291951152898386,0.18150598525315287,-0.012998755059656752,0.09837743572803892,-0.12756736437297334,0.030728547628553836,0.33919189654310256,,0.015596212700215897,-0.00838767107795824,0.06273825128339176,2
2025-12-15,1.7700000000000005,2.04,-852409.2980000001,78223.62399999995,0.07352725770354462,0.15552022319674186,-0.17895757242340438,0.34350949935233865,-0.02511181972710641,0.18450836324701858,-0.22874968322216205,-0.17772535470362272,0.25843328120830233,0.15277641056005686,0.18131783624773967,-0.004732807448750376,0.09829960280043792,-0.12745779669906265,0.026479346588078947,0.3386452983727542,,0.015571060453756912,-0.005488960636628154,0.061810019750281824,2
2025-12-16,1.7799999999999994,2.0699999999999994,-852408.251,78226.179,0.0670417038466744,0.13831728015010358,-0.17877379865624687,0.34285784928430907,-0.025094351003497994,0.1843153882771551,-0.22846646713086416,-0.17754406078520324,0.2580739594057322,0.15263351444575957,0.1811300133456657,-0.0018345419508210004,0.09822184757990016,-0.12734836064778177,0.018243504801998225,0.33811040959021077,,0.015545996516302243,-0.004468951224156824,0.05940576932458312,2
2025-12-17,1.7800000000000002,2.0599999999999996,-826546.5,25865.242000000086,0.0669923316484371,0.1438922900726347,-0.17859033808330482,0.12229852399816155,-0.025076894718946474,0.18412275313545967,-0.22818391251131942,-0.17736307212703895,0.2577156401515537,0.1524908226941939,0.18094251557554641,-0.013473326085172044,0.09814416995061825,-0.12723905596454022,0.020232516177383683,0.20563118007589679,,0.015521020360206618,-0.008536921436455892,0.03951414873918289,2
2025-12-18,1.7800000000000002,2.09,-826547.847,25861.724000000046,0.06694300064547853,0.12663045249938776,-0.17840718978864867,0.12217966212306641,-0.02505945086399508,0.1799830729631311,-0.22790201667042875,-0.17718238784814266,0.25735831856559743,0.15234833481520083,0.18075534197020615,-0.008968700811735508,0.09806656979704598,-0.12712988239548317,0.0142285516641086,0.2022585851259477,,0.015496131462117119,-0.006954710573786292,0.03743817954758607,2
2025-12-19,1.7599999999999998,2.05,-826539.186,25868.349000000046,0.07977375156027233,0.14935657594904006,-0.17822435286025018,0.12210563537115848,-0.02504201942919637,0.18768971554625735,-0.22762077693080285,-0.17700200707123281,0.2570019898015128,0.1522060503203544,0.18056849156665367,-0.013909859586120676,0.09798904700389621,-0.12702083968748878,0.026728308770184277,0.20838994200218316,,0.015471329302929201,-0.008678536310025197,0.04184303581061127,2
2025-12-22,1.7599999999999998,2.04,-826537.662,25871.636000000057,0.0797134291245305,0.15490533890374647,-0.1780418263899587,0.12201698994464372,-0.025024600405110342,0.2071164798876599,-0.2273401906306436,-0.17682192892271098,0.2566466490464647,0.15206396872295191,0.18038196340606016,-0.006236071122998843,0.09791160145614031,-0.12691192758816494,0.02870402089290932,0.22388861763384796,,0.01544661336774418,-0.005987142659849967,0.045158080855908535,2
2025-12-23,1.7400000000000002,2.0300000000000002,-826542.032,25866.21900000004,0.09252191052469172,0.1604382836364313,-0.1778596094734809,0.12189005003779108,-0.025007193782306203,0.1951213196078203,-0.22706025512362704,-0.17664215253264393,0.25629229152083766,0.15192208953800934,0.18019575653373288,0.006353518790057189,0.0978342330390074,-0.12680314584584684,0.03517818511434879,0.2142267694395472,,0.015421983145826892,-0.0015752306135814464,0.04630668214465622,2
2025-12-24,1.7299999999999995,2.0299999999999994,-830543.5719999999,-3997.0719999999274,0.0988764103694244,0.16028416085003383,-0.17767770121035775,-0.011476087934225276,-0.024989799551361047,0.18703418850077136,-0.2267809677787871,-0.1764626770347416,0.2559389124779381,0.15178041228224748,0.18000986999909552,0.01819137389022507,0.09775694163798376,-0.1266944942095939,0.03740288956370306,0.1277478183092653,,0.015397438130563643,0.0025735621719949198,0.034618433473940856,2
2025-12-25,1.7299999999999995,2.0299999999999994,-830543.5719999999,-3995.7249999999767,0.09879808165647397,0.160130270157949,-0.1774961007039466,-0.011462138497902896,-0.024972417702860517,0.1868367259584245,-0.2265023259804011,-0.1762835015663391,0.2555865072037049,0.15163893647409332,0.1798243028556621,0.018178777097142662,0.0976797271388119,-0.12658597242918768,0.037376092923864054,0.12760864704628155,,0.015372977819421742,0.0025746847538277925,0.03458357210203106,2
2025-12-26,1.75,2.04,-830559.108,-4019.9220000000205,0.08584329891118747,0.1542899988236517,-0.1773148070613969,-0.0115628622589099,-0.02495504822739858,0.18663961697613307,-0.22622432712787566,-0.17610462526837722,0.25523507101641796,0.1514976616336614,0.17963905416101555,0.016616198907920765,0.09760258942748967,-0.12647758025512845,0.030852212088774637,0.12740094728912138,,0.015348601713906729,0.002033301840855116,0.032507951424605545,2
2025-12-29,1.7599999999999998,2.0599999999999996,-830549.32,-4011.6579999999376,0.07932380486613799,0.14273498717261535,-0.17713381939363249,-0.011517772614728639,-0.024937691115577976,0.1824916533056522,-0.2259469686356338,-0.1759260472853803,0.25488459926641505,0.15135658728275558,0.1794541229767881,0.011407448540008636,0.09752552839027007,-0.1263693174386329,0.024580431395473924,0.12412004440633781,,0.015324309319525109,0.00021574669400768048,0.029855575413575277,2
2025-12-30,1.75,2.04,-830551.374,-4009.341999999946,0.08572161872543549,0.1540216119173501,-0.17695313681532832,-0.011499426059109252,-0.024920346358009104,0.190201457817174,-0.22567024793300317,-0.17574776676544046,0.25453508733580743,0.15121571294485592,0.17926950836863176,0.015645210609116944,0.09744854391365965,-0.1262611837316311,0.030824189680376445,0.1303093028034682,,0.015300100145741374,0.0017044589634824803,0.032874346205590876,2
2025-12-31,1.7200000000000006,1.9700000000000006,-830771.375,-227.80300000007264,0.10499429602144938,0.1934978655742703,-0.1767727584448917,0.005520662448198266,-0.024903013945311137,0.1978750003437384,-0.22539416246410482,-0.17556978286019564,0.25418653063820096,0.1510750381451147,0.17908520940620298,0.004494380336658388,0.09737163588441855,-0.3061070515435629,0.05144042902503437,0.146670589376723,,0.015275973705941102,-0.056179009785691944,0.032824859072650245,2
2026-01-01,1.7200000000000006,1.9700000000000006,-830771.375,-227.80300000007264,0.10490973984589802,0.19328811966305204,-0.1765926834044408,0.005516864687586942,-0.024885693868112013,0.19765741028139727,-0.12534026416243937,-0.17539209472481143,0.3510862835296713,0.14901201794217167,0.1855248149411166,0.004491282955838338,-0.24363703775792434,-0.3055952540480663,0.05139144580680028,0.1465046307168028,,0.06192977401572469,-0.17537959039515,0.026568633294219178,2
2026-01-02,1.7399999999999993,1.96,-830671.049,-111.94099999999162,0.09192610623579389,0.19869326431483159,-0.17641291081978505,0.006035019711265299,-0.02486838611704656,0.20137145393668976,-0.12523335071789932,-0.17521470151796248,0.350390587332853,0.1488744339590915,0.18532962394776709,0.010680033008515943,-0.24331671944118338,-0.3050853137309889,0.048792906446783406,0.14979714330588306,,0.061783866875326734,-0.17294843437073026,0.026611144993139622,2
2026-01-05,1.75,1.9800000000000004,-830671.867,-122.54700000002049,0.08538879394059662,0.18722778405940566,-0.1762334398204054,0.005983055733745912,-0.024851090682759702,0.19721457124910247,-0.12512656381342824,-0.17503760240181276,0.3496980548309665,0.14873704179041503,0.18513478031490793,0.010082796626175838,-0.24299722254901668,-0.30457721888358713,0.04254577035387918,0.1464508360298737,,0.061638680659467725,-0.17289321473807043,0.024207044464801177,2
2026-01-06,1.7400000000000002,1.9700000000000006,-830667.964,-116.59000000008382,0.09179317957891797,0.19266111178516954,-0.17605426953943348,0.006005812270746924,-0.024833807555903697,0.19699824853971815,-0.12501990320898648,-0.17486079654199715,0.34900866118895313,0.14859984098972934,0.18494028297780996,0.0029078025763766835,-0.24267854340601358,-0.3040709579014378,0.04674272111560057,0.14630180166068046,,0.061494209597323775,-0.17514104666080424,0.02507048198399255,2
2026-01-07,1.7299999999999995,2.0,-789578.9800000001,41192.3949999999,0.09818750184218317,0.17551443108885723,-0.1758753991136316,0.19006816452405295,-0.024816536727138905,0.18493793316927687,-0.12491336866521519,-0.17468428310760364,0.3483223818457919,0.14846283111215453,0.1847461308764815,-0.0011450091361075998,-0.24236067836024167,-0.30356651928324396,0.04303305679177465,0.24710132321356992,,0.06135044798198912,-0.17629694640869542,0.03886818555376084,2
2026-01-08,1.7299999999999995,1.9699999999999998,-789577.481,41193.89399999997,0.09810986197865224,0.19228191152850505,-0.17569682768337458,0.18987169224021816,-0.024799278187134788,0.1926498750471659,-0.12480695994343383,-0.1745080612711526,0.3476391925106277,0.14832601171433812,0.18455232295564317,-0.010855553658867034,-0.242043623783054,-0.30306389162965797,0.04892807242249267,0.25316334846958277,,0.06120739016957349,-0.17943387959356974,0.041039689600543126,2
2026-01-09,1.7000000000000002,1.9800000000000004,-789577.6780000001,41093.37099999993,0.1173991275964561,0.18643655886722388,-0.17551855439262898,0.18923183689758782,-0.02478203192656825,0.16864344463348013,-0.12470067680563757,-0.17433213020858207,0.3469590691589648,0.14818938235444867,0.18435885816470088,-0.016677976921283255,-0.24172737606889816,-0.3025630636421208,0.05368692394449929,0.23358463868939583,,0.06106503057831297,-0.18121079263919976,0.03922841173545745,2
2026-01-12,1.6999999999999993,1.9699999999999998,-789577.8,41094.06699999992,0.117301165266533,0.1918797392897187,-0.17534057838893324,0.189033400985535,-0.024764797936125182,0.17246012817405254,-0.12459451901449525,-0.17415648909922532,0.3462819880289265,0.14805294259216661,0.18416573545771775,-0.006622343913104789,-0.24141193163512564,-0.3020640241217185,0.05561114307800811,0.23652926436888794,,0.06092336368769737,-0.1774312036783962,0.040778892948900525,2
2026-01-13,1.6900000000000004,1.9800000000000004,-789577.675,41090.28899999999,0.12364645086617942,0.18603100685202945,-0.17516289882337965,0.18881585110277155,-0.024747576206499144,0.17228755693049114,-0.12448848633334642,-0.17398113712579522,0.34560792561757725,0.14791669198868163,0.1839729537933874,-0.013044127947102857,-0.24109728692180632,-0.301566761968052,0.0558382405543592,0.23627101048215635,,0.06078238403761199,-0.1794195237945338,0.040474791178854136,2
2026-01-14,1.6799999999999997,2.01,-772596.523,16982.457000000053,0.12997720785179134,0.16882773689343278,-0.174985514850594,0.08180234760024452,-0.02473036672839224,0.1681288221534203,-0.12438257852619827,-0.1738060734743665,0.34493685867730783,0.14778063010668085,0.18378051213500957,-0.004728019767019087,-0.24078343839154093,-0.3010712661781251,0.052086076205650235,0.1687462462458476,,0.060642086227493605,-0.17625039020893352,0.02966072282410559,2
2026-01-15,1.6500000000000004,1.8899999999999997,-772595.3030000001,16982.177999999956,0.14911248329940663,0.2359950687196981,-0.17480842562871757,0.08173907903292088,-0.024713169492514897,0.1559650921294613,-0.12427679535772485,-0.17363129733435623,0.3442687642122828,0.14764475651034759,0.18358840945046007,-0.006571164422100595,-0.24047038252927821,-0.3005775258452469,0.08234511551807139,0.15898761942781264,,0.06050246491550155,-0.17663779918655664,0.03718162392048521,2
2026-01-16,1.63,1.8199999999999994,-772594.522,16983.156000000075,0.1617493386003701,0.2739701109958439,-0.17463163031938778,0.0816815169578684,-0.024695984489585543,0.17181161392286626,-0.12417113659326262,-0.1734568078985066,0.3436036194749472,0.14750907076535125,0.18339664471216643,-0.010525128188250132,-0.2401581158421333,-0.3000855301579479,0.10011231826285855,0.17164061061926272,,0.060363514817702524,-0.17776479445801857,0.044205946607469813,2
2026-01-19,1.63,1.8199999999999994,-772594.522,16983.27800000005,0.16159324642800676,0.27356469245048265,-0.17445512808771824,0.0816201591458725,-0.024678811710330817,0.17164009525583857,-0.12406560199880956,-0.17328260436286824,0.3429414019625918,0.14737357243883986,0.1832052168970828,-0.010517864811142696,-0.23984663485920676,-0.2995952683989138,0.09996874018115581,0.17147688466599587,,0.06022523070726834,-0.17750615540429643,0.04414253912041874,2
2026-01-20,1.6500000000000004,1.7599999999999998,-772596.8060000001,16980.868999999948,0.14865137648852667,0.3052796697068725,-0.1742789181022827,0.08154746542524682,-0.024661651145485797,0.19134590907959992,-0.12396019134102187,-0.1731086859267813,0.34228208941397753,0.14723826109943494,0.1830141249866637,0.018014374009874823,-0.239535936131407,-0.2991067299439306,0.1065921907377049,0.18720821583153655,,0.060087607413688814,-0.16726456572571546,0.049991106590606835,2
2026-01-21,1.62,1.7999999999999998,-862679.7640000001,-90083.24100000004,0.16768197875966018,0.2834330083985588,-0.174102999535093,-0.38260143702534366,-0.024644502785793887,0.17524544833426403,-0.12385490438721192,-0.17293505179285862,0.3416256598060148,0.1471031363172275,0.18282336796683873,0.022579623642188684,-0.23922601623127338,-0.29861990426084695,0.10565934564484872,-0.10415120521927129,,0.05995063982199693,-0.16541220868443374,0.006250951563398097,2
2026-01-22,1.5899999999999999,1.83,-862678.478,-90083.17499999993,0.18656251304394256,0.26680092613935047,-0.17392737156158433,-0.3817509914599869,-0.024627366622006264,0.171077731249899,-0.12374974090534552,-0.17276170116696876,0.340972091350499,0.14696819766376534,0.18263294482798575,0.029133746357593582,-0.23891687175280163,-0.29813478090854884,0.10649899224567727,-0.10696482984927669,,0.05981432287200576,-0.16286452816088748,0.006428874690180001,2
2026-01-23,1.6099999999999994,1.8499999999999996,-862677.3470000001,-90082.82500000007,0.17367869684781367,0.25553016504017334,-0.17375203336059364,-0.38090392531928885,-0.02461024264488254,0.16690933615385073,-0.12364470066403965,-0.17258863325821772,0.34032136249090117,0.14683344471205406,0.18244285456490505,0.0424681426329776,-0.23860849931127015,-0.29765134953594863,0.09809749165261736,-0.10978103185542223,,0.059678651557560754,-0.15794452969818698,0.004190076152134015,2
2026-01-26,1.6100000000000003,1.87,-862677.909,-90083.38699999999,0.17350376760972175,0.2442226099119209,-0.17357698411434397,-0.3800648049521175,-0.024593130845190547,0.1747394102474058,-0.12353978343256045,-0.17241584727893344,0.3396734518992113,0.14669887703654694,0.18225309617679675,0.0801590125962981,-0.23830089554306966,-0.29716959988098823,0.09413113689827173,-0.10300323328046015,,0.059543620925802274,-0.1445005389956665,0.005999680459513084,2
2026-01-27,1.6099999999999994,1.8499999999999996,-862677.6730000001,-90080.86699999997,0.1733291261754153,0.2548584186725753,-0.17340222300842445,-0.3792182120023788,-0.024576031213705773,0.19444972090302137,-0.12343498898082006,-0.17224334244464656,0.3390283384728334,0.146564494213135,0.182063668667237,0.10676816617730212,-0.23799405710553212,-0.296689521769655,0.09784497379426937,-0.08671676920723365,,0.059409226076441383,-0.134935918355777,0.010957895522939558,2
2026-01-28,1.62,1.83,-916455.535,-53775.77099999995,0.16678077302911665,0.2654002543746026,-0.17322774923177375,-0.23075868360339458,-0.02455894374121259,0.1902725603123978,-0.12333031707937492,-0.17207111797407604,0.33838600133153274,0.14643029581914813,0.18187457104414673,0.10404720868688133,-0.23768798067676455,-0.2962111051150118,0.0992950348217696,-0.0009725281568460364,,0.05927546216104664,-0.13563760173096268,0.024115856503621233,2
2026-01-29,1.63,1.8599999999999994,-916457.284,-53778.80599999998,0.1602257151456441,0.248655790064213,-0.17305356197666222,-0.23048364079399597,-0.024541868418503032,0.19403675667741482,-0.12322576749942282,-0.17189917308911062,0.3377464198144329,0.1462962814333424,0.1816858023197767,0.10716315038989355,-0.2373826629554806,-0.2957343399162389,0.09119245823045133,0.002214099814432463,,0.0591423243823444,-0.13429713137282712,0.022330863830962302,2
2026-01-30,1.62,1.8399999999999999,-916464.061,-53786.71399999992,0.16646603267734617,0.25925093182079473,-0.17287966043867187,-0.23023002950731253,-0.024524805236377678,0.20569340828118254,-0.12312134001280117,-0.17172750701479267,0.3371095734770624,0.14616245063589828,0.18149736151067142,0.08661498657401578,-0.23707810066083768,-0.29525921625768925,0.09713703944274774,0.011701825778731939,,0.05900980799352811,-0.14123985480769444,0.024462859476861977,2
2026-02-02,1.6100000000000003,1.8099999999999996,-916464.8470000001,-53786.93800000008,0.17268512776293332,0.27515485552854035,-0.17270604381668242,-0.22994425308260236,-0.02450775418564477,0.19755336045944194,-0.12301703439198419,-0.17155611897930156,0.3364754420884497,0.14602880300841092,0.18130924763765632,0.06594048009737974,0.10470556951602772,-0.29478572430795813,0.10493218100701107,0.005371484006605282,,0.058877908297581674,-0.028709599927694826,0.04269841398833531,2
2026-02-03,1.63,1.8199999999999994,-916456.2170000001,-53778.543999999994,0.15972718542488895,0.26934098842956544,-0.17253271131285053,-0.22962238719184724,-0.024490715257120987,0.19337147480328376,-0.12291285041008071,-0.17138500821393743,0.33584400562826566,0.145895338133883,0.1811214597258055,0.08308500142575204,0.1046213189230003,-0.2943138543189612,0.09841404745520388,0.002229318373246081,,0.058746620646611035,-0.02259694417362504,0.04115572552815708,2
2026-02-04,1.6399999999999997,1.8099999999999996,-902169.505,14286.030000000028,0.1531577942469593,0.2743548344274578,-0.17235966213259446,0.07333441812367703,-0.024473688441630892,0.19712873150202848,-0.12280878784083182,-0.17121417395310468,0.3352152442840113,0.1457620555967254,0.18093399680442301,0.07032798164639842,0.10453715584616186,-0.2938435966250288,0.09792152139626761,0.18701942301085048,,0.05861594044118971,-0.02695028086511255,0.0680408128510384,2
2026-02-05,1.67,1.9000000000000004,-902168.839,14288.444999999949,0.1336781217422034,0.22469174970326566,-0.17218689548457633,0.07329068052207521,-0.02445667373000726,0.20482779772571225,-0.1227048464586088,-0.17104361543429536,0.3345891384482538,0.14562895498274542,0.18074685790701683,0.05937216416572255,0.10445308014706356,-0.2933749416420104,0.07377338636054126,0.19316264225581056,,0.05848586312971259,-0.03067364698312798,0.061126830981492915,2
2026-02-06,1.6500000000000004,1.8900000000000006,-902170.202,14293.858999999939,0.1464710562421685,0.229956094061875,-0.17201441058068412,0.07326046044438761,-0.024439671113091088,0.19667883666814379,-0.12260102603841039,-0.17087333189807452,0.3339656687159045,0.1454960358791404,0.18056004207127452,0.07111402363442432,0.10436909168758701,-0.29290787986639066,0.08014517943220997,0.18663554293329293,,0.05835638420776014,-0.026453273597213237,0.06265999028201498,2
2026-02-09,1.6400000000000006,1.8900000000000006,-902168.397,14296.45000000007,0.15277627683547834,0.22966946053767168,-0.17184220663601568,0.07321759124140681,-0.02442268058173147,0.20438394675138194,-0.12249732635586097,-0.1707033225880621,0.33334481588154197,0.14536329787449076,0.1803735483390414,0.09797981284928015,0.10428519032994266,-0.2924424018744184,0.0823033460897978,0.19278410379691074,,0.058227499217474235,-0.01693996944959754,0.06562449878340487,2
2026-02-10,1.6600000000000001,1.9500000000000002,-902168.5380000001,14287.679000000004,0.13973589009604193,0.1959176376288474,-0.17167028286886132,0.07312365700889756,-0.024405702126784945,0.19225920692512322,-0.12239374718720752,-0.17053358675091734,0.33272656093677977,0.14523074055876095,0.18018737575629595,0.10315242995988161,0.10420137593666823,-0.29197849832124567,0.06597764984305286,0.18303813846936615,,0.058099203746944675,-0.015019717432581264,0.05952085904516976,2
2026-02-11,1.67,1.9300000000000006,-908684.666,-6515.160999999964,0.13314007859057808,0.206919376087221,-0.1714986385006867,-0.020948594178695767,-0.02438873573911715,0.17209254607201663,-0.12229028830931798,-0.17036412363632492,0.33211088506767283,0.1450983635232852,0.1800015233731289,0.10581461289674543,0.1041176483706292,-0.2915161599400793,0.06757121758702365,0.11047163890692556,,0.057971493429602436,-0.013978556538442669,0.04923820098878014,2
2026-02-12,1.6799999999999997,2.0,-908686.462,-6517.623000000021,0.12653755496974783,0.1671890352023131,-0.17132727275611692,-0.020945239096622492,-0.024371781409600612,0.15583946135788485,-0.12218694949967945,-0.17019493249697704,0.3314977696521684,0.1449661663607682,0.17981599024371753,0.10226799095077443,0.10403400749501568,-0.2910553775413425,0.05140612473338625,0.09748135678257402,,0.05784436394362563,-0.015110913806376206,0.042238494852351954,2
2026-02-13,1.7199999999999998,2.05,-908683.995,-6513.792999999947,0.10036500472017784,0.13845028083596533,-0.17115618486291884,-0.020913389723659526,-0.024354839129116734,0.1637480197860588,-0.12208373053639454,-0.17002601258855887,0.33088719625759744,0.1448341486652731,0.17963077542630534,0.10271372523198585,0.10395045317334373,-0.290596142011849,0.03223849448577446,0.1038374785171813,,0.057717811011353704,-0.014846380161689349,0.037449665851894555,2
2026-02-16,1.7199999999999998,2.05,-908683.995,-6515.597999999998,0.10028519151372461,0.13832689252321173,-0.17098537405198588,-0.020907096195017738,-0.024337908888555027,0.163589213107598,-0.12198063119818048,-0.16985736316973277,0.3302791466382031,0.14470231003222023,0.17944587798317824,0.10263152718937318,0.10386698526945226,-0.29013844431398594,0.032218617197331954,0.10372436743593476,,0.05759183039871074,-0.014767053933606888,0.03740713978422645,2
2026-02-17,1.7000000000000002,2.04,-908684.059,-6515.52099999995,0.113273137570997,0.14394512507890522,-0.17081483955732035,-0.020892275102406654,-0.024320990678812437,0.1553679854644976,-0.12187765126436567,-0.16968898350212158,0.3296736027327123,0.14457065005837766,0.17926129698064086,0.0930661636083594,0.10378360364750328,-0.2896822754849089,0.038781940060269665,0.09716642890286663,,0.05746641791463862,-0.018007264105920726,0.03787506121628244,2
2026-02-18,1.67,2.0,-906114.461,2570.204999999958,0.13271529509506852,0.16668797264547486,-0.17064458061601795,0.020379744910983044,-0.02430408449079413,0.1552216782021747,-0.12177479051488893,-0.16952087285029716,0.329070546661943,0.14443916834185533,0.17907703148899756,0.08827604956028767,0.10370030817198028,-0.2892276266357471,0.053597769524384796,0.12182273881385311,,0.05734156941053788,-0.019576562784430346,0.04575164961436332,2
2026-02-19,1.6799999999999997,1.9299999999999997,-906114.237,2572.225000000093,0.12609497818380522,0.2061136831796424,-0.17047459646825125,0.020374819180045023,-0.024287190315413598,0.15103238160917476,-0.12167204873029602,-0.1693530304817601,0.3284699607264503,0.14430786448210764,0.17889308058252684,0.07053148188134806,0.10361709870768743,-0.2887744889508179,0.06513065253673128,0.11847848260611867,,0.05721728077972048,-0.025680343479082955,0.047763236825004864,2
2026-02-20,1.6899999999999995,1.9299999999999997,-906114.101,2569.893999999971,0.1194679917627548,0.20587933939807002,-0.17030488635725383,0.02035012419010096,-0.024270308143591768,0.14684190811588627,-0.1215694256917379,-0.16918545566692744,0.32787182740420917,0.14417673807991527,0.17870944333946204,0.08145916582923696,0.10353397511974882,-0.28832285368685395,0.06278009999911252,0.11512141612061454,,0.05709354795686682,-0.021749256773911166,0.04711324089095596,2
2026-02-23,1.7299999999999995,1.9799999999999995,-906114.482,2569.5130000000354,0.09317642011569593,0.17741305781331485,-0.17013544952930404,0.020334309731018463,-0.024253437966258007,0.14670761195711446,-0.12146692118096869,-0.16901814767911805,0.3272761293483333,0.14404578873738516,0.17852611884196645,0.08374814197809943,0.10345093727360677,-0.28787271217223687,0.04366568241636256,0.11501461262454785,,0.056970366917493596,-0.020842135913573895,0.04146816796092826,2
2026-02-24,1.7299999999999995,1.9699999999999998,-906114.522,2569.537000000011,0.0931036930185074,0.1829065515790218,-0.16996628523370905,0.020320348761506457,-0.024236579774349454,0.1506278207505347,-0.12136453498034283,-0.16885110579453622,0.3266828493848317,0.14391501605795098,0.1783431061761147,0.08337787758357562,0.10336798503502198,-0.28742405580624353,0.04561370003902251,0.11815251799272199,,0.05684773367743214,-0.020866164825363895,0.0424889964061685,2
2026-02-25,1.7300000000000004,1.96,-880999.362,25115.099000000046,0.0930310362131741,0.18838024154430077,-0.16979739272278982,0.12241462838829698,-0.02421973355881135,0.14643201743413092,-0.12126226687281405,-0.16868432929225674,0.3260919705103962,0.14378441964634936,0.1781604044318701,0.09130197107845195,0.10328511827007092,-0.2869768760583008,0.047554729398279254,0.1760625508449961,,0.056725644292308836,-0.01798758154550724,0.05215907528748431,2
2026-02-26,1.75,1.9600000000000009,-881001.999,25112.238000000012,0.0797863206300029,0.18817994708262376,-0.16962877125186415,0.12229828772199292,-0.024202899310596937,0.1462982814720688,-0.12116011664193205,-0.16851781745421224,0.32550347589022866,0.14365399910863608,0.17797801270306035,0.08513738985030717,0.10320233684514624,-0.28653116446725024,0.04289956232386007,0.17589585822449263,,0.056604094857040814,-0.020040444996766382,0.050399204395577164,2
2026-02-27,1.7999999999999994,2.0100000000000002,-881014.521,25099.580000000075,0.046659040962719445,0.15951606625002634,-0.16946042007923257,0.12213807119105824,-0.024186077020666885,0.1420993988105128,-0.12105808407184127,-0.1683515695651755,0.3249173488558956,0.14352375405216788,0.17779593008736283,0.08876667954798267,0.103119640626955,-0.2860869126406218,0.021323161500691253,0.17245071555064506,,0.056483081505334674,-0.018665861730958355,0.04358544689949405,2
2026-03-02,1.7800000000000002,1.9300000000000006,-880998.83,25115.652000000002,0.05987836986817263,0.20477446060909532,-0.16929233846616154,0.12210712234148824,-0.024169266679990864,0.13789916482095377,-0.12095616894727768,-0.16818558491274738,0.3243335729032224,0.1433936840855996,0.17761415568627692,0.05046856064218308,0.1030370294825187,-0.28564411225391784,0.04184078912719531,0.16908204525366144,,0.05636260040919419,-0.031966277132529725,0.047210252058626896,2
2026-03-03,1.7800000000000002,1.9200000000000008,-880999.406,25115.11600000004,0.059834854966376305,0.21016183605390837,-0.16912452567686898,0.1220015715665066,-0.024152468279545092,0.12552512875844846,-0.12085437105356789,-0.16801986278734105,0.3237521316902159,0.14326378881887525,0.1774326886051052,0.015555730347666108,0.10295450327917055,-0.285202755049904,0.04376148415403894,0.15912956497893566,,0.05624264777843535,-0.04408224474557837,0.04444620522582411,2
2026-03-04,1.7400000000000002,1.8900000000000006,-825424.983,55574.37899999996,0.08626101697367416,0.22669395743951104,-0.1689569809785083,0.25569798956690026,-0.024135681810315,0.1254180005668064,-0.12075269017662638,-0.16785440248216765,0.3231730090350191,0.1431340678632278,0.17725152795293653,0.03209790829777548,0.10287206188455578,-0.2847628328379116,0.058847146751062326,0.23927178510739627,,0.056123219860210495,-0.03818936028755754,0.06184731271334713,2
2026-03-05,1.7599999999999998,1.87,-825426.899,55575.09999999998,0.07296511137898753,0.23752479030058238,-0.16878970364115375,0.25534938703557253,-0.02411890726329302,0.12940388954185034,-0.12065112610295292,-0.16768920329322246,0.3225961889139002,0.14300452083117166,0.17707067284261657,0.009394926034725026,0.10278970516663088,-0.2843243374931478,0.058034554495503335,0.24226139949684797,,0.05600431293853735,-0.04603268032746977,0.06084575245869207,2
2026-03-06,1.75,1.8499999999999996,-825425.618,55588.90299999993,0.07953344838862986,0.24826810096366114,-0.16862269293778487,0.255057493497284,-0.024102144629479794,0.14154943579816925,-0.12054967861963095,-0.1675242645192706,0.3220216554592694,0.14287514733649487,0.17689012239073731,0.012914040854595132,0.10270743299366125,-0.28388726095601424,0.06414373439196638,0.251812757959218,,0.05588592333383732,-0.044698662439914535,0.06428171547894476,2
2026-03-09,1.7800000000000002,1.88,-825424.4380000001,55574.391999999876,0.059573392284165916,0.23133682557952073,-0.16845594814427245,0.254645725522717,-0.024085393899884178,0.12915877990095415,-0.12044834751432631,-0.16735958546183216,0.321449392957726,0.14274594699425913,0.17670987571760843,0.011805214567964128,0.10262524523422178,-0.28345159523143415,0.05128179180900859,0.24166322289446301,,0.05576804740247922,-0.04498481763866517,0.05882831018169206,2
2026-03-10,1.7699999999999996,1.8499999999999996,-825424.3840000001,55575.02199999988,0.06617404574711383,0.2476496689182126,-0.16828946853936222,0.2542996191514182,-0.02406865506552236,0.13723208049399482,-0.12034713257528373,-0.1671951654251692,0.320879385848138,0.1426169194207858,0.1765299319472422,0.047827187442748276,0.10254314175719537,-0.28301733238818927,0.05935145957105558,0.24792424284673337,,0.055650681536330716,-0.03227558449647651,0.06406540700793788,2
2026-03-11,1.8399999999999999,1.79,-831540.208,-6115.224999999977,0.01949454415759644,0.28007469005403984,-0.16812325340466117,-0.021947761786998088,-0.024051928117418853,0.13301837202814637,-0.12024603359132524,-0.16703100371627122,0.32031161871974834,0.1424880642336599,0.17635029020733128,0.022093273928095902,0.1024611224317713,-0.2825844645582626,0.05441225595267435,0.07881488367986693,,0.05553382216231745,-0.041181300641525254,0.03585216978213292,2
2026-03-12,1.8400000000000007,1.8400000000000007,-831539.793,-6112.893999999971,0.019481037087111686,0.25239637817544125,-0.1679573020246221,-0.021921910355161556,-0.024035213046606052,0.10824278975658608,-0.1201450503518483,-0.1668670996448417,0.31974607631030927,0.1423593810517203,0.17617094962922786,-0.0023523947024830516,0.10237918712744465,-0.2821529839361926,0.04476990473450689,0.059019957764208306,,0.055417465741986714,-0.04963651783212122,0.028692853845661812,2
2026-03-13,1.83,1.83,-831540.083,-6114.464999999967,0.026148520920498353,0.25753953597694634,-0.16779161368652973,-0.02191390812719962,-0.024018509844123237,0.1246213646264398,-0.12004418264682382,-0.16670345252328322,0.3191827435042489,0.14223086949505026,0.17599190934792563,-0.035706753224396426,0.10229733571401622,-0.2817228827784328,0.048953335808146724,0.07213764091835813,,0.05530160877107949,-0.06121016096216291,0.030150524928643167,2
2026-03-16,1.8499999999999996,1.88,-831540.238,-6115.79999999993,0.012757437378850156,0.22958168578068405,-0.16762618768048587,-0.021904836804431227,-0.0240018185010189,0.12451530448572479,-0.11994343026679377,-0.16654006166668556,0.3186216053308595,0.14210252918498,0.1758131685020381,-0.014865476859137194,0.10221556806158993,-0.28129415340272,0.0345308368016912,0.07206825040530976,,0.055186247779108084,-0.05381571409995754,0.026893693431087214,2
2026-03-17,1.8499999999999996,1.9100000000000001,-831540.453,-6116.068999999901,0.012748627553586411,0.21254349019566154,-0.1674610232993935,-0.0218908960681935,-0.023985139008348755,0.11205234669737485,-0.11984279300286926,-0.16637692639281032,0.31806264696251785,0.14197435974407613,0.17563472623378118,-0.002747138275813854,0.10213388404057389,-0.2808667881874517,0.028613934222418723,0.06211625631197454,,0.05507137932894085,-0.049474675438569496,0.024248262229971587,2
2026-03-18,1.8100000000000005,1.8500000000000005,-846396.759,-14856.550999999978,0.03951270423006914,0.2456713662563237,-0.16729611983894588,-0.06185723413931288,-0.02396847135717639,0.10369758630054005,-0.1197422706467286,-0.1662140460220778,0.3175058537129303,0.14184636079613777,0.17545658168895262,-0.0070931315701922015,0.10205228352167728,-0.2804407795710695,0.04962558871855373,0.03146264574253848,,0.05495700001639246,-0.05089653068830108,0.025711843877799845,2
2026-03-19,1.8099999999999996,1.9699999999999998,-846396.698,-14856.905000000028,0.03948483489232801,0.17806501851884549,-0.16713147659760874,-0.061813824934038086,-0.02395181553857284,0.08703573922939212,-0.11964186299061508,-0.1660514198775549,0.316951211035404,0.1417185319661891,0.17527873401691108,-0.018679597118107627,0.10197076637591085,-0.2800161200514508,0.026003005714628102,0.01816920709994714,,0.05484310646981964,-0.05485292677520412,0.01600912038055479,2
2026-03-20,1.79,1.83,-846396.883,-14856.800000000047,0.05284199099430231,0.25619469488511837,-0.16696709287660771,-0.061768353776799345,-0.023935171543617795,0.10769633679258894,-0.11954156982733555,-0.16588904728494092,0.31639870452114294,0.14159087288048133,0.17510118237056127,-0.023050810736462424,0.10188933247458598,-0.27959280218530846,0.05807271219481492,0.034734954241820874,,0.05472969534972523,-0.056284358047249294,0.02787182692506152,2
2026-03-23,1.79,1.88,-846396.918,-14856.679999999935,0.05280403359823316,0.22820632394049611,-0.166802967979915,-0.06172285046556647,-0.02391853936339816,0.10760914010926736,-0.11944139095025708,-0.16572692757255303,0.3158483198975728,0.14146338316648155,0.17492392590632866,-0.007477004406034493,0.10180798168931315,-0.2791708185875976,0.04831273474458073,0.034702478190035115,,0.054616763348366154,-0.05073540352713176,0.02574307245990126,2
2026-03-24,1.75,1.83,-846397.184,-14856.731000000029,0.0795078280482946,0.2555651733967841,-0.16663910121423364,-0.06167816625397038,-0.02390191898900862,0.09923204262667529,-0.11934132615330684,-0.165565060071315,0.31530004302668524,0.14133606245286545,0.17474696378414545,-0.016319181799933524,0.10172671389200105,-0.27875016193092905,0.06728382014150744,0.028037582955552844,,0.05450430718936643,-0.053732412347055086,0.029956998431068502,2
2026-03-25,1.7599999999999998,1.8899999999999997,-867420.616,-21023.857000000076,0.07276763546359666,0.2219920800847035,-0.1664754918889848,-0.08982004066120142,-0.023885310411551286,0.09915352962638546,-0.11924137523096823,-0.16540344411474273,0.314753859903413,0.1412089103695202,0.1745702951674295,-0.016248081636684675,0.10164552895485635,-0.2783308249449906,0.053223252875209605,0.011099613057456756,,0.054392323627339596,-0.0536101409221371,0.02318847758969573,2
2026-03-26,1.7300000000000004,1.96,-867420.724,-21024.02600000007,0.09274388435085101,0.18227702251578326,-0.16631213931629374,-0.08975141728883962,-0.023868713622137383,0.0865989166988963,-0.11914153797828042,-0.16524207903893207,0.3142097566540223,0.14108192654752916,0.17439391922306724,-0.02824150500314515,0.10156442675038169,-0.277912800415976,0.04636367560843387,0.0011070548125308444,,0.05428080944751175,-0.05771081751326,0.01898874063929873,2
2026-03-27,1.7799999999999994,1.9399999999999995,-867420.831,-21023.947999999975,0.059232438679209576,0.19343077170997147,-0.16614904281097553,-0.08968173145153313,-0.02385212861188457,0.12801374858609194,-0.11904181419083526,-0.16508096418254603,0.3136677195345343,0.14095511061917554,0.17421783512139277,-0.051046736510191315,0.10148340715137594,-0.2774960811860189,0.038587410792920704,0.03429068283082294,,0.05416976146535429,-0.06559598963139104,0.02042286758412957,2
2026-03-30,1.79,2.0300000000000002,-867420.591,-21023.673000000068,0.05247818796544079,0.14178239210262578,-0.16598620169052225,-0.08961121114844361,-0.023835555371918504,0.11549420900862906,-0.11894220366477581,-0.1649200988868006,0.31312773492916657,0.14082846221793122,0.17404204203616835,-0.06938697622369328,0.10140247003093195,-0.2770806601526362,0.018195342516666616,0.024327307294685976,,0.054059176526219305,-0.07191877521325733,0.011834676698769106,2
2026-03-31,1.79,2.08,-867435.621,-21038.437000000034,0.05244051376737735,0.11269765746283111,-0.16582361527508926,-0.08960949776437921,-0.023818993893373386,0.10709996185888793,-0.11884270619679449,-0.16475948249545258,0.3125897893487981,0.14070198097845577,0.1738665391445724,-0.05784304552311026,0.10132161526243766,-0.27666653026817656,0.008051275348046179,0.017622874492458793,,0.053949051504982797,-0.06778245967168837,0.008378707703775115,2
2026-04-01,1.75,2.05,-841044.7629999999,26375.85300000012,0.07924781649011292,0.13001611831999194,-0.16566128288748094,0.1281458287131434,-0.023802444167390413,0.1111671140984456,-0.11874332158413103,-0.16459911435478847,0.31205386942945834,0.14057566653659292,0.17979058804329018,-0.01560671717815909,0.10124084271957257,-0.27625368453927557,0.023543992317292414,0.15153972200620827,,0.05475427266810819,-0.052904161422287946,0.03554709994980282,2
2026-04-02,1.7400000000000002,2.1500000000000004,-841042.983,26377.74100000004,0.08588649117549019,0.07157516956467935,-0.16549920385313754,0.12804411276921734,-0.023785906185118333,0.11107621804839285,-0.11864404962457042,-0.16443899381360927,0.3115199619308351,0.14044951852935816,0.1796054348950349,-0.033291100061047074,0.10116015227630881,-0.2758421160263185,0.005461820103118076,0.1514158983891737,,0.054643523995278546,-0.05899846653255393,0.029162041808248017,2
2026-04-03,1.7000000000000002,2.1100000000000003,-841042.983,26377.847999999998,0.11254500158525871,0.09495258129738904,-0.16533737750012312,0.12793444113283892,-0.02376937993771444,0.10682694824620875,-0.11854489011644098,-0.16427912022321933,0.3109880537348064,0.14032353659494223,0.17942059890594542,-0.04035541209345117,0.10107954380691009,-0.2754318178429087,0.02302294075888977,0.1479605953140417,,0.054533230450667235,-0.06137609925316198,0.0335278642494657,2
2026-04-06,1.7000000000000002,2.12,-841042.8829999999,26377.7080000001,0.11245243174043318,0.08902608252528355,-0.16517580315911118,0.12782378037029263,-0.023752865416342694,0.10257591336331107,-0.11844584285861237,-0.16411949293741335,0.3104581318439932,0.14019772037270006,0.17923607914331252,-0.029869562696848928,0.10099901718592941,-0.2750227831553429,0.020964739045267487,0.14450327966301882,,0.05442338900526096,-0.0576115258754247,0.03292903203303461,2
2026-04-07,1.75,2.13,-841058.0009999999,26377.62000000011,0.0788949199178417,0.08309530076462157,-0.16501448016337072,0.1277134888225837,-0.023736362612176265,0.11082456577403721,-0.11834690765049416,-0.1639601113124648,0.30993018338033185,0.1400720695031452,0.1790518746784191,-0.024750285792273563,0.10091857228820977,-0.27461500518209214,0.007192233189850926,0.15104592834547423,,0.054313996657954985,-0.05572560128104996,0.03003421818110766,2
2026-04-08,1.7299999999999995,2.17,-741682.306,99362.45699999994,0.09225636269340698,0.059513999726671374,-0.16485340784875546,0.4338763335131606,-0.02371987151639421,0.10239873265535482,-0.11824808429203326,-0.16380097470711297,0.3094041955836693,0.13994658362795498,0.17886798458651532,0.03364608852340889,0.10083820898888218,-0.27420847719329056,0.0036636044924007877,0.3280128633223437,,0.054205050435225915,-0.035193039028685286,0.05857331760057547,2
2026-04-09,1.7299999999999995,2.08,-741682.531,99360.45200000005,0.09218452645661768,0.11228390815902323,-0.16469258555368838,0.4327163583286411,-0.023703392120184685,0.10648906921312484,-0.11814937258371261,-0.1636420824825502,0.3088801558103753,0.13982126238995396,0.17868440794680263,0.04102076084864126,0.10075792716336585,-0.27380319251022767,0.0221561764493678,0.3305990350955737,,0.0540965473908064,-0.03251841694886582,0.06488308250451813,2
2026-04-10,1.7200000000000006,2.0600000000000005,-741682.6359999999,99360.34700000007,0.09881875456889255,0.12385696423608339,-0.16453201261915085,0.43157103878208214,-0.023686924414742627,0.10222867279035075,-0.11805077232654848,-0.1634834340024106,0.30835805153197904,0.13969610543311406,0.17850114384240867,0.043057216095034434,0.10067772668736574,-0.27339914450484926,0.02857689779599632,0.3265134068526843,,0.0539884846053664,-0.031712513377614715,0.06629032451140093,2
2026-04-13,1.7199999999999998,2.0700000000000003,-741682.3559999999,99360.527,0.09874050121330136,0.11791995505147512,-0.16437168838866867,0.43043422799831776,-0.023670468391271404,0.11049712106368892,-0.11795228332208985,-0.16332502863275766,0.3078378703338187,0.13957111240255027,0.17831819136036198,0.03670462825423115,0.10059760743687374,-0.27299632659926265,0.026519653176071162,0.3324559526151789,,0.05388085918619678,-0.03384311548789209,0.06621803631846357,2
2026-04-14,1.7000000000000002,2.1100000000000003,-741682.4349999999,99375.56599999999,0.11206190885897094,0.0944017118997067,-0.1642116122082995,0.4293600510773221,-0.02365402404098149,0.10205218103299307,-0.11785390537241536,-0.1631668657420724,0.3073195999137177,0.1394462829445149,0.17813554959157774,0.06602714073889837,0.10051756928816546,-0.2725947322652489,0.022998783603047322,0.32506536104819883,,0.05377366826690089,-0.023487771170102326,0.0655796906293539,2
2026-04-15,1.6900000000000004,2.08,-744648.527,-2966.2210000000196,0.11865803870552916,0.11191483364642507,-0.16405178342662008,-0.01044952456472592,-0.023637591355091025,0.11450440268656492,-0.11775563828013191,-0.1630089447012406,0.3068032280806743,0.13932161670638954,0.17795321763083272,0.06578425174662006,0.10043761211780144,-0.27219435502377964,0.03148497029519795,0.07115125259736177,,0.05366690900708708,-0.023480654154586368,0.030012808106747467,2
2026-04-16,1.71,1.9799999999999995,-744648.462,-2965.9310000000987,0.10516438241088566,0.16989761704435247,-0.16389220139471405,-0.010440997236702887,-0.023621170324825913,0.11858193612197976,-0.11765748184837288,-0.16285126488354196,0.3062887427535712,0.13919711333668827,0.17777119457674107,0.06576835029401229,0.10035773580262508,-0.2717951884445404,0.047104039390919124,0.07442824836066653,,0.053560578592067545,-0.023394426399539058,0.035176429759461746,2
2026-04-17,1.7200000000000006,2.04,-744648.441,-2965.805000000051,0.09836346249156702,0.13498816558157611,-0.1637328654661595,-0.010433227792695177,-0.023604760941420055,0.12265291290272051,-0.11755943588079609,-0.16269382566463741,0.3057761319599057,0.1390727724850469,0.17758947953173876,0.07877987229334726,0.100277940219762,-0.2713972261454606,0.03255321018575224,0.07769953708170728,,0.05345467423256136,-0.018748933464049933,0.03197222215651461,2
2026-04-20,1.7200000000000006,2.04,-744648.807,-2966.4510000001173,0.09828566395254201,0.13486922627062792,-0.16357377499701564,-0.01042900991058282,-0.023588363196114348,0.11837681362523322,-0.11746150018158208,-0.16253662642255773,0.30526538383453294,0.1389485938022219,0.17740807160206007,0.0714090020159095,0.10019822524661914,-0.2710004617922458,0.03253207907900478,0.07429102703616829,,0.05334919316440069,-0.021237608995788713,0.03105493472085854,2
2026-04-21,1.7000000000000002,2.0,-744649.111,-2966.676000000094,0.11164652205513725,0.15797882231492522,-0.1634149293458116,-0.010422861570688169,-0.02357197708015768,0.10991580296332604,-0.11736367455543206,-0.16237966653769265,0.3047564866184327,0.13882457694007755,0.17722696989771558,0.06227748814138767,0.1001185907608848,-0.27060488909791947,0.04534439172577839,0.06753573918015333,,0.05324413264824083,-0.02434283911358047,0.033393285689779645,2
2026-04-22,1.6900000000000004,2.0,-999261.119,-254612.59199999995,0.11826258987998739,0.15782840477709437,-0.16325632787353317,-0.818091845105029,-0.023555602584806823,0.1056366531911066,-0.11726595880756696,-0.16222294539277737,0.3042494286574886,0.13870072155159408,0.17704617353247265,0.0544574508999367,0.10003903664052616,-0.2702105018223674,0.047654949767918654,-0.42047914606101616,,0.053139489969277004,-0.026989379907548225,-0.03953892147258981,1
2026-04-23,1.6799999999999997,1.8900000000000006,-999260.695,-254612.2329999999,0.12486393585867295,0.22061722990262456,-0.16309796994361192,-0.8123209784029839,-0.023539239701325432,0.10555161319811335,-0.11716835274372428,-0.16206646237288314,0.3037441984012865,0.13857702729084953,0.17686568162383565,0.04906186850787453,0.09995956276378926,-0.2698172937718881,0.07198901703337054,-0.4170748403040949,,0.05303526243696124,-0.02878768718648412,-0.03202385840433538,1
2026-04-24,1.7000000000000002,1.9200000000000008,-999260.6630000001,-254612.22200000007,0.11133844928404901,0.20334566627676565,-0.16293985492191054,-0.8066411550468444,-0.023522888420984822,0.11385159646643572,-0.11707085617015689,-0.16191021686540397,0.3032407844019296,0.13845349381303063,0.17668549329302352,0.04837933424001761,0.09988016900919927,-0.26942525879875,0.061257483969711965,-0.407017148907549,,0.05293144738472749,-0.028936751502399098,-0.03378297802439675,1
2026-04-27,1.7000000000000002,1.8800000000000008,-999260.944,-254612.137,0.11124719301305519,0.22576938426114723,-0.16278198217671358,-0.8010508627996589,-0.02350654873506508,0.13048575819207087,-0.11697346889363158,-0.16175420826004705,0.302739175312871,0.13833012077440898,0.17650560766495382,0.056899427291632554,0.09980085525555693,-0.26903439080075053,0.06912120739295677,-0.3903458403671777,,0.05282804216971597,-0.02586521834870885,-0.028488286047066953,1
2026-04-28,1.6999999999999993,1.87,-999261.224,-254612.113,0.11115603563273324,0.23111889389265938,-0.16262435107871365,-0.7955492742373971,-0.023490220634852288,0.10944080903348175,-0.11687619072142641,-0.16159843594881906,0.3022393598877595,0.138206907832356,0.17632602386821628,0.04632474883802451,0.09972162138194052,-0.26864468372078365,0.07100892001027331,-0.4038710496965642,,0.05272504417250578,-0.029477175539247343,-0.03051829673916329,1
2026-04-29,1.6900000000000004,1.8100000000000005,-975229.797,24031.321999999927,0.11779155966052168,0.2642490626404195,-0.1624669610010011,0.11346928418622904,-0.023473904111640853,0.10094492425970114,-0.11677902146133057,-0.1614428993260174,0.301741326979305,0.13808385464532558,0.17614674103505856,0.031071684938386523,0.0996424672677032,-0.26825613154641115,0.08497412950502906,0.13475316745251384,,0.05262245079684759,-0.034726886191791935,0.053651793739828896,2
2026-04-30,1.6999999999999993,1.8999999999999995,-975237.3110000001,24023.383999999845,0.11096283750151703,0.2135200501602339,-0.16230981131904976,0.11334213382756397,-0.023457599156732845,0.10927650694631708,-0.1166819609216403,-0.16128759778821777,0.30124506553815555,0.13796096087285403,0.17596775830136258,0.050983778807429436,0.09956339279247373,-0.26786872830943775,0.0648760672858979,0.14135192635955235,,0.052520259469401906,-0.02766910843286522,0.04964530774212291,2
2026-05-01,1.6900000000000004,1.9100000000000001,-975229.657,24031.006000000052,0.11760618690289926,0.20759514876854057,-0.16215290141070748,0.11328127582996572,-0.023441305761437548,0.10498125187008323,-0.11658500891115908,-0.1611325307342627,0.3007505646117954,0.13783822617555552,0.17578907480662553,0.0639462107104356,0.09948439783615304,-0.2674824680854936,0.06517459706179168,0.13788898353718348,,0.052418467639481,-0.02304402743434205,0.049883739443833966,2
2026-05-04,1.6899999999999995,1.8499999999999996,-975229.6680000001,24031.275999999954,0.1175080141713043,0.2411899144346632,-0.1619962306561834,0.11318921902628243,-0.02342502391707213,0.1006841644269083,-0.11648816523919447,-0.16097769756525115,0.3002578133434517,0.13771565021511867,0.17561068969394267,0.06389940539458627,0.09940548227891655,-0.2670973449936188,0.0769454058152336,0.13440584860705285,,0.05231707277879395,-0.022972492812359656,0.05287789330847254,2
2026-05-05,1.6500000000000004,1.87,-975230.172,24031.052000000025,0.14425906814532574,0.22965905832920197,-0.16183979843803664,0.11309516028058253,-0.023408753614960975,0.1006041949028944,-0.11639142971555771,-0.1608230976845273,0.29976680097102104,0.13759323265429613,0.17543260210998457,0.06385263850210499,0.099326646001211,-0.2667133531958552,0.0823194047346737,0.13429519992168848,,0.05221607238119384,-0.02290125638259597,0.05445893104656445,2
2026-05-06,1.6599999999999993,1.9399999999999995,-871053.128,104176.669,0.1374313320454359,0.18962453379121347,-0.161683604141164,0.4287936107228081,-0.02339249484643602,0.096302849571827,-0.11629480215056043,-0.16066873049767016,0.29927751682601,0.13747097315690815,0.175254811204981,0.06380590999231495,0.09924788888375469,-0.2663304868968417,0.06596447180047807,0.3202829491832848,,0.0521154639624319,-0.022830316462428134,0.0774361024388799,2
2026-05-07,1.6499999999999995,1.96,-871052.268,104185.04300000006,0.14400941539466228,0.17793556572421565,-0.16152764715278922,0.4277033402135344,-0.021979746925972266,0.09622723539098677,-0.11619828235501417,-0.16051459541248136,0.29878995033248734,0.13734887138783525,0.1750773161326995,0.06375921982460109,0.09916921080753704,-0.2659487403434132,0.0642224492457705,0.32041594428532666,,0.05201524505991163,-0.02275967138177562,0.07691898697424171,2
2026-05-08,1.6499999999999995,1.96,-871052.282,104177.375,0.1438787108672952,0.1777535780382986,-0.16137192686245183,0.4265639576357334,-0.021964495821718777,0.09192158323316502,-0.11610187014022832,-0.16036069183897506,0.29830409100605326,0.1372269270130102,0.17490011605042532,0.06371256795841052,0.09909061165381616,-0.2655681078242068,0.06415972305822229,0.31629694367494077,,0.051915413232446965,-0.022689319482982702,0.07626791385437215,2
