Table 4: U.S. Purchases and Sales of Long-Term Domestic and Foreign Securities by Type,Unnamed: 1,Unnamed: 2,Unnamed: 3,Unnamed: 4,Unnamed: 5,Unnamed: 6,Unnamed: 7,Unnamed: 8,Unnamed: 9,Unnamed: 10,Unnamed: 11,Unnamed: 12,Unnamed: 13,Unnamed: 14,Unnamed: 15,Unnamed: 16,Unnamed: 17,Unnamed: 18,Unnamed: 19,Unnamed: 20
All Countries and International and Regional Organizations,,,,,,,,,,,,,,,,,,,,
Millions of dollars,,,,,,,,,,,,,,,,,,,,
Link: https://ticdata.treasury.gov/resource-center/data-chart-center/tic/Documents/slt_table4.txt,,,,,,,,,,,,,,,,,,,,
,,,Sales of,Sales of,Sales of,Sales of,Sales of,Sales of,Sales of,Sales of,Sales of,Purchases of,Purchases of,Purchases of,Purchases of,Purchases of,Purchases of,Purchases of,Purchases of,Purchases of
,,,U.S.,U.S. Treasury,U.S. Gov't,U.S. Corp.,U.S. Corp.,Foreign,Foreign,Foreign,Foreign,U.S.,U.S. Treasury,U.S. Gov't,U.S. Corp.,U.S. Corp.,Foreign,Foreign,Foreign,Foreign
Country,Country Code,Date,Securities,Bonds & Notes,Agency Bonds,Bonds,Stocks,Securities,Gov't Bonds,Corp. Bonds,Stocks,Securities,Bonds & Notes,Agency Bonds,Bonds,Stocks,Securities,Gov't Bonds,Corp. Bonds,Stocks
country,country_code,date,for_lt_total_sale,for_lt_treas_sale,for_lt_agcy_sale,for_lt_corp_sale,for_lt_eqty_sale,us_lt_total_sale,us_lt_govt_bond_sale,us_lt_corp_bond_sale,us_lt_eqty_sale,for_lt_total_pur,for_lt_treas_pur,for_lt_agcy_pur,for_lt_corp_pur,for_lt_eqty_pur,us_lt_total_pur,us_lt_govt_bond_pur,us_lt_corp_bond_pur,us_lt_eqty_pur
Austria,10189,2026-02,5096,2291,0,282,2523,2296,400,759,1137,5022,2233,0,121,2668,1943,527,531,885
Austria,10189,2026-01,3583,1387,0,147,2049,2205,520,605,1080,3915,1520,0,192,2203,2424,574,554,1296
Austria,10189,2025-12,4450,2752,0,123,1575,2017,427,456,1134,4188,2496,0,78,1614,1765,368,409,988
Austria,10189,2025-11,4427,2214,0,380,1833,4036,2651,467,918,4047,1455,0,374,2218,4344,2738,419,1187
Austria,10189,2025-10,5101,2327,0,157,2617,2120,594,525,1001,6017,3143,0,287,2587,2131,399,625,1107
Austria,10189,2025-09,6255,4113,0,317,1825,2019,163,909,947,5732,3591,0,244,1897,1847,310,784,753
Austria,10189,2025-08,3441,1291,0,159,1991,1485,47,357,1081,2546,1024,0,154,1368,1466,94,415,957
Austria,10189,2025-07,4168,1801,0,298,2069,1840,221,808,811,4266,2420,0,166,1680,1725,43,729,953
Austria,10189,2025-06,5408,2971,0,298,2139,2051,156,674,1221,3575,2136,0,207,1232,2454,359,729,1366
Austria,10189,2025-05,4808,2339,0,338,2131,2357,283,847,1227,3959,2322,0,220,1417,2206,374,627,1205
Austria,10189,2025-04,3767,1738,0,279,1750,2445,854,671,920,4058,2293,0,305,1460,2183,937,523,723
Austria,10189,2025-03,3290,1458,0,252,1580,2223,60,723,1440,2801,1093,0,253,1455,2282,236,778,1268
Austria,10189,2025-02,5701,3708,0,242,1751,2091,454,790,847,4614,2835,0,206,1573,1841,425,724,692
Austria,10189,2025-01,3229,1305,0,116,1808,1175,180,474,521,4501,2808,0,184,1509,1712,313,761,638
Austria,10189,2024-12,3763,1608,0,241,1914,1006,115,370,521,3516,1591,0,100,1825,1393,336,379,678
Austria,10189,2024-11,4739,2882,0,149,1708,1121,135,380,606,4208,2249,0,303,1656,1450,372,504,574
Austria,10189,2024-10,4808,3525,0,129,1154,2051,240,1345,466,4682,3431,0,132,1119,2115,182,1521,412
Austria,10189,2024-09,5090,3570,0,367,1153,1488,227,679,582,3691,2428,0,148,1115,1306,256,587,463
Austria,10189,2024-08,3881,2292,1,198,1390,1015,121,498,396,3793,2218,0,221,1354,1290,268,520,502
Austria,10189,2024-07,2617,1429,2,158,1028,1231,80,764,387,2727,1393,1,136,1197,965,203,351,411
Austria,10189,2024-06,2009,789,1,253,966,1297,410,331,556,1514,259,1,189,1065,987,211,365,411
Austria,10189,2024-05,2516,972,0,141,1403,1428,360,655,413,2607,1147,1,186,1273,1678,366,719,593
Austria,10189,2024-04,1993,241,1,97,1654,1162,352,347,463,2236,238,1,135,1862,1362,343,368,651
Austria,10189,2024-03,3105,1739,2,273,1091,1199,112,497,590,2218,936,0,204,1078,1076,77,388,611
Austria,10189,2024-02,1445,319,1,224,901,1543,410,678,455,1978,640,6,208,1124,1648,447,757,444
Austria,10189,2024-01,2185,449,2,133,1601,2969,253,2290,426,2868,1227,2,94,1545,3520,571,2352,597
Austria,10189,2023-12,2424,888,4,106,1426,1234,206,441,587,2055,501,1,115,1438,1030,85,324,621
Austria,10189,2023-11,1724,495,6,121,1102,1299,330,450,519,1518,286,10,122,1100,1574,530,464,580
Austria,10189,2023-10,1438,597,5,72,764,935,123,295,517,2179,844,4,115,1216,1086,342,279,465
Austria,10189,2023-09,1357,649,4,209,495,944,51,435,458,1183,433,5,54,691,639,73,231,335
Austria,10189,2023-08,1378,589,3,184,602,990,212,364,414,1388,255,2,63,1068,698,108,261,329
Austria,10189,2023-07,1818,463,4,106,1245,943,194,355,394,1937,939,3,68,927,898,34,427,437
Austria,10189,2023-06,13656,1998,4,523,11131,925,183,349,393,2154,435,3,55,1661,1056,277,318,461
Austria,10189,2023-05,1882,749,4,157,972,903,121,383,399,11484,1256,4,134,10090,1347,89,779,479
Austria,10189,2023-04,1486,674,5,97,710,1835,425,931,479,2506,1173,64,586,683,1030,202,314,514
Austria,10189,2023-03,2196,806,4,169,1217,1794,280,630,884,2033,465,3,132,1433,1815,365,743,707
Austria,10189,2023-02,1551,451,4,115,981,1290,106,697,487,1698,756,6,125,811,1610,191,754,665
Belgium,10251,2026-02,158702,126037,17,20155,12493,9005,2595,382,6028,155344,132800,6,10199,12339,9051,2702,353,5996
Belgium,10251,2026-01,157313,141197,183,6823,9110,5054,1327,303,3424,166813,147432,98,9601,9682,5618,1395,235,3988
Belgium,10251,2025-12,184010,162810,15,11512,9673,4440,442,304,3694,171534,156212,33,6689,8600,5205,435,420,4350
Belgium,10251,2025-11,152307,133407,49,8867,9984,4112,136,311,3665,139863,123297,7,9388,7171,5816,289,293,5234
Belgium,10251,2025-10,140775,126607,11,4748,9409,4828,306,367,4155,157098,141091,95,7394,8518,5240,347,355,4538
Belgium,10251,2025-09,152843,140373,122,4988,7360,5847,342,767,4738,147994,133278,87,8392,6237,6162,240,1240,4682
Belgium,10251,2025-08,127498,115571,93,5933,5901,4923,108,353,4462,129491,115843,114,8149,5385,5799,328,436,5035
Belgium,10251,2025-07,130362,117945,16,5905,6496,5716,735,322,4659,134185,121255,97,7810,5023,5501,674,362,4465
Belgium,10251,2025-06,120523,102444,10,10989,7080,6123,829,251,5043,121493,103819,12,11575,6087,5847,474,289,5084
Belgium,10251,2025-05,124989,109484,12,8141,7352,5266,573,453,4240,129894,109518,124,13677,6575,5028,433,368,4227
Belgium,10251,2025-04,120593,110437,25,3695,6436,5115,253,184,4678,142329,125913,16,9542,6858,4512,180,266,4066
Belgium,10251,2025-03,121798,108997,10,6316,6475,5588,555,415,4618,128432,107713,43,11957,8719,5721,415,224,5082
Belgium,10251,2025-02,103544,90648,1,7034,5861,3934,423,401,3110,104326,90909,37,7873,5507,4793,1095,383,3315
Belgium,10251,2025-01,118070,103661,65,7615,6729,5319,793,155,4371,121588,110165,49,4193,7181,4611,791,216,3604
Belgium,10251,2024-12,117812,107056,80,4087,6589,4480,174,571,3735,114802,100157,105,7916,6624,4859,487,387,3985
Belgium,10251,2024-11,133100,124439,68,3345,5248,4499,383,206,3910,130792,120641,44,5995,4112,5631,367,444,4820
Belgium,10251,2024-10,128417,118155,96,2731,7435,3720,490,446,2784,138573,126786,8,6284,5495,4490,457,1017,3016
Belgium,10251,2024-09,125968,112879,18,5515,7556,3468,866,162,2440,107984,92655,167,8061,7101,3359,638,273,2448
Belgium,10251,2024-08,119039,111480,104,3782,3673,3081,609,208,2264,117443,106309,231,5657,5246,2964,433,175,2356
Belgium,10251,2024-07,123846,113764,138,5232,4712,2628,233,164,2231,132815,125386,7,3252,4170,2782,328,213,2241
Belgium,10251,2024-06,121510,112072,27,2645,6766,3918,573,600,2745,125870,112400,64,7348,6058,3122,403,701,2018
Belgium,10251,2024-05,121856,108625,17,7232,5982,3741,695,122,2924,124961,108616,7,11087,5251,4546,639,172,3735
Belgium,10251,2024-04,117367,107762,82,5574,3949,3004,363,321,2320,120516,109083,18,7803,3612,3875,917,386,2572
Belgium,10251,2024-03,102789,85887,111,10815,5976,3934,181,328,3425,110088,94195,1,10536,5356,4823,241,442,4140
Belgium,10251,2024-02,104034,92107,253,5834,5840,2888,226,183,2479,104224,92840,15,6360,5009,3366,461,239,2666
Belgium,10251,2024-01,99949,87903,267,5954,5825,2881,253,246,2382,112203,100886,50,6558,4709,3144,214,270,2660
Belgium,10251,2023-12,89836,82910,4,3839,3083,3679,253,235,3191,94248,85281,8,6034,2925,3195,35,216,2944
Belgium,10251,2023-11,92995,83923,149,5237,3686,3867,240,114,3513,93512,86812,188,4540,1972,3406,197,163,3046
Belgium,10251,2023-10,108035,101201,726,3112,2996,4064,277,212,3575,120822,115232,30,2077,3483,3813,161,210,3442
Belgium,10251,2023-09,128671,119873,580,5314,2904,2678,396,163,2119,122705,117142,152,2810,2601,3030,126,583,2321
Belgium,10251,2023-08,160370,152478,659,3086,4147,2804,532,162,2110,162210,155388,64,3217,3541,3108,468,100,2540
Belgium,10251,2023-07,147861,139936,528,3258,4139,2081,176,65,1840,151698,143784,277,3796,3841,2697,537,52,2108
Belgium,10251,2023-06,132345,125163,396,3206,3580,3474,301,166,3007,122248,115908,409,2052,3879,3601,373,300,2928
Belgium,10251,2023-05,117990,109321,263,5263,3143,3342,333,81,2928,122255,114898,11,3154,4192,3520,424,359,2737
Belgium,10251,2023-04,112989,104239,440,5317,2993,3052,141,286,2625,119744,109577,113,7423,2631,2858,296,123,2439
Belgium,10251,2023-03,171701,163100,534,4107,3960,4925,1262,328,3335,178419,166702,202,4480,7035,3634,566,293,2775
Belgium,10251,2023-02,128547,115960,124,9001,3462,3137,607,285,2245,125965,117222,12,5902,2829,3059,533,529,1997
Cyprus,10405,2026-02,2456,129,10,550,1767,1016,16,2,998,2739,388,0,525,1826,1101,11,2,1088
Cyprus,10405,2026-01,2666,126,0,549,1991,831,24,7,800,2410,164,1,503,1742,1038,192,6,840
Cyprus,10405,2025-12,3446,711,1,656,2078,843,1,9,833,3245,561,0,505,2179,819,4,7,808
Cyprus,10405,2025-11,2810,380,42,438,1950,655,2,3,650,2437,248,0,271,1918,769,2,35,732
Cyprus,10405,2025-10,4096,583,102,717,2694,696,52,26,618,3683,319,71,592,2701,650,0,0,650
Cyprus,10405,2025-09,4394,835,280,718,2561,612,1,34,577,4181,859,208,422,2692,722,5,0,717
Cyprus,10405,2025-08,3686,722,0,406,2558,433,0,0,433,3153,359,2,376,2416,461,0,0,461
Cyprus,10405,2025-07,2436,82,2,543,1809,395,1,0,394,2100,61,0,483,1556,382,2,15,365
Cyprus,10405,2025-06,1915,66,14,617,1218,588,1,0,587,1415,31,0,258,1126,593,3,3,587
Cyprus,10405,2025-05,1692,31,0,721,940,560,43,5,512,1617,37,0,442,1138,517,17,5,495
Cyprus,10405,2025-04,1772,59,42,809,862,327,11,2,314,1341,86,3,531,721,318,15,10,293
Cyprus,10405,2025-03,1655,18,0,726,911,492,1,15,476,1287,27,51,439,770,529,0,16,513
Cyprus,10405,2025-02,1438,32,0,208,1198,471,2,6,463,1298,33,1,217,1047,427,5,0,422
Cyprus,10405,2025-01,1458,20,0,175,1263,618,0,7,611,1262,56,0,183,1023,632,6,3,623
Cyprus,10405,2024-12,1482,41,1,165,1275,488,0,1,487,1498,30,0,129,1339,486,4,2,480
Cyprus,10405,2024-11,1678,60,3,167,1448,487,30,0,457,1856,33,0,179,1644,462,0,1,461
Cyprus,10405,2024-10,1284,49,1,185,1049,690,0,102,588,1178,34,0,221,923,679,3,72,604
Cyprus,10405,2024-09,851,29,0,129,693,483,0,2,481,961,28,3,165,765,467,0,6,461
Cyprus,10405,2024-08,1209,142,0,131,936,394,0,12,382,1095,46,14,111,924,379,0,2,377
Cyprus,10405,2024-07,1808,31,0,92,1685,351,1,21,329,1735,18,0,137,1580,332,0,7,325
Cyprus,10405,2024-06,1269,28,1,104,1136,311,34,0,277,1031,10,0,91,930,358,57,5,296
Cyprus,10405,2024-05,1186,17,0,168,1001,495,0,10,485,1763,4,0,147,1612,416,0,3,413
Cyprus,10405,2024-04,831,36,0,86,709,410,32,1,377,857,8,12,49,788,375,0,3,372
Cyprus,10405,2024-03,1867,20,0,86,1761,500,23,8,469,847,7,73,25,742,573,0,3,570
Cyprus,10405,2024-02,972,34,2,98,838,466,46,6,414,814,20,6,55,733,456,0,3,453
Cyprus,10405,2024-01,1020,27,27,301,665,673,36,38,599,634,53,0,43,538,627,1,94,532
Cyprus,10405,2023-12,597,33,0,50,514,761,0,6,755,607,5,0,28,574,647,0,15,632
Cyprus,10405,2023-11,501,11,0,41,449,353,13,7,333,469,12,0,9,448,320,0,16,304
Cyprus,10405,2023-10,556,21,0,60,475,361,14,32,315,460,14,0,15,431,390,14,41,335
Cyprus,10405,2023-09,422,17,0,30,375,274,1,7,266,412,5,0,35,372,242,0,11,231
Cyprus,10405,2023-08,728,22,0,45,661,216,1,23,192,620,8,0,16,596,182,3,8,171
Cyprus,10405,2023-07,657,33,0,40,584,152,0,3,149,614,17,0,20,577,155,0,15,140
Cyprus,10405,2023-06,766,13,0,39,714,592,0,8,584,796,9,0,19,768,365,25,11,329
Cyprus,10405,2023-05,525,40,1,55,429,257,40,11,206,485,12,0,12,461,312,5,87,220
Cyprus,10405,2023-04,377,13,0,28,336,347,6,82,259,373,12,0,9,352,379,165,2,212
Cyprus,10405,2023-03,461,31,0,33,397,393,3,12,378,441,32,0,30,379,362,1,23,338
Cyprus,10405,2023-02,427,13,0,32,382,232,6,23,203,372,8,0,15,349,265,2,21,242
Denmark,10502,2026-02,27921,6425,43,1210,20243,29236,79,638,28519,27773,6802,46,1209,19716,28542,57,696,27789
Denmark,10502,2026-01,27199,6463,52,1384,19300,22025,4,672,21349,26449,6410,48,1485,18506,25316,26,815,24475
Denmark,10502,2025-12,25026,3884,58,1055,20029,19159,11,1699,17449,23096,4825,96,2035,16140,21844,159,2813,18872
Denmark,10502,2025-11,19811,3050,57,929,15775,23323,13,4161,19149,22674,3005,58,1616,17995,23416,100,4846,18470
Denmark,10502,2025-10,22651,2295,47,971,19338,16030,122,774,15134,27819,2656,48,1652,23463,16976,23,617,16336
Denmark,10502,2025-09,22843,2854,35,1155,18799,16771,1,1990,14780,18998,2508,39,826,15625,17247,70,1300,15877
Denmark,10502,2025-08,21803,3485,44,1354,16920,22363,6,546,21811,19560,3863,44,880,14773,19244,21,547,18676
Denmark,10502,2025-07,22699,3912,46,1208,17533,19528,10,677,18841,20625,3702,45,693,16185,18059,55,586,17418
Denmark,10502,2025-06,25949,3609,56,1390,20894,15130,4,1013,14113,19476,4367,58,1257,13794,13804,10,522,13272
Denmark,10502,2025-05,25561,5693,39,1172,18657,18427,16,941,17470,22020,6776,39,1153,14052,17571,20,615,16936
Denmark,10502,2025-04,23789,5467,49,1380,16893,21763,53,1300,20410,21682,5750,49,1067,14816,19229,30,782,18417
Denmark,10502,2025-03,21183,4847,65,1198,15073,19301,54,802,18445,29223,4537,65,1255,23366,18138,5,1173,16960
Denmark,10502,2025-02,21088,4613,36,1030,15409,22060,21,1221,20818,19726,4148,36,1234,14308,21334,16,1717,19601
Denmark,10502,2025-01,19693,4693,44,930,14026,19588,15,1133,18440,20343,5223,44,976,14100,18465,21,454,17990
Denmark,10502,2024-12,18995,3685,56,876,14378,17706,9,972,16725,19521,3295,65,1084,15077,17982,189,633,17160
Denmark,10502,2024-11,24150,3590,46,982,19532,20163,105,402,19656,22063,3733,45,1263,17022,19239,27,580,18632
Denmark,10502,2024-10,14493,3036,67,1368,10022,16600,37,626,15937,17538,2915,67,1103,13453,18480,15,1127,17338
Denmark,10502,2024-09,16124,4302,40,929,10853,14247,31,1245,12971,14157,3904,37,898,9318,13362,22,727,12613
Denmark,10502,2024-08,14910,3853,41,1252,9764,13794,8,595,13191,13175,3756,42,921,8456,14499,68,385,14046
Denmark,10502,2024-07,13237,3315,52,641,9229,15122,21,567,14534,11869,3101,52,728,7988,14795,3,572,14220
Denmark,10502,2024-06,16165,2497,57,935,12676,13659,18,490,13151,15854,2840,57,799,12158,13729,43,457,13229
Denmark,10502,2024-05,14647,2352,56,653,11586,13800,1,707,13092,13716,2992,62,538,10124,14516,56,880,13580
Denmark,10502,2024-04,11383,1834,28,468,9053,10008,0,525,9483,12005,2282,35,508,9180,10803,15,790,9998
Denmark,10502,2024-03,11097,2578,38,1236,7245,14765,20,2598,12147,9045,1396,38,497,7114,15454,4,3446,12004
Denmark,10502,2024-02,8651,1450,64,775,6362,13675,64,640,12971,8985,1385,78,808,6714,15274,15,1010,14249
Denmark,10502,2024-01,7901,1081,57,589,6174,10935,100,1257,9578,8194,1622,61,521,5990,11096,37,835,10224
Denmark,10502,2023-12,9970,1661,42,983,7284,11422,169,621,10632,10379,1098,131,536,8614,11237,7,427,10803
Denmark,10502,2023-11,6020,860,61,641,4458,9751,420,483,8848,5472,1167,102,519,3684,9751,257,480,9014
Denmark,10502,2023-10,5114,1475,74,503,3062,9756,243,574,8939,7938,656,75,598,6609,9329,28,524,8777
Denmark,10502,2023-09,6359,1248,23,554,4534,8700,342,721,7637,5972,1497,23,556,3896,9233,161,1554,7518
Denmark,10502,2023-08,7547,1042,26,717,5762,6727,62,620,6045,8514,1034,36,544,6900,7511,4,594,6913
Denmark,10502,2023-07,7078,770,25,600,5683,5391,32,289,5070,6586,885,29,460,5212,5093,9,627,4457
Denmark,10502,2023-06,19205,1351,94,831,16929,7280,2,1350,5928,9655,1208,30,719,7698,6339,19,464,5856
Denmark,10502,2023-05,8662,1592,50,924,6096,7200,48,872,6280,15366,1541,85,884,12856,7595,3,852,6740
Denmark,10502,2023-04,10103,1345,61,701,7996,7173,7,706,6460,9106,882,19,546,7659,7013,48,437,6528
Denmark,10502,2023-03,9962,943,33,808,8178,7927,64,1069,6794,9281,874,13,766,7628,7948,62,945,6941
Denmark,10502,2023-02,8246,1331,50,1098,5767,8499,20,780,7699,8418,1596,15,797,6010,8772,131,659,7982
Finland,10707,2026-02,11040,3832,0,273,6935,5397,155,394,4848,11094,3782,0,86,7226,6028,264,573,5191
Finland,10707,2026-01,11795,4433,0,78,7284,5303,322,329,4652,11533,4747,1,103,6682,4799,241,278,4280
Finland,10707,2025-12,7911,2902,0,103,4906,3637,31,298,3308,8930,3290,0,120,5520,4076,218,359,3499
Finland,10707,2025-11,9919,3938,0,177,5804,5904,385,518,5001,9914,3930,1,135,5848,6287,426,405,5456
Finland,10707,2025-10,9909,4645,0,116,5148,7567,86,706,6775,9856,4770,0,89,4997,7842,136,805,6901
Finland,10707,2025-09,11305,4408,0,77,6820,4825,195,1297,3333,11016,4606,4,633,5773,5121,151,1279,3691
Finland,10707,2025-08,9039,4140,0,57,4842,3339,185,1008,2146,9539,3312,0,82,6145,3595,344,951,2300
Finland,10707,2025-07,10620,7161,0,140,3319,3079,85,333,2661,10140,7046,0,64,3030,3594,86,408,3100
Finland,10707,2025-06,11868,6660,0,211,4997,3830,139,927,2764,11069,6481,0,33,4555,3363,149,564,2650
Finland,10707,2025-05,12059,4376,0,189,7494,3199,577,316,2306,11142,4519,0,158,6465,3765,690,405,2670
Finland,10707,2025-04,10777,5572,0,156,5049,4058,305,547,3206,10306,5398,0,65,4843,3546,235,433,2878
Finland,10707,2025-03,12822,5937,3,100,6782,4605,65,434,4106,10693,5438,0,101,5154,5110,61,1005,4044
Finland,10707,2025-02,8391,2888,0,216,5287,3478,88,404,2986,8699,2532,0,153,6014,3451,30,287,3134
Finland,10707,2025-01,9011,4121,0,188,4702,2597,54,261,2282,6418,2958,0,108,3352,3077,168,343,2566
Finland,10707,2024-12,9626,2363,0,120,7143,2475,114,489,1872,10738,2379,0,210,8149,2943,306,312,2325
Finland,10707,2024-11,7446,2117,0,175,5154,2597,68,228,2301,6287,1858,0,171,4258,3125,86,278,2761
Finland,10707,2024-10,4561,1098,4,104,3355,3822,302,684,2836,3138,1013,0,91,2034,3849,165,614,3070
Finland,10707,2024-09,3639,802,0,108,2729,3433,82,1024,2327,3531,713,0,31,2787,4755,194,2121,2440
Finland,10707,2024-08,3022,569,0,113,2340,2285,194,304,1787,2681,535,0,45,2101,2198,76,256,1866
Finland,10707,2024-07,2635,633,0,171,1831,2400,142,261,1997,2279,496,0,22,1761,2460,157,272,2031
Finland,10707,2024-06,4923,436,0,169,4318,2220,76,248,1896,3511,461,0,118,2932,2470,73,304,2093
Finland,10707,2024-05,3081,608,0,66,2407,2642,23,643,1976,4100,542,0,120,3438,2384,156,260,1968
Finland,10707,2024-04,2888,329,0,13,2546,2502,148,369,1985,2775,497,0,15,2263,2586,294,413,1879
Finland,10707,2024-03,4372,791,0,35,3546,2461,47,365,2049,4167,953,0,85,3129,2547,41,694,1812
Finland,10707,2024-02,3340,457,0,65,2818,2066,129,461,1476,3064,547,0,57,2460,2038,55,379,1604
Finland,10707,2024-01,7825,2092,0,69,5664,2686,93,1023,1570,6919,1816,0,57,5046,2973,221,1109,1643
Finland,10707,2023-12,3813,404,0,21,3388,3122,68,383,2671,4916,379,0,27,4510,2960,9,415,2536
Finland,10707,2023-11,6678,707,0,9,5962,2457,109,311,2037,5313,830,0,80,4403,1761,91,205,1465
Finland,10707,2023-10,3972,299,0,3,3670,2101,41,294,1766,4845,316,0,8,4521,2165,78,375,1712
Finland,10707,2023-09,1438,500,0,35,903,3178,1221,383,1574,2281,799,0,77,1405,1916,98,285,1533
Finland,10707,2023-08,2827,931,0,31,1865,2315,148,619,1548,2318,702,0,86,1530,1985,332,309,1344
Finland,10707,2023-07,2959,1508,6,155,1290,1951,69,287,1595,2726,1469,7,102,1148,2382,666,275,1441
Finland,10707,2023-06,7055,600,0,157,6298,2674,72,744,1858,6598,663,0,92,5843,3118,252,1087,1779
Finland,10707,2023-05,4475,328,0,320,3827,2109,55,409,1645,3792,294,0,151,3347,2310,75,635,1600
Finland,10707,2023-04,4459,617,0,60,3782,2472,418,517,1537,5074,368,0,90,4616,2026,181,293,1552
Finland,10707,2023-03,5073,373,0,105,4595,2982,124,557,2301,5028,269,0,79,4680,2876,274,475,2127
Finland,10707,2023-02,4166,568,0,129,3469,2343,126,369,1848,3689,304,0,64,3321,2170,74,388,1708
France,10804,2026-02,746406,285481,2217,12857,445851,77389,23804,13304,40281,737824,276989,4963,12389,443483,80411,23662,14046,42703
France,10804,2026-01,689642,363056,7653,13031,305902,78220,22688,20496,35036,669331,359498,4950,11054,293829,85222,23530,28638,33054
France,10804,2025-12,917784,359337,5975,7709,544763,54202,10262,11544,32396,911884,361492,3144,7632,539616,53215,10094,13451,29670
France,10804,2025-11,770483,360782,3870,6081,399750,55477,13303,10046,32128,792322,388304,5167,4538,394313,57760,14112,13409,30239
France,10804,2025-10,818237,475653,5885,9857,326842,60625,12396,14074,34155,764952,460189,5656,6389,292718,74771,20738,18767,35266
France,10804,2025-09,885941,463957,6826,7111,408047,62444,14177,14690,33577,888192,473620,3368,6067,405137,61089,13925,15923,31241
France,10804,2025-08,760202,411865,4808,5594,337935,47864,9209,10496,28159,756048,407316,4080,5410,339242,51740,11790,11717,28233
France,10804,2025-07,728082,440235,4637,6584,276626,62670,13580,12819,36271,708812,424046,4386,5950,274430,67244,16848,15824,34572
France,10804,2025-06,832964,386982,4221,7042,434719,58087,11912,14111,32064,816857,374326,4050,6725,431756,61111,13571,15563,31977
France,10804,2025-05,885006,488220,4990,5930,385866,55543,12473,14098,28972,876716,478452,4225,5200,388839,60622,10331,21854,28437
France,10804,2025-04,912558,603991,10161,7393,291013,62088,12392,12435,37261,908296,605984,5802,5526,290984,60438,12427,14040,33971
France,10804,2025-03,912966,554101,4831,6203,347831,73705,18570,15468,39667,885604,538170,3182,6368,337884,71037,18193,15339,37505
France,10804,2025-02,751025,454414,4874,5101,286636,55170,16565,12909,25696,748423,452987,6699,4879,283858,56063,17479,13459,25125
France,10804,2025-01,683808,431151,7012,6205,239440,43653,5737,15417,22499,680871,439564,1976,5643,233688,51829,6284,20853,24692
France,10804,2024-12,755337,385505,329,5073,364430,44829,5130,9448,30251,721197,373764,148,5056,342229,44055,5760,9401,28894
France,10804,2024-11,634277,336950,597,5972,290758,41977,3470,11337,27170,627462,332892,502,6893,287175,51206,3898,16184,31124
France,10804,2024-10,678745,455421,313,6349,216662,44544,4908,12506,27130,667840,449695,159,6122,211864,43083,4560,12636,25887
France,10804,2024-09,644395,400105,708,8303,235279,38985,2540,11236,25209,623687,388356,497,7397,227437,41855,2005,15048,24802
France,10804,2024-08,712441,503456,604,8573,199808,35790,3140,9092,23558,698043,489630,1273,8884,198256,36013,3249,9205,23559
France,10804,2024-07,654187,452731,682,12548,188226,47373,4524,12906,29943,644094,462009,872,9443,171770,45377,5684,12038,27655
France,10804,2024-06,626692,396442,859,7344,222047,42736,3562,13059,26115,606346,377990,539,8311,219506,43178,4088,13826,25264
France,10804,2024-05,551114,361906,792,9081,179335,36561,2838,13416,20307,545763,356545,489,8820,179909,40817,3486,16703,20628
France,10804,2024-04,485585,342569,521,10458,132037,38253,1522,16625,20106,489582,341101,623,9813,138045,43397,1555,20587,21255
France,10804,2024-03,497629,336633,744,11168,149084,34499,2302,12732,19465,490094,339297,714,10600,139483,37768,3361,14952,19455
France,10804,2024-02,529797,367778,1412,10437,150170,33333,2361,12977,17995,520438,357343,1273,9054,152768,42002,3036,19782,19184
France,10804,2024-01,523209,378881,793,10107,133428,30825,1783,11876,17166,502790,362382,708,9842,129858,39572,1777,21618,16177
France,10804,2023-12,442828,259017,703,8743,174365,32220,2540,9028,20652,446444,264181,415,8803,173045,31985,1552,11868,18565
France,10804,2023-11,647000,454881,475,10235,181409,27865,1132,7715,19018,602416,409818,425,10061,182112,32053,1225,8203,22625
France,10804,2023-10,540909,413174,898,9074,117763,33289,1307,9959,22023,531472,403483,1919,8793,117277,36755,2904,12098,21753
France,10804,2023-09,472339,313307,660,8659,149713,29905,1826,6361,21718,470241,312966,421,8864,147990,25967,1143,7104,17720
France,10804,2023-08,478212,270134,762,7829,199487,23198,1320,6685,15193,481654,275221,513,8034,197886,24883,1427,7818,15638
France,10804,2023-07,436198,278779,1233,10330,145856,19007,1206,5626,12175,428638,275452,768,9430,142988,22544,1848,6976,13720
France,10804,2023-06,565063,387151,513,10022,167377,28798,1564,8413,18821,526366,347653,577,10363,167773,30694,1518,10464,18712
France,10804,2023-05,541420,358233,683,10497,172007,26935,1948,6654,18333,551405,367275,824,10299,173007,25396,1514,6793,17089
France,10804,2023-04,419181,302340,2432,8536,105873,23970,1787,5110,17073,390206,275317,480,8359,106050,26374,867,5114,20393
France,10804,2023-03,442469,267829,1138,12081,161421,33002,1513,8504,22985,429016,261254,420,11567,155775,33861,2265,8887,22709
France,10804,2023-02,346978,184803,1071,11624,149480,29730,2625,9150,17955,361338,197041,361,11732,152204,31062,1520,10347,19195
Germany,11002,2026-02,191128,46637,359,10789,133343,56055,7332,3595,45128,173137,47060,300,7605,118172,57029,8991,3937,44101
Germany,11002,2026-01,159367,39055,540,8149,111623,59359,8115,9675,41569,147918,37964,196,6414,103344,58425,9030,10040,39355
Germany,11002,2025-12,147831,38010,182,7794,101845,48597,10785,2749,35063,153597,40037,216,5938,107406,49729,10581,3001,36147
Germany,11002,2025-11,125895,42093,1492,8298,74012,49863,8130,3340,38393,125358,44282,202,6477,74397,51317,8862,3940,38515
Germany,11002,2025-10,133089,51658,134,6844,74453,50006,9300,4209,36497,136351,54067,134,6396,75754,47372,10560,4486,32326
Germany,11002,2025-09,135558,61705,377,7715,65761,52055,10814,5479,35762,129479,53816,441,6543,68679,47686,9719,4954,33013
Germany,11002,2025-08,112851,40560,184,5719,66388,46553,8905,3121,34527,115302,44498,193,5372,65239,44639,10594,3903,30142
Germany,11002,2025-07,105167,40542,180,6591,57854,43755,7793,4390,31572,100752,36887,285,5948,57632,42555,7603,3901,31051
Germany,11002,2025-06,104437,34829,467,6447,62694,50910,8239,4668,38003,103713,36360,96,5943,61314,48407,8486,4286,35635
Germany,11002,2025-05,104387,34690,306,7953,61438,42114,5607,3932,32575,108478,38777,241,5709,63751,46072,6373,3846,35853
Germany,11002,2025-04,127397,49800,373,7483,69741,52515,8232,4245,40038,127375,52711,225,6394,68045,50990,8648,3315,39027
Germany,11002,2025-03,120153,42885,340,7683,69245,61426,6527,7302,47597,108571,39621,341,5339,63270,58943,6192,7806,44945
Germany,11002,2025-02,110274,42781,228,6525,60740,38604,7278,2997,28329,115679,40238,174,5629,69638,40316,7454,3508,29354
Germany,11002,2025-01,107445,40989,309,8285,57862,34695,6757,4156,23782,104828,39048,322,10500,54958,35520,6762,4672,24086
Germany,11002,2024-12,94586,22522,180,4766,67118,31349,5166,3544,22639,85885,20933,104,4138,60710,33064,4388,2659,26017
Germany,11002,2024-11,96231,27899,294,5650,62388,31639,4848,2617,24174,99596,27734,158,6181,65523,35237,4487,3632,27118
Germany,11002,2024-10,102062,36795,353,6369,58545,31927,4767,5012,22148,105131,37363,201,6374,61193,34104,5532,7611,20961
Germany,11002,2024-09,89590,36897,250,6852,45591,34317,9096,3238,21983,82091,33074,346,5056,43615,31461,6333,3149,21979
Germany,11002,2024-08,90685,36574,246,6297,47568,27686,5787,2042,19857,98128,45943,154,4852,47179,27553,5321,2597,19635
Germany,11002,2024-07,92939,38962,162,7072,46743,37595,15503,3806,18286,84101,31307,149,4698,47947,40426,16269,3816,20341
Germany,11002,2024-06,89578,31594,390,5795,51799,39444,16912,4035,18497,88522,31034,168,6304,51016,41356,17705,2850,20801
Germany,11002,2024-05,59573,15383,245,4734,39211,36983,13318,3067,20598,80486,17137,538,13043,49768,43058,14488,5646,22924
Germany,11002,2024-04,79573,28851,153,4995,45574,34669,8306,6854,19509,78246,29622,134,3334,45156,40279,9793,7433,23053
Germany,11002,2024-03,79405,27172,136,4768,47329,33230,9273,3124,20833,78504,26585,72,3719,48128,32396,8655,3242,20499
Germany,11002,2024-02,86235,36980,194,4985,44076,33052,9801,4970,18281,83398,35888,86,3941,43483,35484,11621,5324,18539
Germany,11002,2024-01,78445,33284,131,4253,40777,27091,5635,3651,17805,72951,28963,109,3633,40246,27139,5800,3481,17858
Germany,11002,2023-12,73655,21758,321,3715,47861,25327,2334,2613,20380,71951,21989,118,3260,46584,23479,2070,2678,18731
Germany,11002,2023-11,55929,31101,122,4252,20454,25528,3189,4648,17691,58809,33259,115,3724,21711,24297,3744,2257,18296
Germany,11002,2023-10,52628,24015,144,3608,24861,25496,4813,2396,18287,49271,19332,143,3377,26419,24966,5181,2162,17623
Germany,11002,2023-09,45847,21749,109,3347,20642,22777,3961,2613,16203,43925,22292,88,2666,18879,26955,3491,7415,16049
Germany,11002,2023-08,48671,23228,251,3333,21859,19133,1234,1421,16478,50355,23152,58,2812,24333,17848,1544,1659,14645
Germany,11002,2023-07,43842,17689,175,4263,21715,18891,2332,3489,13070,40838,15138,89,3687,21924,20049,2247,3669,14133
Germany,11002,2023-06,54744,18372,371,4365,31636,26537,3576,5316,17645,42755,16069,278,4526,21882,28414,3052,6131,19231
Germany,11002,2023-05,46758,19514,221,5540,21483,24604,4228,2555,17821,53494,18914,134,4218,30228,22669,4207,2352,16110
Germany,11002,2023-04,42213,21717,134,4050,16312,25807,6004,2213,17590,41259,20956,331,3939,16033,23517,5331,1705,16481
Germany,11002,2023-03,51295,23726,271,5564,21734,35803,11830,3564,20409,48035,21750,181,4421,21683,33207,9434,5318,18455
Germany,11002,2023-02,49479,22765,111,4803,21800,28456,9235,2892,16329,46379,19490,186,4847,21856,25821,8979,2545,14297
Greece,11207,2026-02,364,175,0,26,163,1517,42,92,1383,616,295,0,4,317,1194,41,88,1065
Greece,11207,2026-01,625,274,0,25,326,1688,99,90,1499,504,248,0,6,250,1619,388,54,1177
Greece,11207,2025-12,710,384,0,5,321,1456,162,28,1266,864,554,0,5,305,1252,160,60,1032
Greece,11207,2025-11,764,438,0,2,324,993,54,106,833,768,434,0,11,323,1115,92,133,890
Greece,11207,2025-10,824,479,0,36,309,1464,239,123,1102,734,476,0,3,255,1196,113,102,981
Greece,11207,2025-09,828,586,0,17,225,1053,25,81,947,661,417,1,14,229,762,30,34,698
Greece,11207,2025-08,572,356,0,4,212,1256,201,38,1017,778,403,0,1,374,926,67,20,839
Greece,11207,2025-07,653,340,0,9,304,1405,60,89,1256,398,277,0,2,119,1296,100,113,1083
Greece,11207,2025-06,399,281,0,4,114,855,4,58,793,588,451,0,32,105,1046,106,180,760
Greece,11207,2025-05,634,478,0,7,149,818,189,52,577,507,330,0,6,171,781,142,46,593
Greece,11207,2025-04,545,389,0,9,147,860,95,98,667,552,398,0,14,140,936,92,131,713
Greece,11207,2025-03,505,358,0,6,141,974,45,95,834,625,421,0,14,190,1368,135,61,1172
Greece,11207,2025-02,471,320,0,20,131,791,129,112,550,503,341,0,11,151,957,209,65,683
Greece,11207,2025-01,475,260,0,7,208,594,184,16,394,508,301,0,9,198,1130,519,117,494
Greece,11207,2024-12,538,403,0,6,129,434,46,25,363,442,305,0,9,128,947,292,85,570
Greece,11207,2024-11,740,514,0,18,208,657,130,29,498,789,598,0,11,180,512,29,81,402
Greece,11207,2024-10,514,386,1,11,116,830,42,48,740,402,272,0,3,127,968,38,127,803
Greece,11207,2024-09,482,306,1,34,141,662,89,36,537,484,354,0,1,129,662,136,62,464
Greece,11207,2024-08,337,253,0,6,78,549,51,40,458,389,303,0,12,74,624,30,90,504
Greece,11207,2024-07,581,339,0,6,236,742,124,45,573,509,359,0,11,139,791,59,184,548
Greece,11207,2024-06,243,172,0,5,66,841,216,17,608,285,194,0,8,83,924,90,82,752
Greece,11207,2024-05,319,197,0,8,114,727,298,43,386,398,285,0,12,101,1101,469,66,566
Greece,11207,2024-04,372,266,0,13,93,712,306,6,400,264,153,0,7,104,656,18,61,577
Greece,11207,2024-03,318,225,0,23,70,736,272,28,436,342,254,0,20,68,1216,146,83,987
Greece,11207,2024-02,458,324,0,18,116,621,216,16,389,258,167,0,4,87,1583,800,65,718
Greece,11207,2024-01,568,385,0,5,178,482,194,18,270,506,318,0,2,186,774,249,133,392
Greece,11207,2023-12,163,69,0,8,86,563,256,7,300,266,175,0,0,91,452,22,51,379
Greece,11207,2023-11,310,170,0,14,126,546,57,12,477,285,172,0,6,107,956,5,37,914
Greece,11207,2023-10,358,287,0,5,66,341,24,11,306,406,298,0,3,105,397,4,64,329
Greece,11207,2023-09,350,278,0,2,70,723,41,12,670,250,184,0,1,65,564,6,2,556
Greece,11207,2023-08,311,228,0,1,82,434,50,9,375,476,357,0,1,118,361,25,16,320
Greece,11207,2023-07,339,206,0,1,132,431,116,9,306,451,366,0,7,78,594,194,8,392
Greece,11207,2023-06,773,653,0,7,113,533,43,25,465,255,140,0,3,112,547,71,16,460
Greece,11207,2023-05,1147,654,0,9,484,660,202,3,455,419,337,1,7,74,889,406,9,474
Greece,11207,2023-04,309,251,0,1,57,498,108,15,375,720,658,0,1,61,802,538,11,253
Greece,11207,2023-03,408,316,0,3,89,667,90,47,530,514,438,0,5,71,608,92,7,509
Greece,11207,2023-02,603,560,0,2,41,463,97,24,342,299,236,0,2,61,546,107,9,430
Ireland,11401,2026-02,259776,57472,2225,27916,172163,196240,1726,6799,187715,239051,57894,1466,22962,156729,197586,1691,6333,189562
Ireland,11401,2026-01,218425,54013,7686,23149,133577,188522,1680,6760,180082,189473,53583,1632,18136,116122,187146,1653,6548,178945
Ireland,11401,2025-12,287940,71531,9855,20073,186481,219997,898,5589,213510,274984,70988,4140,16752,183104,228117,949,5655,221513
Ireland,11401,2025-11,243537,51089,4725,22568,165155,182217,1542,6683,173992,240242,50619,3794,17476,168353,178553,1359,7869,169325
Ireland,11401,2025-10,232388,64276,6669,26322,135120,190626,1792,6931,181903,206970,63826,4197,18801,120146,186696,1804,8583,176309
Ireland,11401,2025-09,251805,56178,4255,24198,167174,177201,833,5175,171193,223485,51481,1501,20081,150421,181772,820,6417,174535
Ireland,11401,2025-08,188806,48076,1679,17928,121123,173951,796,4570,168585,169783,47542,1090,14872,106279,177299,847,5919,170533
Ireland,11401,2025-07,180264,56518,2645,21204,99897,177276,743,7440,169093,159003,51611,2117,17371,87904,179645,807,7432,171406
Ireland,11401,2025-06,244071,68799,1675,18400,155197,177556,594,6008,170954,235128,69520,1298,14470,149840,185977,618,7544,177815
Ireland,11401,2025-05,207982,70058,2362,21379,114183,137883,622,5561,131700,195243,68232,2756,19393,104862,142954,529,5940,136485
Ireland,11401,2025-04,179961,56525,3051,20527,99858,159363,1089,6537,151737,179681,54865,4582,22617,97617,162187,1203,7476,153508
Ireland,11401,2025-03,226956,59478,2738,21412,143328,188204,956,6090,181158,215832,59876,2666,16026,137264,193142,1172,6676,185294
Ireland,11401,2025-02,193955,55213,2403,17275,119064,139292,790,5788,132714,189943,58545,5474,13363,112561,139445,734,6584,132127
Ireland,11401,2025-01,170228,52030,1914,18536,97748,141853,569,4943,136341,155866,53673,2601,15940,83652,144405,633,6901,136871
Ireland,11401,2024-12,225842,64712,3173,15476,142481,156216,399,4610,151207,196134,65695,1323,13846,115270,155370,422,6279,148669
Ireland,11401,2024-11,216028,47835,1917,16299,149977,155439,648,5278,149513,183862,45590,2347,17183,118742,156198,622,6027,149549
Ireland,11401,2024-10,181710,54591,4057,21968,101094,137949,1505,8141,128303,202064,80271,2698,25475,93620,135079,1497,5851,127731
Ireland,11401,2024-09,201066,65564,7341,20254,107907,144430,955,7897,135578,179615,65982,4993,14084,94556,150248,1032,9398,139818
Ireland,11401,2024-08,176680,56647,2806,17545,99682,119437,505,4620,114312,152581,52671,2073,11469,86368,121940,603,4860,116477
Ireland,11401,2024-07,153927,47188,1707,18772,86260,141218,251,6570,134397,134546,49715,2520,10824,71487,145532,230,6180,139122
Ireland,11401,2024-06,156089,34420,2295,15859,103515,152805,6,4712,148087,136427,33897,1664,12073,88793,153327,189,6058,147080
Ireland,11401,2024-05,163799,57390,2325,15239,88845,140883,23,6308,134552,153098,51890,3355,11631,86222,145537,79,10142,135316
Ireland,11401,2024-04,140956,60483,1769,16297,62407,123860,98,7614,116148,136581,59848,4683,12514,59536,124455,138,9084,115233
Ireland,11401,2024-03,150578,35561,9010,18198,87809,158298,67,5290,152941,131299,32454,1582,15373,81890,162127,48,7334,154745
Ireland,11401,2024-02,137045,36017,1273,16825,82930,106538,28,4669,101841,130639,29813,6176,12906,81744,111139,12,5270,105857
Ireland,11401,2024-01,143636,56614,3703,14160,69159,102247,102,6353,95792,130954,57785,2680,11451,59038,102857,181,7541,95135
Ireland,11401,2023-12,149222,55482,1680,11332,80727,111569,39,6032,105498,136763,55365,1165,10005,70228,106712,21,6519,100172
Ireland,11401,2023-11,158160,63053,1695,12610,80802,79775,55,3974,75746,143487,58718,2434,10789,71546,86603,49,3988,82566
Ireland,11401,2023-10,128571,61628,1632,11087,54224,99230,74,4580,94576,121235,58986,1901,10193,50155,91763,83,4376,87304
Ireland,11401,2023-09,111900,41225,6686,10062,53927,85116,5,4150,80961,100904,40169,2340,8966,49429,86649,25,5178,81446
Ireland,11401,2023-08,113302,39602,6175,11386,56139,75369,96,2860,72413,100497,36900,5814,9266,48517,77232,28,3010,74194
Ireland,11401,2023-07,110358,44020,3831,11719,50788,67610,25,4812,62773,106307,48468,2492,8787,46560,66637,25,4328,62284
Ireland,11401,2023-06,153240,62916,7187,11656,71481,79491,15,5024,74452,142367,58743,2923,10400,70301,81944,32,5740,76172
Ireland,11401,2023-05,144317,64190,11296,13475,55356,68078,123,3754,64201,141133,66339,6769,11538,56487,71697,6,3562,68129
Ireland,11401,2023-04,138306,73189,9549,11170,44398,64475,55,4061,60359,125173,71283,3341,10223,40326,63612,81,3779,59752
Ireland,11401,2023-03,190012,91886,8933,13269,75924,119757,142,6403,113212,172086,90968,7030,12464,61624,108368,95,5819,102454
Ireland,11401,2023-02,147673,75247,6445,12890,53091,71211,37,4804,66370,145108,71940,6194,11114,55860,71342,66,4787,66489
Italy,11509,2026-02,132799,119043,2,893,12861,24959,10091,1829,13039,134122,119695,1,827,13599,24528,9987,2023,12518
Italy,11509,2026-01,127895,114230,12,792,12861,25016,11515,2980,10521,126362,112725,35,624,12978,23652,11784,2271,9597
Italy,11509,2025-12,147949,135190,43,774,11942,17533,6131,1420,9982,150817,137619,45,1717,11436,18212,6400,1170,10642
Italy,11509,2025-11,125064,112102,3,964,11995,16149,3802,1616,10731,123409,110641,3,558,12207,16282,4900,1516,9866
Italy,11509,2025-10,127273,112808,14,871,13580,18316,4147,1814,12355,126701,111866,18,1346,13471,17874,5243,2050,10581
Italy,11509,2025-09,97927,86080,6,893,10948,24728,9996,2662,12070,95821,84497,24,970,10330,22779,9625,1946,11208
Italy,11509,2025-08,103836,94338,18,670,8810,14206,3436,1459,9311,101455,91969,0,467,9019,13834,2961,1576,9297
Italy,11509,2025-07,118627,106884,33,1558,10152,19766,7460,2328,9978,116895,105457,4,1216,10218,20439,7656,2688,10095
Italy,11509,2025-06,75614,64066,9,2087,9452,16719,4221,2471,10027,75840,65560,18,1106,9156,17116,5122,2258,9736
Italy,11509,2025-05,82691,71908,41,954,9788,19547,6777,3939,8831,81412,70931,2,1059,9420,20980,6207,5146,9627
Italy,11509,2025-04,113548,100443,31,2009,11065,22808,9761,3173,9874,109390,98298,25,2119,8948,20621,9004,2921,8696
Italy,11509,2025-03,137911,127449,14,1242,9206,25740,9669,2056,14015,138122,127437,24,723,9938,24516,8870,1898,13748
Italy,11509,2025-02,123448,113045,9,756,9638,19436,9535,2714,7187,122945,112099,0,430,10416,20585,9368,3124,8093
Italy,11509,2025-01,50267,39933,22,513,9799,18510,11012,1455,6043,51472,41260,7,550,9655,19065,10865,1431,6769
Italy,11509,2024-12,49179,36718,99,2045,10317,16382,8186,1591,6605,44995,33398,158,680,10759,18187,9275,1350,7562
Italy,11509,2024-11,56160,44230,20,582,11328,19797,11258,1906,6633,54136,42327,11,707,11091,21581,12002,1894,7685
Italy,11509,2024-10,45895,37041,22,635,8197,26919,18748,1883,6288,45592,35892,11,688,9001,28356,19397,1734,7225
Italy,11509,2024-09,34792,26485,6,1175,7126,22724,15283,1930,5511,34244,26391,2,392,7459,21522,14520,1788,5214
Italy,11509,2024-08,40675,33408,9,405,6853,16428,10112,1457,4859,39923,32710,19,219,6975,16344,10042,1380,4922
Italy,11509,2024-07,47286,35978,10,1882,9416,13405,6290,1665,5450,45760,35406,1,216,10137,13885,6501,1613,5771
Italy,11509,2024-06,36193,26774,27,517,8875,11537,1857,2415,7265,36368,25441,4,1547,9376,10168,1588,1812,6768
Italy,11509,2024-05,37545,28252,26,719,8548,10529,2020,2382,6127,37017,27743,14,279,8981,14405,2969,3901,7535
Italy,11509,2024-04,47550,35216,1,1194,11139,8058,750,1834,5474,40763,31393,32,406,8932,10539,1396,2303,6840
Italy,11509,2024-03,31497,21812,14,549,9122,9370,1613,1848,5909,33166,22930,1,370,9865,10989,1955,1961,7073
Italy,11509,2024-02,37098,28025,21,979,8073,8568,1130,1812,5626,36686,28004,6,294,8382,8947,1807,2032,5108
Italy,11509,2024-01,38960,29567,3,481,8909,8154,1538,2093,4523,38590,29036,1,298,9255,7959,1341,2112,4506
Italy,11509,2023-12,26327,16512,3,764,9048,8444,983,1825,5636,26269,16260,1,297,9711,7778,598,1631,5549
Italy,11509,2023-11,14402,4621,210,457,9114,8184,2006,1626,4552,14474,5212,191,473,8598,8692,1524,2662,4506
Italy,11509,2023-10,15926,7101,45,746,8034,6131,1010,1021,4100,16340,7707,132,293,8208,7206,2063,995,4148
Italy,11509,2023-09,15192,6825,2,334,8031,7086,1004,1337,4745,15093,6564,2,305,8222,7280,1688,1315,4277
Italy,11509,2023-08,12779,4500,26,325,7928,6642,1108,1131,4403,12548,4312,3,205,8028,6790,1272,906,4612
Italy,11509,2023-07,12560,3202,17,434,8907,6281,1356,1336,3589,16090,5627,31,369,10063,7815,2247,1213,4355
Italy,11509,2023-06,19052,6644,5,834,11569,8771,1466,1728,5577,15201,4697,3,644,9857,10349,2262,2816,5271
Italy,11509,2023-05,16467,6296,6,555,9610,10071,4978,899,4194,15611,5422,5,297,9887,9832,4586,1149,4097
Italy,11509,2023-04,15452,8081,9,405,6957,10258,5238,883,4137,15013,5298,8,247,9460,9159,4774,948,3437
Italy,11509,2023-03,17600,7303,21,539,9737,12156,4884,1429,5843,18173,8335,3,261,9574,12233,5274,1664,5295
Italy,11509,2023-02,15441,6751,30,567,8093,13003,5678,2470,4855,16186,7380,23,459,8324,13327,6049,2481,4797
Luxembourg,11703,2026-02,289686,104403,9339,32168,143776,48185,357,8553,39275,296886,117257,7594,24476,147559,51373,113,8864,42396
Luxembourg,11703,2026-01,254562,103417,12856,25966,112323,49060,132,5641,43287,243489,98454,8433,25121,111481,48275,335,5870,42070
Luxembourg,11703,2025-12,245148,108134,11328,22857,102829,46447,26,5580,40841,242144,105314,6595,21290,108945,50445,137,5588,44720
Luxembourg,11703,2025-11,260037,99632,8155,29769,122481,39528,57,5644,33827,260726,98697,7600,24068,130361,40985,52,5928,35005
Luxembourg,11703,2025-10,267565,116997,12888,26224,111456,47432,298,8168,38966,263116,116795,7041,23223,116057,43746,245,8377,35124
Luxembourg,11703,2025-09,271664,115854,15933,26594,113283,38794,83,7031,31680,250664,105016,8888,22206,114554,43539,44,6839,36656
Luxembourg,11703,2025-08,228621,87016,8819,22276,110510,39966,281,6771,32914,198617,71877,5111,19397,102232,46942,467,11191,35284
Luxembourg,11703,2025-07,208689,73247,7741,24754,102947,44730,22,9791,34917,204201,72882,4664,20597,106058,43823,100,9229,34494
Luxembourg,11703,2025-06,223535,78448,5813,25008,114266,35774,98,4906,30770,217804,81805,4698,26092,105209,36263,87,5952,30224
Luxembourg,11703,2025-05,222730,78293,8479,32829,103129,41298,114,7152,34032,204978,74597,3632,26408,100341,40925,18,6742,34165
Luxembourg,11703,2025-04,235356,88611,7494,37313,101938,46588,34,5986,40568,238773,96052,7739,31242,103740,46164,107,6332,39725
Luxembourg,11703,2025-03,204594,43288,8860,45410,107036,46956,489,6448,40019,216685,47083,5411,21767,142424,47525,603,6315,40607
Luxembourg,11703,2025-02,207026,51491,4764,25736,125035,37235,390,6417,30428,197062,47288,4506,32248,113020,38653,276,7715,30662
Luxembourg,11703,2025-01,145601,28017,1850,22704,93030,33619,1,6932,26686,146436,30251,2103,19900,94182,32822,58,7150,25614
Luxembourg,11703,2024-12,143266,23939,3819,20629,94879,35620,3,6299,29318,135881,23994,1358,19437,91092,39362,20,6163,33179
Luxembourg,11703,2024-11,177954,44242,3439,18819,111454,52558,79,5536,46943,183422,48260,2755,20655,111752,56573,56,5282,51235
Luxembourg,11703,2024-10,186300,60061,7135,36254,82850,51345,6,18510,32829,167695,54958,1889,21946,88902,48772,58,17517,31197
Luxembourg,11703,2024-09,172543,48731,3896,37335,82581,36144,51,8050,28043,165228,47596,1871,34614,81147,41772,365,11982,29425
Luxembourg,11703,2024-08,162144,45883,3860,20174,92227,31727,108,6767,24852,166870,43982,2688,31143,89056,30899,76,6090,24733
Luxembourg,11703,2024-07,148407,39082,3505,20118,85702,36767,1,5425,31341,144146,42019,2031,15052,85044,36056,67,7589,28400
Luxembourg,11703,2024-06,137129,34313,2328,17639,82849,30581,7,6064,24510,148989,32123,1596,29120,86150,32358,4,7334,25020
Luxembourg,11703,2024-05,126647,23239,1453,32941,69014,29857,17,6165,23675,108394,20485,1387,15642,70880,35044,117,7497,27430
Luxembourg,11703,2024-04,129215,41724,3367,16534,67589,38836,195,6408,32233,126334,39236,1846,14644,70608,39391,180,6935,32276
Luxembourg,11703,2024-03,134580,32878,2784,21733,77185,28483,29,6401,22053,124836,29336,1948,17075,76476,28751,48,7115,21588
Luxembourg,11703,2024-02,142081,36056,3817,22425,79783,29542,24,6289,23229,127128,29581,2300,15699,79548,34682,154,8461,26067
Luxembourg,11703,2024-01,137750,47989,2031,16729,71001,33853,6,7985,25862,123681,38337,1643,15810,67891,36746,3,8330,28413
Luxembourg,11703,2023-12,117275,33387,1784,14190,67914,28731,5,5349,23377,119548,31043,1592,12037,74876,31446,5,5623,25818
Luxembourg,11703,2023-11,138765,50271,6410,20094,61990,24629,204,5422,19003,125926,42465,4989,15970,62502,25483,219,5068,20196
Luxembourg,11703,2023-10,113725,36879,6803,15500,54543,27067,292,4720,22055,142327,53800,5546,18250,64731,26474,149,4538,21787
Luxembourg,11703,2023-09,123163,43220,5939,17162,56842,24187,96,8247,15844,118452,35378,5433,16018,61623,27718,0,9136,18582
Luxembourg,11703,2023-08,160137,51250,6972,29528,72387,26166,8,5291,20867,138221,43716,6168,15039,73298,26033,27,5316,20690
Luxembourg,11703,2023-07,154507,53668,6761,17426,76652,25690,85,3948,21657,135363,41215,6322,15423,72403,26159,354,3993,21812
Luxembourg,11703,2023-06,161659,36249,6682,26781,91947,24723,43,5088,19592,159600,42269,11243,21787,84301,24206,10,4898,19298
Luxembourg,11703,2023-05,137699,36173,6889,23221,71416,26173,31,5639,20503,143420,34430,13383,18009,77598,31383,1341,6399,23643
Luxembourg,11703,2023-04,139284,53952,10875,20650,53807,21911,2,4408,17501,138278,50277,9727,18259,60015,21806,42,4587,17177
Luxembourg,11703,2023-03,172944,48782,11436,22923,89803,25752,487,6638,18627,172770,54547,9862,20854,87507,24915,34,7415,17466
Luxembourg,11703,2023-02,173500,59216,9419,27843,77021,22225,540,7954,13731,157147,48876,7269,21195,79807,22875,134,9366,13375
Monaco,12009,2026-02,531,n.a.,n.a.,n.a.,n.a.,1,0,0,1,465,n.a.,n.a.,n.a.,n.a.,1,0,0,1
Monaco,12009,2026-01,375,n.a.,n.a.,n.a.,n.a.,1,0,0,1,287,n.a.,n.a.,n.a.,n.a.,1,0,0,1
Monaco,12009,2025-12,430,n.a.,n.a.,n.a.,n.a.,1,0,0,1,400,n.a.,n.a.,n.a.,n.a.,1,0,0,1
Monaco,12009,2025-11,571,n.a.,n.a.,n.a.,n.a.,1,0,0,1,540,n.a.,n.a.,n.a.,n.a.,1,0,0,1
Monaco,12009,2025-10,600,n.a.,n.a.,n.a.,n.a.,1,0,0,1,529,n.a.,n.a.,n.a.,n.a.,0,0,0,0
Monaco,12009,2025-09,313,n.a.,n.a.,n.a.,n.a.,2,0,0,2,273,n.a.,n.a.,n.a.,n.a.,0,0,0,0
Monaco,12009,2025-08,404,n.a.,n.a.,n.a.,n.a.,1,0,0,1,421,n.a.,n.a.,n.a.,n.a.,1,0,0,1
Monaco,12009,2025-07,322,n.a.,n.a.,n.a.,n.a.,2,0,0,2,349,n.a.,n.a.,n.a.,n.a.,2,0,0,2
Monaco,12009,2025-06,292,n.a.,n.a.,n.a.,n.a.,1,0,0,1,331,n.a.,n.a.,n.a.,n.a.,2,0,0,2
Monaco,12009,2025-05,274,n.a.,n.a.,n.a.,n.a.,2,0,0,2,315,n.a.,n.a.,n.a.,n.a.,2,0,0,2
Monaco,12009,2025-04,557,n.a.,n.a.,n.a.,n.a.,0,0,0,0,447,n.a.,n.a.,n.a.,n.a.,0,0,0,0
Monaco,12009,2025-03,544,n.a.,n.a.,n.a.,n.a.,0,0,0,0,451,n.a.,n.a.,n.a.,n.a.,0,0,0,0
Monaco,12009,2025-02,454,n.a.,n.a.,n.a.,n.a.,0,0,0,0,475,n.a.,n.a.,n.a.,n.a.,0,0,0,0
Monaco,12009,2025-01,402,n.a.,n.a.,n.a.,n.a.,0,0,0,0,280,n.a.,n.a.,n.a.,n.a.,0,0,0,0
Monaco,12009,2024-12,310,n.a.,n.a.,n.a.,n.a.,0,0,0,0,205,n.a.,n.a.,n.a.,n.a.,0,0,0,0
Monaco,12009,2024-11,450,n.a.,n.a.,n.a.,n.a.,1,0,1,0,296,n.a.,n.a.,n.a.,n.a.,1,0,1,0
Monaco,12009,2024-10,286,n.a.,n.a.,n.a.,n.a.,40,0,0,40,407,n.a.,n.a.,n.a.,n.a.,37,0,0,37
Monaco,12009,2024-09,220,n.a.,n.a.,n.a.,n.a.,44,0,0,44,209,n.a.,n.a.,n.a.,n.a.,46,0,0,46
Monaco,12009,2024-08,380,n.a.,n.a.,n.a.,n.a.,45,0,0,45,323,n.a.,n.a.,n.a.,n.a.,61,0,0,61
Monaco,12009,2024-07,494,n.a.,n.a.,n.a.,n.a.,102,0,0,102,365,n.a.,n.a.,n.a.,n.a.,90,0,0,90
Monaco,12009,2024-06,255,n.a.,n.a.,n.a.,n.a.,312,0,0,312,411,n.a.,n.a.,n.a.,n.a.,331,0,0,331
Monaco,12009,2024-05,543,n.a.,n.a.,n.a.,n.a.,268,0,0,268,647,n.a.,n.a.,n.a.,n.a.,252,0,0,252
Monaco,12009,2024-04,516,n.a.,n.a.,n.a.,n.a.,81,0,0,81,580,n.a.,n.a.,n.a.,n.a.,88,0,0,88
Monaco,12009,2024-03,403,n.a.,n.a.,n.a.,n.a.,74,0,0,74,806,n.a.,n.a.,n.a.,n.a.,58,0,0,58
Monaco,12009,2024-02,364,n.a.,n.a.,n.a.,n.a.,136,0,0,136,264,n.a.,n.a.,n.a.,n.a.,134,0,0,134
Monaco,12009,2024-01,235,n.a.,n.a.,n.a.,n.a.,77,0,0,77,192,n.a.,n.a.,n.a.,n.a.,83,0,0,83
Monaco,12009,2023-12,219,n.a.,n.a.,n.a.,n.a.,0,0,0,0,221,n.a.,n.a.,n.a.,n.a.,0,0,0,0
Monaco,12009,2023-11,196,n.a.,n.a.,n.a.,n.a.,50,0,0,50,204,n.a.,n.a.,n.a.,n.a.,58,0,0,58
Monaco,12009,2023-10,1163,n.a.,n.a.,n.a.,n.a.,55,0,0,55,1108,n.a.,n.a.,n.a.,n.a.,57,0,0,57
Monaco,12009,2023-09,460,n.a.,n.a.,n.a.,n.a.,12,0,1,11,404,n.a.,n.a.,n.a.,n.a.,12,0,3,9
Monaco,12009,2023-08,163,n.a.,n.a.,n.a.,n.a.,92,0,1,91,154,n.a.,n.a.,n.a.,n.a.,83,0,2,81
Monaco,12009,2023-07,157,n.a.,n.a.,n.a.,n.a.,21,0,5,16,172,n.a.,n.a.,n.a.,n.a.,14,0,5,9
Monaco,12009,2023-06,331,n.a.,n.a.,n.a.,n.a.,100,0,0,100,283,n.a.,n.a.,n.a.,n.a.,87,0,0,87
Monaco,12009,2023-05,354,n.a.,n.a.,n.a.,n.a.,43,0,0,43,393,n.a.,n.a.,n.a.,n.a.,62,0,8,54
Monaco,12009,2023-04,209,n.a.,n.a.,n.a.,n.a.,33,0,1,32,225,n.a.,n.a.,n.a.,n.a.,33,0,1,32
Monaco,12009,2023-03,277,n.a.,n.a.,n.a.,n.a.,53,0,0,53,332,n.a.,n.a.,n.a.,n.a.,43,0,0,43
Monaco,12009,2023-02,180,n.a.,n.a.,n.a.,n.a.,77,0,0,77,196,n.a.,n.a.,n.a.,n.a.,76,0,0,76
Netherlands,12106,2026-02,63914,21853,462,7871,33728,100867,1188,10381,89298,69463,26766,1319,6025,35353,99453,1209,10880,87364
Netherlands,12106,2026-01,62194,22790,399,5366,33639,113916,1705,11401,100810,64750,17868,1617,5130,40135,112386,1654,13365,97367
Netherlands,12106,2025-12,186352,148411,261,3949,33731,101080,1692,8695,90693,198662,159752,541,3033,35336,101435,1515,9370,90550
Netherlands,12106,2025-11,143328,96360,499,6692,39777,108341,257,9961,98123,146138,98258,1602,5368,40910,106477,553,10213,95711
Netherlands,12106,2025-10,152068,112243,564,4702,34559,124071,477,14019,109575,155823,111213,1552,4757,38301,119439,516,14502,104421
Netherlands,12106,2025-09,97179,50826,280,5798,40275,113324,358,22291,90675,99150,50800,1761,6669,39920,118156,469,27085,90602
Netherlands,12106,2025-08,54029,17935,355,4239,31500,79386,371,10511,68504,59321,21754,1354,4199,32014,80480,466,11510,68504
Netherlands,12106,2025-07,65167,26997,127,6799,31244,87725,519,13170,74036,61526,23503,1997,5962,30064,86296,368,12364,73564
Netherlands,12106,2025-06,72006,22978,487,5259,43282,82807,1522,13976,67309,73984,20965,635,5979,46405,83832,1621,14181,68030
Netherlands,12106,2025-05,83971,27760,427,8271,47513,81235,1534,20920,58781,66002,31674,553,6751,27024,82977,1420,23673,57884
Netherlands,12106,2025-04,79430,30532,709,6215,41974,82433,1266,9795,71372,83096,34239,1025,5535,42297,76401,1295,9756,65350
Netherlands,12106,2025-03,105849,26757,698,6505,71889,83196,1614,12391,69191,97271,20616,1055,5913,69687,81947,2163,11921,67863
Netherlands,12106,2025-02,69391,17336,2579,6960,42516,66743,1840,8800,56103,67034,15098,2149,5431,44356,69953,1951,9495,58507
Netherlands,12106,2025-01,71307,19226,2036,6764,43281,70807,1396,8682,60729,67105,17400,1866,6346,41493,71437,1219,10609,59609
Netherlands,12106,2024-12,56767,7289,1525,4092,43861,68951,1723,7255,59973,64570,11269,1275,4024,48002,72700,1994,7682,63024
Netherlands,12106,2024-11,101059,28665,1918,5571,64904,70122,906,7302,61914,83121,24814,1344,5141,51822,70797,1018,6977,62802
Netherlands,12106,2024-10,80573,17783,1870,4658,56262,78071,2640,11677,63754,95165,20536,1595,5832,67202,71876,1749,8949,61178
Netherlands,12106,2024-09,106176,13232,1049,7288,84607,69377,958,12291,56128,83869,6980,1124,6310,69455,69154,852,11982,56320
Netherlands,12106,2024-08,67209,6724,1307,6636,52542,65857,887,8072,56898,63703,5240,1474,4622,52367,65107,783,8377,55947
Netherlands,12106,2024-07,67337,6814,1158,5332,54033,71315,1169,9167,60979,60108,3849,984,4644,50631,68899,809,8761,59329
Netherlands,12106,2024-06,78625,4008,1136,4965,68516,57706,219,6843,50644,68534,4893,902,4822,57917,61501,234,10244,51023
Netherlands,12106,2024-05,59016,4436,896,6302,47382,60011,252,8427,51332,58526,4662,722,6451,46691,60523,550,8378,51595
Netherlands,12106,2024-04,70303,8425,1173,4957,55748,60911,162,9145,51604,67140,3312,633,4983,58212,59981,195,8880,50906
Netherlands,12106,2024-03,92265,3325,906,6419,81615,70565,72,12624,57869,92252,5136,517,6243,80356,68886,372,12740,55774
Netherlands,12106,2024-02,79428,3131,508,7224,68565,60963,613,8430,51920,81429,3133,310,5453,72533,64770,764,9392,54614
Netherlands,12106,2024-01,86182,5198,1375,8837,70772,57846,271,10695,46880,77057,4137,945,7736,64239,61002,297,12351,48354
Netherlands,12106,2023-12,71908,3042,536,5509,62821,56211,232,8129,47850,66949,4321,462,4839,57327,55099,68,7661,47370
Netherlands,12106,2023-11,62905,4295,474,5121,53015,43222,624,7658,34940,60224,2565,443,5488,51728,41656,699,7482,33475
Netherlands,12106,2023-10,48893,3933,306,3585,41069,41501,364,9070,32067,54534,3696,322,3808,46708,42922,712,9726,32484
Netherlands,12106,2023-09,74811,7514,484,4022,62791,50002,32,7609,42361,77565,9063,350,4124,64028,48062,63,8844,39155
Netherlands,12106,2023-08,65788,7136,1282,4539,52831,43635,139,6836,36660,63988,3031,808,4258,55891,41597,69,6680,34848
Netherlands,12106,2023-07,71828,4680,993,4594,61561,42889,779,7912,34198,71045,6229,337,4820,59659,43752,117,7393,36242
Netherlands,12106,2023-06,76580,3719,437,6553,65871,42014,187,6981,34846,76995,3536,253,7890,65316,44628,355,6747,37526
Netherlands,12106,2023-05,62840,4053,737,6607,51443,37901,354,7395,30152,59713,4008,408,6947,48350,37738,340,6942,30456
Netherlands,12106,2023-04,48827,5930,650,4431,37816,37846,337,9159,28350,51174,8050,294,4856,37974,34240,165,8433,25642
Netherlands,12106,2023-03,69649,10455,488,6648,52058,51667,87,12373,39207,72759,9296,239,7004,56220,49202,448,12537,36217
Netherlands,12106,2023-02,52404,6349,890,5954,39211,41522,936,11275,29311,48781,2795,472,7111,38403,44097,746,11821,31530
Norway,12203,2026-02,637459,599348,16,8848,29247,4509,161,1001,3347,643134,599063,21,4503,39547,4866,300,1073,3493
Norway,12203,2026-01,545300,514725,148,6124,24303,4327,59,1811,2457,553746,504878,150,6615,42103,4051,83,1405,2563
Norway,12203,2025-12,585051,534009,0,4496,46546,3411,213,1336,1862,578827,544700,24,5396,28707,3772,69,1545,2158
Norway,12203,2025-11,392646,330290,13,10680,51663,4207,24,1872,2311,337047,308067,12,4668,24300,5341,96,2838,2407
Norway,12203,2025-10,388428,357244,126,4573,26485,4731,55,2191,2485,408775,381778,126,4901,21970,4855,287,2307,2261
Norway,12203,2025-09,370609,337782,151,2905,29771,4567,374,1975,2218,357649,337584,165,3163,16737,4356,309,1612,2435
Norway,12203,2025-08,295814,275437,49,2261,18067,2990,91,889,2010,286879,267830,58,1802,17189,2939,76,809,2054
Norway,12203,2025-07,462793,438903,182,2651,21057,3838,185,1381,2272,446532,422637,103,1709,22083,3664,146,1534,1984
Norway,12203,2025-06,473297,428867,0,3185,41245,5380,93,2264,3023,443866,422005,17,2108,19736,5756,225,3024,2507
Norway,12203,2025-05,378783,351419,53,4688,22623,3756,109,1499,2148,375541,359207,56,3534,12744,4451,189,2283,1979
Norway,12203,2025-04,376295,356839,0,3882,15574,4320,137,1688,2495,381168,362307,11,2760,16090,3589,233,1082,2274
Norway,12203,2025-03,396025,373875,36,5886,16228,4377,337,1204,2836,370185,335705,0,2460,32020,4514,401,1274,2839
Norway,12203,2025-02,326864,290447,249,5343,30825,3730,266,1080,2384,322695,303165,249,2096,17185,3681,310,1180,2191
Norway,12203,2025-01,119738,108368,90,898,10382,3937,50,2292,1595,114650,92679,93,1934,19944,3612,294,1672,1646
Norway,12203,2024-12,160709,152286,104,690,7629,2870,71,919,1880,168094,155149,100,1178,11667,3113,76,1386,1651
Norway,12203,2024-11,392720,360095,221,1626,30778,3908,100,1168,2640,379697,366229,251,2048,11169,4158,57,1439,2662
Norway,12203,2024-10,430803,408697,0,3102,19004,3836,241,1308,2287,432909,412683,891,2338,16997,4536,152,2243,2141
Norway,12203,2024-09,345704,328609,0,2915,14180,4011,123,1817,2071,336544,322144,0,2129,12271,3014,34,1145,1835
Norway,12203,2024-08,369426,354074,0,2208,13144,2760,106,896,1758,366019,350465,0,1359,14195,2533,18,758,1757
Norway,12203,2024-07,325255,308193,0,2966,14096,2830,91,937,1802,323987,307283,2,2414,14288,2625,55,731,1839
Norway,12203,2024-06,348636,327318,406,2122,18790,3162,37,1005,2120,335890,318072,466,1662,15690,2678,65,1063,1550
Norway,12203,2024-05,263665,246734,58,3926,12947,3432,90,875,2467,255915,243741,130,1760,10284,3071,118,807,2146
Norway,12203,2024-04,271963,255199,129,2360,14275,3319,78,815,2426,279488,262987,194,1751,14556,3948,120,888,2940
Norway,12203,2024-03,231813,210190,437,2904,18282,4159,176,1654,2329,214738,199350,236,1769,13383,3160,246,898,2016
Norway,12203,2024-02,157931,135836,0,2694,19401,3697,116,1185,2396,159692,140892,1,1452,17347,3628,560,997,2071
Norway,12203,2024-01,187632,163159,1057,1180,22236,5238,123,2772,2343,180054,155332,473,1096,23153,3420,155,1534,1731
Norway,12203,2023-12,181753,157241,277,1313,22922,3135,89,1101,1945,165235,150648,477,1497,12613,2716,67,1035,1614
Norway,12203,2023-11,47576,32524,0,3579,11473,3074,53,1064,1957,53768,42598,0,2029,9141,2929,42,1195,1692
Norway,12203,2023-10,43997,31642,0,1628,10727,2478,167,916,1395,47903,31001,1,1285,15616,2298,81,800,1417
Norway,12203,2023-09,38016,29098,4,1187,7727,2626,167,966,1493,50164,32169,4,1602,16389,2495,103,995,1397
Norway,12203,2023-08,47795,33013,0,5746,9036,2375,150,721,1504,44033,33676,1,737,9619,2081,60,656,1365
Norway,12203,2023-07,44183,29487,63,1698,12935,2567,16,989,1562,36818,28162,16,2108,6532,2389,98,1133,1158
Norway,12203,2023-06,61027,29732,7,1965,29323,4420,68,2560,1792,34437,25090,0,1786,7561,4347,234,2156,1957
Norway,12203,2023-05,41815,26083,0,1706,14026,3146,256,863,2027,34825,26365,152,1851,6457,2650,380,719,1551
Norway,12203,2023-04,43460,29387,4,1124,12945,3047,81,1417,1549,37379,26338,3,1616,9422,2660,153,928,1579
Norway,12203,2023-03,43168,29112,87,2081,11888,3754,140,1208,2406,41607,27287,11,1299,13010,3826,65,1520,2241
Norway,12203,2023-02,71939,50173,1,1430,20335,4025,318,1367,2340,50472,36880,0,2478,11114,3197,83,1144,1970
Portugal,12319,2026-02,1808,498,0,83,1227,693,75,27,591,787,415,0,44,328,902,120,29,753
Portugal,12319,2026-01,845,288,1,51,505,937,70,1,866,563,234,0,22,307,498,107,4,387
Portugal,12319,2025-12,945,528,0,26,391,991,88,37,866,1143,801,1,16,325,606,57,24,525
Portugal,12319,2025-11,721,378,0,58,285,1813,95,22,1696,716,356,0,30,330,1906,82,75,1749
Portugal,12319,2025-10,1118,486,0,44,588,741,69,58,614,842,456,0,29,357,673,168,102,403
Portugal,12319,2025-09,752,400,0,76,276,726,109,10,607,1082,397,0,35,650,793,312,31,450
Portugal,12319,2025-08,689,319,0,48,322,842,43,3,796,525,298,0,16,211,990,77,2,911
Portugal,12319,2025-07,872,490,0,44,338,796,43,9,744,619,350,0,65,204,516,50,53,413
Portugal,12319,2025-06,700,136,0,41,523,728,104,90,534,605,307,0,26,272,916,55,52,809
Portugal,12319,2025-05,1136,367,0,105,664,768,151,28,589,844,283,0,32,529,835,171,51,613
Portugal,12319,2025-04,982,461,0,29,492,791,92,91,608,872,378,0,81,413,662,70,41,551
Portugal,12319,2025-03,4109,126,0,42,3941,684,24,48,612,729,178,0,19,532,578,14,31,533
Portugal,12319,2025-02,925,290,1,57,577,647,108,24,515,731,239,0,32,460,451,65,9,377
Portugal,12319,2025-01,824,337,0,36,451,755,135,10,610,760,374,0,29,357,763,166,15,582
Portugal,12319,2024-12,1011,511,0,12,488,650,152,37,461,1083,335,0,10,738,760,218,28,514
Portugal,12319,2024-11,692,210,0,30,452,571,86,28,457,1260,521,0,25,714,727,107,32,588
Portugal,12319,2024-10,685,246,1,26,412,542,38,37,467,804,178,0,197,429,504,26,53,425
Portugal,12319,2024-09,912,604,0,25,283,432,18,24,390,932,553,0,37,342,456,1,92,363
Portugal,12319,2024-08,690,336,0,30,324,370,47,25,298,772,448,0,30,294,385,20,1,364
Portugal,12319,2024-07,490,169,0,19,302,423,11,32,380,548,229,0,22,297,508,9,22,477
Portugal,12319,2024-06,607,299,0,20,288,708,183,13,512,550,190,0,10,350,685,149,64,472
Portugal,12319,2024-05,484,147,0,19,318,786,352,17,417,461,163,0,7,291,1182,608,63,511
Portugal,12319,2024-04,2130,1098,0,12,1020,638,103,28,507,713,513,0,3,197,951,215,44,692
Portugal,12319,2024-03,497,255,0,11,231,864,317,16,531,485,232,0,7,246,898,380,98,420
Portugal,12319,2024-02,304,57,1,10,236,537,231,41,265,360,119,0,5,236,777,467,22,288
Portugal,12319,2024-01,1109,815,0,7,287,761,281,55,425,953,682,0,5,266,1009,507,41,461
Portugal,12319,2023-12,480,229,0,12,239,467,24,24,419,492,161,0,6,325,364,2,12,350
Portugal,12319,2023-11,334,114,0,8,212,404,24,16,364,371,95,0,23,253,303,53,11,239
Portugal,12319,2023-10,316,148,0,47,121,578,157,27,394,535,289,0,13,233,497,111,27,359
Portugal,12319,2023-09,526,356,0,20,150,683,228,15,440,654,209,0,15,430,907,465,6,436
Portugal,12319,2023-08,512,241,0,42,229,254,2,21,231,448,194,0,9,245,366,2,20,344
Portugal,12319,2023-07,874,380,0,36,458,433,112,53,268,509,229,0,24,256,514,243,59,212
Portugal,12319,2023-06,1729,1060,0,68,601,604,237,58,309,675,376,0,14,285,553,189,30,334
Portugal,12319,2023-05,472,237,0,57,178,611,164,50,397,428,125,0,43,260,503,138,50,315
Portugal,12319,2023-04,1472,364,0,52,1056,361,6,31,324,1216,1039,0,39,138,509,44,22,443
Portugal,12319,2023-03,697,422,0,50,225,734,190,97,447,1106,601,0,49,456,651,224,29,398
Portugal,12319,2023-02,897,542,0,66,289,455,87,29,339,868,392,0,93,383,286,49,50,187
Spain,12505,2026-02,49823,37172,1114,1053,10484,20459,4311,3055,13093,44544,33913,734,741,9156,18073,3605,3485,10983
Spain,12505,2026-01,39385,29519,433,1183,8250,15373,3805,2992,8576,35874,26796,86,684,8308,14334,3854,3471,7009
Spain,12505,2025-12,26671,16814,1317,580,7960,13035,1913,3283,7839,37095,26128,1663,575,8729,13190,1772,3449,7969
Spain,12505,2025-11,35238,25778,394,626,8440,14987,827,4673,9487,35944,27172,269,629,7874,14713,1291,4403,9019
Spain,12505,2025-10,41847,31946,544,564,8793,13319,2101,2707,8511,30582,21426,331,578,8247,13806,2097,3023,8686
Spain,12505,2025-09,40919,29130,649,691,10449,14622,2740,4069,7813,45495,35923,198,762,8612,14167,2580,3955,7632
Spain,12505,2025-08,34421,26240,1044,235,6902,11997,2430,2820,6747,34174,26985,441,190,6558,12664,2851,2198,7615
Spain,12505,2025-07,39058,29919,502,624,8013,16981,4404,4648,7929,24271,16509,329,236,7197,19317,4370,6070,8877
Spain,12505,2025-06,29456,17336,397,746,10977,15926,3496,2268,10162,37002,25631,247,398,10726,16435,4261,2705,9469
Spain,12505,2025-05,36950,27058,453,452,8987,14007,2941,3481,7585,32212,24264,147,607,7194,12677,2089,3614,6974
Spain,12505,2025-04,34558,26104,467,370,7617,13724,2648,3447,7629,25820,18119,463,892,6346,13515,2473,3574,7468
Spain,12505,2025-03,29257,19861,378,705,8313,16889,3329,3919,9641,32778,19701,210,639,12228,18312,4276,3637,10399
Spain,12505,2025-02,26403,16979,700,613,8111,12117,3073,3400,5644,25348,17976,161,461,6750,12579,3461,3446,5672
Spain,12505,2025-01,23707,16505,399,1013,5790,11432,2286,4752,4394,22694,16761,132,418,5383,13318,2621,6769,3928
Spain,12505,2024-12,16032,7587,331,424,7690,9578,2127,2663,4788,17737,9359,161,601,7616,10886,2854,2352,5680
Spain,12505,2024-11,15900,9690,336,319,5554,11119,3423,2479,5217,15904,9353,186,951,5414,11985,3597,2261,6127
Spain,12505,2024-10,18183,11666,506,519,5492,12251,4282,3141,4828,16616,9106,239,541,6730,12572,4255,3094,5223
Spain,12505,2024-09,16176,8795,390,1087,5904,9697,2189,3170,4338,13957,7054,161,645,6097,10283,2313,3347,4623
Spain,12505,2024-08,14085,8669,217,568,4631,11355,3122,4395,3838,16172,11400,122,312,4338,13103,3313,5020,4770
Spain,12505,2024-07,15410,9328,278,495,5309,13468,3759,5094,4615,15254,9690,185,336,5043,17577,3763,8888,4926
Spain,12505,2024-06,15276,7617,380,418,6861,9806,990,2923,5893,13121,6433,226,524,5938,9538,2065,2558,4915
Spain,12505,2024-05,13150,7873,232,599,4446,10966,1936,3779,5251,13832,9071,150,470,4141,10651,1049,3448,6154
Spain,12505,2024-04,41142,35974,352,353,4463,10526,1340,4520,4666,35431,30358,300,376,4397,12154,1381,4925,5848
Spain,12505,2024-03,37870,32002,41,350,5477,10509,1027,4042,5440,36626,31028,20,321,5257,14675,1368,7917,5390
Spain,12505,2024-02,45602,38334,455,560,6253,7740,1373,2701,3666,43195,36004,139,367,6685,7331,1472,2544,3315
Spain,12505,2024-01,88825,83196,15,495,5119,11589,3366,3751,4472,86324,81208,15,438,4663,13763,3838,4013,5912
Spain,12505,2023-12,46869,40880,325,228,5436,8503,1583,3052,3868,51615,46155,10,146,5304,7232,1018,2974,3240
Spain,12505,2023-11,53687,49058,199,465,3965,7714,458,3761,3495,52498,47544,1,362,4591,9889,546,5563,3780
Spain,12505,2023-10,32115,27744,101,356,3914,7011,1296,1575,4140,30797,26502,31,384,3880,6142,917,1735,3490
Spain,12505,2023-09,35173,31010,108,293,3762,6653,1032,2433,3188,36667,30602,14,381,5670,8179,1551,3434,3194
Spain,12505,2023-08,33931,28019,152,209,5551,7572,1131,2750,3691,32586,26699,9,247,5631,8291,1548,3803,2940
Spain,12505,2023-07,39627,32971,74,413,6169,5389,1008,1395,2986,41094,35240,0,496,5358,5986,1629,1594,2763
Spain,12505,2023-06,42287,32943,53,554,8737,7733,1768,1822,4143,39413,30601,3,382,8427,8236,2371,2090,3775
Spain,12505,2023-05,31723,24664,359,653,6047,6634,1317,1673,3644,30349,23768,50,389,6142,5421,760,1641,3020
Spain,12505,2023-04,19513,14842,165,312,4194,7344,2155,1914,3275,20383,15698,20,303,4362,7182,2358,1803,3021
Spain,12505,2023-03,34105,23329,101,575,10100,10684,2678,2404,5602,28551,17769,18,464,10300,9499,2849,2427,4223
Spain,12505,2023-02,37576,26613,10,446,10507,8942,2817,2646,3479,32260,21855,5,438,9962,10661,4183,2977,3501
Sweden,12602,2026-02,29413,1532,0,483,27398,10772,244,919,9609,30495,1608,0,294,28593,11848,166,1218,10464
Sweden,12602,2026-01,30459,2180,0,493,27786,9901,242,620,9039,34245,2661,5,263,31316,10575,378,930,9267
Sweden,12602,2025-12,25941,2535,0,217,23189,8334,376,935,7023,25261,2816,1,213,22231,8391,434,727,7230
Sweden,12602,2025-11,25832,2874,2,337,22619,9711,246,1588,7877,25593,1231,0,410,23952,9857,160,1020,8677
Sweden,12602,2025-10,27886,2888,0,168,24830,9997,114,1206,8677,26336,2996,0,210,23130,10312,151,1184,8977
Sweden,12602,2025-09,26162,2253,0,493,23416,9035,132,1538,7365,22777,1688,0,294,20795,9598,122,2241,7235
Sweden,12602,2025-08,18838,1813,0,179,16846,6405,170,636,5599,16978,2310,0,179,14489,7110,93,930,6087
Sweden,12602,2025-07,15693,2899,0,110,12684,9988,133,1385,8470,13443,2122,1,63,11257,9251,228,967,8056
Sweden,12602,2025-06,26043,2994,0,181,22868,12346,24,1965,10357,20059,3305,0,141,16613,11022,232,1817,8973
Sweden,12602,2025-05,20975,633,2,331,20009,12103,895,1415,9793,20815,4039,0,508,16268,12099,158,2629,9312
Sweden,12602,2025-04,21900,1117,0,310,20473,12430,313,1714,10403,29007,3710,0,338,24959,9745,70,1040,8635
Sweden,12602,2025-03,32425,6845,0,635,24945,11886,142,1175,10569,33339,3387,8,215,29729,10545,471,1288,8786
Sweden,12602,2025-02,23619,3993,0,292,19334,7802,268,1327,6207,26252,2671,0,366,23215,7851,78,1053,6720
Sweden,12602,2025-01,22041,1558,0,403,20080,6274,77,699,5498,21193,2246,0,228,18719,7009,263,860,5886
Sweden,12602,2024-12,25631,920,0,311,24400,6660,64,822,5774,27315,1867,4,302,25142,7026,68,580,6378
Sweden,12602,2024-11,36179,3332,0,518,32329,8443,104,771,7568,34314,1327,6,326,32655,9674,60,1487,8127
Sweden,12602,2024-10,23214,1376,0,438,21400,11875,176,788,10911,21660,1745,0,258,19657,10860,80,1177,9603
Sweden,12602,2024-09,29667,2785,0,480,26402,11654,248,2448,8958,23800,1660,1,236,21903,11154,137,2142,8875
Sweden,12602,2024-08,23728,2323,0,321,21084,6794,347,484,5963,19999,1363,0,136,18500,6444,64,490,5890
Sweden,12602,2024-07,15759,2042,0,305,13412,8921,164,815,7942,13791,1368,0,169,12254,9628,154,1203,8271
Sweden,12602,2024-06,27188,1586,0,350,25252,11936,153,1033,10750,24529,1605,0,384,22540,10506,97,725,9684
Sweden,12602,2024-05,29138,2810,0,220,26108,9696,356,1186,8154,25279,1301,0,75,23903,10337,419,1635,8283
Sweden,12602,2024-04,25543,4246,26,176,21095,8826,43,802,7981,23625,3274,0,140,20211,8566,60,871,7635
Sweden,12602,2024-03,22645,1587,0,167,20891,8310,133,1069,7108,18415,1364,0,163,16888,7948,84,1820,6044
Sweden,12602,2024-02,20501,1391,6,168,18936,6991,357,1057,5577,17895,2101,0,122,15672,7323,100,1281,5942
Sweden,12602,2024-01,17605,1237,6,259,16103,6463,180,402,5881,14460,2179,0,209,12072,5654,145,475,5034
Sweden,12602,2023-12,20193,2817,0,224,17152,6751,188,792,5771,17591,2260,0,172,15159,6180,116,498,5566
Sweden,12602,2023-11,21503,2098,2,188,19215,7418,921,1362,5135,20179,1861,1,190,18127,7088,429,1073,5586
Sweden,12602,2023-10,16362,2106,0,224,14032,7484,535,918,6031,16381,1735,11,205,14430,6904,409,1090,5405
Sweden,12602,2023-09,18951,2719,1,412,15819,7514,306,1801,5407,17893,1569,1,258,16065,7000,333,1813,4854
Sweden,12602,2023-08,17418,2347,3,273,14795,5599,242,798,4559,15567,1936,5,317,13309,5251,243,833,4175
Sweden,12602,2023-07,15294,2490,19,274,12511,5005,129,881,3995,13833,1882,28,103,11820,5459,106,1049,4304
Sweden,12602,2023-06,24885,5540,2,362,18981,8296,330,2722,5244,20864,2708,0,307,17849,9897,250,4211,5436
Sweden,12602,2023-05,19793,2732,11,255,16795,5879,48,958,4873,18849,2343,10,304,16192,5823,298,747,4778
Sweden,12602,2023-04,14221,2036,12,210,11963,6388,619,717,5052,14313,599,9,271,13434,4975,89,623,4263
Sweden,12602,2023-03,19513,3585,5,274,15649,7527,573,885,6069,17785,3408,1,181,14195,7546,198,2339,5009
Sweden,12602,2023-02,16297,3391,17,283,12606,7571,580,1699,5292,17346,3347,0,222,13777,6314,373,1044,4897
Switzerland,12688,2026-02,128223,46310,467,9064,72382,61149,13,4191,56945,129052,49421,479,7234,71918,63044,16,6965,56063
Switzerland,12688,2026-01,114073,42868,630,7912,62663,55608,7,4655,50946,110720,46386,563,7893,55878,52884,82,3996,48806
Switzerland,12688,2025-12,113122,46165,549,6553,59855,53988,8,3801,50179,129142,51920,1039,5427,70756,55484,58,3514,51912
Switzerland,12688,2025-11,125632,51759,351,7661,65861,58470,0,6044,52426,122360,49587,459,5495,66819,56616,76,5295,51245
Switzerland,12688,2025-10,119226,51511,400,6953,60362,56213,21,4122,52070,131352,52392,1067,6549,71344,55221,36,4265,50920
Switzerland,12688,2025-09,130003,64620,1200,7835,56348,54270,11,5287,48972,124568,62126,498,7355,54589,54013,93,6591,47329
Switzerland,12688,2025-08,126345,69086,465,7450,49344,49665,41,3823,45801,127340,71556,486,4323,50975,50822,41,4188,46593
Switzerland,12688,2025-07,118162,51907,594,8404,57257,58859,102,4429,54328,108418,49012,691,5774,52941,57742,98,3721,53923
Switzerland,12688,2025-06,121705,41648,452,8421,71184,55665,47,3904,51714,106583,46922,355,7457,51849,52816,123,3179,49514
Switzerland,12688,2025-05,118211,53653,556,8594,55408,48690,242,4662,43786,112561,57712,597,5321,48931,47552,66,5190,42296
Switzerland,12688,2025-04,132509,62627,963,7369,61550,55126,132,4100,50894,118405,58684,1047,5906,52768,53131,32,3491,49608
Switzerland,12688,2025-03,143421,61926,951,14529,66015,60644,76,4835,55733,103046,42219,1533,6030,53264,58339,107,3795,54437
Switzerland,12688,2025-02,100091,42003,1177,6322,50589,41706,14,3679,38013,128257,49712,1844,8240,68461,44930,45,5204,39681
Switzerland,12688,2025-01,95738,29572,839,7726,57601,37703,1,2540,35162,80238,28560,850,4362,46466,40295,49,3005,37241
Switzerland,12688,2024-12,76371,26056,707,4180,45428,41245,51,2647,38547,67905,19585,991,3237,44092,41029,128,3148,37753
Switzerland,12688,2024-11,72206,17878,750,5848,47730,45622,12,2567,43043,71426,18136,922,5579,46789,45007,75,2830,42102
Switzerland,12688,2024-10,69755,23788,907,7917,37143,42023,12,3081,38930,69145,20759,986,5396,42004,40793,41,3155,37597
Switzerland,12688,2024-09,67592,21318,1293,5741,39240,56295,70,5950,50275,65563,21138,1006,5065,38354,49583,20,5461,44102
Switzerland,12688,2024-08,75029,25261,984,5154,43630,39237,30,4706,34501,69373,24371,848,3985,40169,38908,26,3763,35119
Switzerland,12688,2024-07,75751,28448,849,5339,41115,42409,86,3924,38399,72412,24341,952,4108,43011,42435,92,3562,38781
Switzerland,12688,2024-06,74900,26226,869,4700,43105,42510,131,2730,39649,79730,32487,833,4536,41874,43421,162,2613,40646
Switzerland,12688,2024-05,64540,29005,656,4644,30235,47740,123,5974,41643,62668,25386,1286,4028,31968,49117,106,7340,41671
Switzerland,12688,2024-04,66435,34356,439,4329,27311,43282,8,4251,39023,60146,27060,527,3229,29330,44737,80,4366,40291
Switzerland,12688,2024-03,67323,29677,399,4713,32534,45346,39,4496,40811,61361,24648,308,3699,32706,44384,14,4309,40061
Switzerland,12688,2024-02,69613,30484,774,5400,32955,42077,87,6168,35822,67915,31728,321,4693,31173,40597,44,5958,34595
Switzerland,12688,2024-01,63411,32027,564,4987,25833,46557,35,9173,37349,60051,29378,421,3322,26930,47211,51,11263,35897
Switzerland,12688,2023-12,66884,33110,1188,4569,28017,43544,60,3041,40443,58413,28146,1026,3954,25287,41937,42,3741,38154
Switzerland,12688,2023-11,61361,27939,879,4992,27551,36673,40,3275,33358,57528,29170,822,3644,23892,35155,9,4092,31054
Switzerland,12688,2023-10,50286,25019,869,3950,20448,32947,22,2669,30256,56846,24501,793,2675,28877,31613,38,2328,29247
Switzerland,12688,2023-09,46820,22793,726,3327,19974,28951,23,2659,26269,55735,22504,510,2628,30093,29091,20,5062,24009
Switzerland,12688,2023-08,64860,23926,1052,5627,34255,29675,8,2882,26785,87920,43169,501,3163,41087,26993,7,2426,24560
Switzerland,12688,2023-07,67206,33553,588,3959,29106,26681,33,3266,23382,71510,37992,528,2431,30559,26880,67,2965,23848
Switzerland,12688,2023-06,89156,28588,973,5389,54206,33341,233,5146,27962,67764,27621,493,3202,36448,31231,261,4290,26680
Switzerland,12688,2023-05,103070,66374,1467,6604,28625,27971,4,3138,24829,92775,42503,1138,6742,42392,26908,34,2951,23923
Switzerland,12688,2023-04,72854,47782,457,3883,20732,29565,61,3628,25876,89630,59204,428,4234,25764,29677,28,3616,26033
Switzerland,12688,2023-03,85251,47912,787,5734,30818,55212,144,11917,43151,85519,46125,384,3362,35648,47776,246,9878,37652
Switzerland,12688,2023-02,85004,41070,342,4816,38776,37593,84,4154,33355,65737,40382,319,2803,22233,32111,100,3703,28308
Turkey,12807,2026-02,589,319,0,3,267,2195,1006,225,964,230,55,0,0,175,2800,1195,277,1328
Turkey,12807,2026-01,2680,2532,0,3,145,2054,912,325,817,525,385,0,30,110,5299,3400,382,1517
Turkey,12807,2025-12,729,607,0,7,115,1236,373,152,711,336,210,0,0,126,1905,374,162,1369
Turkey,12807,2025-11,278,171,0,3,104,1663,475,213,975,121,0,0,2,119,1695,628,224,843
Turkey,12807,2025-10,718,506,0,4,208,2178,1158,243,777,265,62,0,8,195,2249,1117,352,780
Turkey,12807,2025-09,627,405,0,4,218,1961,559,213,1189,326,100,0,5,221,2889,1535,240,1114
Turkey,12807,2025-08,1765,1587,0,3,175,1503,443,195,865,204,19,0,4,181,1538,318,156,1064
Turkey,12807,2025-07,498,286,0,2,210,1271,515,171,585,247,35,0,1,211,2150,1098,284,768
Turkey,12807,2025-06,335,157,0,22,156,1232,542,146,544,257,60,13,7,177,1809,728,176,905
Turkey,12807,2025-05,674,446,0,20,208,2315,574,353,1388,238,15,0,2,221,2100,864,171,1065
Turkey,12807,2025-04,426,182,0,8,236,2164,1223,169,772,7684,7446,0,3,235,2136,610,113,1413
Turkey,12807,2025-03,844,661,0,2,181,2243,1040,232,971,1485,1295,0,3,187,1887,673,185,1029
Turkey,12807,2025-02,1201,1083,0,1,117,1530,850,171,509,285,151,0,2,132,1859,940,285,634
Turkey,12807,2025-01,2940,2845,0,8,87,1305,664,172,469,624,530,0,2,92,1916,528,425,963
Turkey,12807,2024-12,1167,1057,0,0,110,1406,613,171,622,795,681,0,0,114,1553,577,199,777
Turkey,12807,2024-11,1048,872,0,0,176,1151,327,145,679,842,659,0,1,182,1397,535,167,695
Turkey,12807,2024-10,4476,4176,5,1,294,1866,560,257,1049,360,60,0,0,300,2006,880,450,676
Turkey,12807,2024-09,463,113,0,2,348,1430,442,270,718,379,21,0,0,358,1447,513,238,696
Turkey,12807,2024-08,398,68,0,1,329,1378,270,142,966,364,17,0,5,342,1321,572,137,612
Turkey,12807,2024-07,1777,1601,0,2,174,1405,396,137,872,201,19,0,0,182,2620,1253,378,989
Turkey,12807,2024-06,322,159,0,1,162,1662,144,101,1417,175,6,0,0,169,1254,263,137,854
Turkey,12807,2024-05,376,211,0,2,163,2004,312,160,1532,252,78,0,12,162,1820,528,211,1081
Turkey,12807,2024-04,438,46,0,3,389,1099,309,118,672,413,27,1,0,385,1338,292,287,759
Turkey,12807,2024-03,754,298,0,2,454,1583,644,163,776,701,272,0,1,428,1903,621,221,1061
Turkey,12807,2024-02,352,41,0,12,299,1102,355,136,611,315,42,0,2,271,1625,886,196,543
Turkey,12807,2024-01,2115,1478,0,3,634,948,335,265,348,1118,527,0,1,590,1045,226,244,575
Turkey,12807,2023-12,363,120,0,3,240,1004,352,149,503,425,87,0,4,334,1689,468,234,987
Turkey,12807,2023-11,220,100,0,3,117,1158,314,345,499,225,101,0,1,123,1649,515,317,817
Turkey,12807,2023-10,349,134,0,1,214,1251,202,171,878,343,139,0,0,204,1022,118,94,810
Turkey,12807,2023-09,188,101,0,1,86,1329,261,175,893,182,69,0,1,112,1234,216,252,766
Turkey,12807,2023-08,288,68,0,2,218,1053,249,73,731,204,1,0,0,203,1143,218,84,841
Turkey,12807,2023-07,286,111,0,3,172,731,199,182,350,150,0,0,0,150,1264,364,282,618
Turkey,12807,2023-06,344,48,0,6,290,1196,438,119,639,163,0,0,1,162,1196,533,106,557
Turkey,12807,2023-05,200,56,0,12,132,1460,564,135,761,256,104,1,0,151,1153,586,74,493
Turkey,12807,2023-04,528,252,0,5,271,2025,176,161,1688,382,0,0,0,382,1827,396,65,1366
Turkey,12807,2023-03,766,151,0,3,612,1833,754,185,894,601,0,0,3,598,2001,531,96,1374
Turkey,12807,2023-02,265,16,0,1,248,1489,630,121,738,406,153,0,1,252,1426,435,119,872
United Kingdom,13005,2026-02,1738668,370304,15498,75626,1277240,223220,83356,27069,112795,1713730,348604,7955,69568,1287603,231234,84454,31090,115690
United Kingdom,13005,2026-01,1460115,368249,15886,66707,1009273,228303,89226,24520,114557,1402421,320076,10142,69716,1002487,223580,89871,24023,109686
United Kingdom,13005,2025-12,1557751,320158,8518,61239,1167836,181791,61914,21008,98869,1575676,330632,14009,57799,1173236,174406,60297,21037,93072
United Kingdom,13005,2025-11,1073245,316498,6306,55043,695398,177125,53731,29271,94123,1084159,319532,18469,48694,697464,176561,54738,28866,92957
United Kingdom,13005,2025-10,1050432,353182,20308,60801,616141,179687,46732,25415,107540,1015273,331227,11275,53199,619572,175789,47126,25369,103294
United Kingdom,13005,2025-09,1108456,336414,8730,60400,702912,187383,51002,32775,103606,1122918,356681,15522,56456,694259,191398,51283,33172,106943
United Kingdom,13005,2025-08,948174,308293,10637,44985,584259,155250,41587,26139,87524,949659,304024,14655,39740,591240,158056,43550,24928,89578
United Kingdom,13005,2025-07,917757,331117,18264,46176,522200,159561,39651,26834,93076,880131,294803,9845,47796,527687,160003,39450,27531,93022
United Kingdom,13005,2025-06,970046,290618,7249,48402,623777,167508,43159,27761,96588,952132,276842,17974,40031,617285,163299,43376,28769,91154
United Kingdom,13005,2025-05,943797,316415,11904,56566,558912,162091,46427,29141,86523,896562,286618,10569,50202,549173,162370,47381,27337,87652
United Kingdom,13005,2025-04,950203,360875,16328,54228,518772,183509,60994,26959,95556,882590,318072,7644,48341,508533,188421,61665,26691,100065
United Kingdom,13005,2025-03,953765,305593,5745,60308,582119,201428,65264,37440,98724,936546,284630,16301,48863,586752,213254,65600,43858,103796
United Kingdom,13005,2025-02,877289,280423,10202,47633,539031,167277,61736,22206,83335,858867,266251,9561,44180,538875,170707,60014,26472,84221
United Kingdom,13005,2025-01,772595,278380,22017,41911,430287,147682,55027,20658,71997,718467,241603,9657,36755,430452,157570,56770,21734,79066
United Kingdom,13005,2024-12,803255,156598,1746,35455,609456,143372,42234,20243,80895,863321,190786,1329,34587,636619,142322,43173,20771,78378
United Kingdom,13005,2024-11,772445,180039,3130,42403,546873,163320,46150,28381,88789,762929,182747,1794,38397,539991,169057,47984,30824,90249
United Kingdom,13005,2024-10,723692,241650,8812,52563,420667,179205,69498,27314,82393,704474,230984,1835,44171,427484,184636,70451,27905,86280
United Kingdom,13005,2024-09,782102,218621,4173,54206,505102,179402,74175,23694,81533,766269,221179,2036,48049,495005,183813,75190,27505,81118
United Kingdom,13005,2024-08,721736,221442,1844,45621,452829,155176,54466,21425,79285,706818,211576,1807,42094,451341,156981,53582,23038,80361
United Kingdom,13005,2024-07,622141,212144,2122,38368,369507,145927,45130,24338,76459,606123,204290,1145,32396,368292,152714,46728,23843,82143
United Kingdom,13005,2024-06,664014,171699,5264,36602,450449,135477,33778,21202,80497,658962,180712,1938,34955,441357,147243,34877,23522,88844
United Kingdom,13005,2024-05,646009,184964,1854,42353,416838,144547,32527,28469,83551,619894,168973,3088,34311,413522,153859,33282,30203,90374
United Kingdom,13005,2024-04,549839,179801,5311,34853,329874,136550,34505,24048,77997,551340,187626,4053,29085,330576,145791,35393,27543,82855
United Kingdom,13005,2024-03,628470,176225,3449,44220,404576,126625,24361,32218,70046,601444,155702,4171,34870,406701,143060,26900,39185,76975
United Kingdom,13005,2024-02,618540,166431,11678,46037,394394,142281,29644,22294,90343,583364,152318,2200,41695,387151,147846,30656,25933,91257
United Kingdom,13005,2024-01,515573,158634,12878,43710,300351,121444,30642,27400,63402,486337,146390,1368,43171,295408,118698,28901,27421,62376
United Kingdom,13005,2023-12,498384,140871,1845,37993,317675,95847,11722,20656,63469,491136,136298,1344,36138,317356,90913,12095,18200,60618
United Kingdom,13005,2023-11,513873,126743,4731,40878,341521,85340,11643,19647,54050,504712,128394,1646,34342,340330,85293,11825,19557,53911
United Kingdom,13005,2023-10,431892,120276,14500,31139,265977,80680,11434,16283,52963,422854,109407,6895,32302,274250,81005,11748,17579,51678
United Kingdom,13005,2023-09,424221,105127,4375,32339,282380,75485,11905,14988,48592,427914,103293,2799,31195,290627,82540,11347,18474,52719
United Kingdom,13005,2023-08,525250,150242,4691,34740,335577,65727,8371,17900,39456,513196,145557,2915,28774,335950,69915,7997,18930,42988
United Kingdom,13005,2023-07,429316,120593,4616,36708,267399,58396,9050,13872,35474,419643,128364,3727,34331,253221,65884,9709,14324,41851
United Kingdom,13005,2023-06,535299,179639,5180,40267,310213,74650,10698,17844,46108,526770,183952,3722,37107,301989,80586,11936,19113,49537
United Kingdom,13005,2023-05,577127,215704,6114,44930,310379,79127,17173,20991,40963,576036,214051,9616,34912,317457,77250,17385,18031,41834
United Kingdom,13005,2023-04,492339,182775,11617,31479,266468,69115,15577,17681,35857,480828,171121,6385,31268,272054,70916,15743,17950,37223
United Kingdom,13005,2023-03,781746,340646,7159,68107,365834,135403,23018,53697,58688,698506,266286,4641,51770,375809,138730,25289,56583,56858
United Kingdom,13005,2023-02,536918,181922,5081,51343,298572,86833,19424,22551,44858,542964,187149,1812,46941,307062,83405,19585,21240,42580
Guernsey,13006,2026-02,29513,22529,1,547,6436,3479,0,93,3386,30629,22942,0,733,6954,3362,0,83,3279
Guernsey,13006,2026-01,24604,19990,3,619,3992,2620,0,74,2546,24744,19402,76,643,4623,2375,8,102,2265
Guernsey,13006,2025-12,12953,9590,5,308,3050,4313,0,73,4240,11961,9362,2,363,2234,4183,0,70,4113
Guernsey,13006,2025-11,15546,8363,13,528,6642,4033,0,26,4007,14454,8468,5,485,5496,4108,0,19,4089
Guernsey,13006,2025-10,10678,5890,11,686,4091,3336,0,90,3246,8762,5381,1,768,2612,3584,0,278,3306
Guernsey,13006,2025-09,14403,11478,4,811,2110,3646,0,35,3611,14695,11809,1,710,2175,3448,0,29,3419
Guernsey,13006,2025-08,11799,9261,7,462,2069,3262,0,21,3241,11558,9246,5,488,1819,3261,0,25,3236
Guernsey,13006,2025-07,12867,8330,17,1731,2789,3064,0,94,2970,11309,8034,8,1464,1803,3400,0,89,3311
Guernsey,13006,2025-06,12607,9191,0,368,3048,3281,0,20,3261,11861,9259,3,316,2283,3422,0,20,3402
Guernsey,13006,2025-05,13713,11156,33,683,1841,2421,0,70,2351,14029,10927,60,710,2332,2612,0,65,2547
Guernsey,13006,2025-04,11799,6942,6,508,4343,2763,4,53,2706,10923,7367,5,533,3018,2084,4,60,2020
Guernsey,13006,2025-03,11405,6600,30,731,4044,2848,0,25,2823,11063,6445,27,553,4038,3203,0,27,3176
Guernsey,13006,2025-02,9007,5496,20,469,3022,1986,0,28,1958,8853,5734,1,424,2694,2173,0,30,2143
Guernsey,13006,2025-01,9856,4346,6,735,4769,2620,0,52,2568,9805,4231,2,660,4912,2321,0,60,2261
Guernsey,13006,2024-12,5785,3078,29,382,2296,2788,0,31,2757,5328,3221,5,337,1765,2293,0,81,2212
Guernsey,13006,2024-11,6046,2959,13,329,2745,2193,0,23,2170,5599,2759,17,375,2448,2001,0,19,1982
Guernsey,13006,2024-10,7356,3152,8,511,3685,8494,0,26,8468,5444,3275,20,481,1668,8541,0,21,8520
Guernsey,13006,2024-09,7321,2957,1,503,3860,1614,0,24,1590,6154,2977,5,428,2744,1745,0,38,1707
Guernsey,13006,2024-08,8283,5974,1,616,1692,1611,0,49,1562,7748,5327,3,836,1582,1555,0,41,1514
Guernsey,13006,2024-07,7888,5463,4,535,1886,2844,0,19,2825,7862,4987,4,507,2364,2705,0,20,2685
Guernsey,13006,2024-06,4427,1563,1,451,2412,2685,0,27,2658,4600,1522,17,484,2577,2126,0,32,2094
Guernsey,13006,2024-05,4329,1958,65,140,2166,2580,0,35,2545,4106,1900,48,143,2015,2862,0,42,2820
Guernsey,13006,2024-04,4426,1700,13,332,2381,1968,0,30,1938,4016,1619,13,239,2145,1906,0,26,1880
Guernsey,13006,2024-03,8244,2168,69,338,5669,1934,0,53,1881,7714,2237,37,75,5365,1750,0,49,1701
Guernsey,13006,2024-02,2992,978,18,98,1898,1688,0,38,1650,3186,963,4,82,2137,1578,0,43,1535
Guernsey,13006,2024-01,18222,16434,0,111,1677,1476,0,81,1395,19758,17081,2,63,2612,1329,1,81,1247
Guernsey,13006,2023-12,11301,7342,14,139,3806,1776,0,86,1690,10520,6905,4,62,3549,1444,0,29,1415
Guernsey,13006,2023-11,9721,7235,3,127,2356,1569,0,58,1511,9655,7218,6,49,2382,1315,0,77,1238
Guernsey,13006,2023-10,6531,4877,6,43,1605,1826,0,93,1733,6256,4718,13,38,1487,1468,0,42,1426
Guernsey,13006,2023-09,5148,3253,94,264,1537,1569,0,59,1510,4829,3413,27,62,1327,1924,0,51,1873
Guernsey,13006,2023-08,8938,6101,17,350,2470,1880,0,61,1819,8639,5970,4,310,2355,2031,0,61,1970
Guernsey,13006,2023-07,6185,4489,59,346,1291,1098,0,29,1069,5986,4167,14,355,1450,1316,0,28,1288
Guernsey,13006,2023-06,3916,1806,5,457,1648,1771,0,429,1342,4319,1388,0,337,2594,1612,0,96,1516
Guernsey,13006,2023-05,3795,1504,4,489,1798,1434,0,207,1227,4508,2529,1,411,1567,1386,0,181,1205
Guernsey,13006,2023-04,4210,1975,0,556,1679,1115,0,101,1014,4051,1942,3,368,1738,981,0,105,876
Guernsey,13006,2023-03,10492,4437,21,495,5539,3271,0,840,2431,9732,3666,15,493,5558,1927,0,398,1529
Guernsey,13006,2023-02,11967,8231,93,1802,1841,1154,0,174,980,11911,8757,14,415,2725,1175,0,151,1024
Jersey,13007,2026-02,2234,600,12,276,1346,19882,12,6215,13655,2024,428,7,273,1316,20282,50,6870,13362
Jersey,13007,2026-01,1881,337,9,389,1146,16461,0,4368,12093,1748,214,33,244,1257,17120,0,4542,12578
Jersey,13007,2025-12,2554,1009,3,217,1325,17550,0,5044,12506,1943,336,4,224,1379,18225,0,6423,11802
Jersey,13007,2025-11,1589,275,3,231,1080,17589,0,5736,11853,1593,273,10,200,1110,16675,0,6698,9977
Jersey,13007,2025-10,2706,745,5,297,1659,19848,0,6656,13192,2534,570,6,221,1737,18617,0,6033,12584
Jersey,13007,2025-09,1930,673,4,204,1049,15641,0,3930,11711,1567,347,6,213,1001,14658,0,3487,11171
Jersey,13007,2025-08,2311,915,8,183,1205,15210,0,3463,11747,1736,420,3,223,1090,14998,0,3348,11650
Jersey,13007,2025-07,1869,445,10,253,1161,19002,0,5937,13065,1927,328,7,277,1315,17562,0,5297,12265
Jersey,13007,2025-06,1606,512,15,180,899,18284,0,4754,13530,1453,344,5,217,887,15853,50,3716,12087
Jersey,13007,2025-05,1363,281,9,247,826,23725,0,3962,19763,1399,252,6,227,914,23407,0,4034,19373
Jersey,13007,2025-04,3000,1567,1,214,1218,19547,0,5476,14071,2254,623,17,175,1439,18760,0,4681,14079
Jersey,13007,2025-03,1767,312,2,131,1322,26226,0,4660,21566,2302,322,1,497,1482,21098,0,4348,16750
Jersey,13007,2025-02,1530,404,0,189,937,16700,0,4819,11881,1462,386,1,278,797,18858,0,5837,13021
Jersey,13007,2025-01,1374,338,31,197,808,14065,0,2944,11121,1498,195,19,296,988,13374,0,2575,10799
Jersey,13007,2024-12,1346,298,9,135,904,18742,0,3216,15526,1366,168,3,128,1067,20553,0,5801,14752
Jersey,13007,2024-11,1328,244,19,156,909,16903,0,2866,14037,1228,181,4,137,906,18300,0,4052,14248
Jersey,13007,2024-10,2193,760,9,217,1207,17047,0,6289,10758,1608,148,1,378,1081,16986,45,5697,11244
Jersey,13007,2024-09,1345,284,30,179,852,19171,0,5967,13204,1351,296,28,187,840,19484,50,7220,12214
Jersey,13007,2024-08,1748,576,45,157,970,18437,0,3064,15373,1688,481,29,154,1024,20309,0,3346,16963
Jersey,13007,2024-07,1447,527,32,183,705,15824,0,3918,11906,1493,451,36,157,849,17477,137,4580,12760
Jersey,13007,2024-06,1119,200,27,173,719,18932,2,2148,16782,1583,246,24,192,1121,23790,0,6570,17220
Jersey,13007,2024-05,1177,205,33,172,767,16550,0,1972,14578,1172,195,27,164,786,18465,0,3848,14617
Jersey,13007,2024-04,1365,385,37,208,735,18373,0,2429,15944,1477,343,30,185,919,16080,0,3699,12381
Jersey,13007,2024-03,1775,450,70,432,823,14249,0,2259,11990,1144,86,34,154,870,18955,0,5842,13113
Jersey,13007,2024-02,1392,418,44,263,667,13446,1,3206,10239,1434,331,40,197,866,15746,2,4867,10877
Jersey,13007,2024-01,1099,150,37,237,675,13453,0,2015,11438,1733,161,33,1032,507,15129,0,2477,12652
Jersey,13007,2023-12,1131,215,36,223,657,14238,0,2790,11448,1108,221,31,111,745,17714,16,5756,11942
Jersey,13007,2023-11,1030,235,35,238,522,10987,14,1962,9011,848,141,35,81,591,13162,14,3842,9306
Jersey,13007,2023-10,1100,297,42,249,512,11209,0,2181,9028,904,224,30,58,592,12680,0,3140,9540
Jersey,13007,2023-09,854,169,42,192,451,11149,1,3218,7930,952,145,58,117,632,11997,1,3473,8523
Jersey,13007,2023-08,1216,405,48,141,622,10656,1,1685,8970,1290,255,27,115,893,11866,0,2766,9100
Jersey,13007,2023-07,1273,417,38,368,450,7336,0,1330,6006,1669,247,36,192,1194,9239,0,2363,6876
Jersey,13007,2023-06,1007,135,46,148,678,15257,0,994,14263,1095,203,26,151,715,17271,0,2030,15241
Jersey,13007,2023-05,1712,462,29,245,976,8663,0,1082,7581,1140,233,22,175,710,9229,1,1389,7839
Jersey,13007,2023-04,1012,361,28,116,507,7134,1,1229,5904,776,185,20,98,473,9223,0,1923,7300
Jersey,13007,2023-03,1076,181,26,157,712,15432,0,2901,12531,995,188,17,170,620,15276,22,4750,10504
Jersey,13007,2023-02,1143,139,29,251,724,9419,0,833,8586,1012,188,28,102,694,10394,0,2058,8336
Serbia,13218,2026-02,77,76,0,0,1,116,96,20,0,2,0,0,0,2,220,211,9,0
Serbia,13218,2026-01,152,151,0,0,1,97,91,6,0,1,0,0,0,1,134,132,2,0
Serbia,13218,2025-12,179,177,0,0,2,50,46,4,0,504,501,0,0,3,56,52,4,0
Serbia,13218,2025-11,36,35,0,0,1,363,363,0,0,3,0,0,0,3,193,193,0,0
Serbia,13218,2025-10,17,15,0,0,2,126,113,13,0,190,188,0,0,2,81,65,16,0
Serbia,13218,2025-09,23,21,0,0,2,213,202,11,0,3,1,0,0,2,121,118,3,0
Serbia,13218,2025-08,2,0,0,0,2,138,138,0,0,3,0,0,0,3,83,80,3,0
Serbia,13218,2025-07,208,204,0,0,4,189,186,3,0,2,0,0,0,2,90,87,3,0
Serbia,13218,2025-06,31,30,0,0,1,97,96,1,0,1,0,0,0,1,74,72,2,0
Serbia,13218,2025-05,115,114,0,0,1,143,135,8,0,392,391,0,0,1,150,150,0,0
Serbia,13218,2025-04,82,80,0,0,2,176,170,6,0,266,264,0,0,2,198,195,3,0
Serbia,13218,2025-03,21,20,0,0,1,213,199,14,0,73,72,0,0,1,188,185,3,0
Serbia,13218,2025-02,1,0,0,0,1,196,195,1,0,72,71,0,0,1,98,98,0,0
Serbia,13218,2025-01,50,50,0,0,0,65,61,4,0,30,30,0,0,0,67,54,13,0
Serbia,13218,2024-12,337,336,0,0,1,57,53,4,0,231,230,0,0,1,82,75,7,0
Serbia,13218,2024-11,176,176,0,0,0,85,85,0,0,80,80,0,0,0,141,122,19,0
Serbia,13218,2024-10,335,334,0,0,1,135,119,16,0,71,70,0,0,1,225,64,161,0
Serbia,13218,2024-09,0,0,0,0,0,104,104,0,0,90,90,0,0,0,78,78,0,0
Serbia,13218,2024-08,102,100,0,0,2,124,124,0,0,1,0,0,0,1,123,123,0,0
Serbia,13218,2024-07,1,1,0,0,0,174,174,0,0,140,140,0,0,0,113,108,5,0
Serbia,13218,2024-06,1,0,0,0,1,224,224,0,0,1,0,0,0,1,810,810,0,0
Serbia,13218,2024-05,1,0,0,0,1,120,120,0,0,1,0,0,0,1,95,95,0,0
Serbia,13218,2024-04,348,346,0,0,2,81,81,0,0,0,0,0,0,0,70,70,0,0
Serbia,13218,2024-03,50,50,0,0,0,182,182,0,0,50,49,0,0,1,147,147,0,0
Serbia,13218,2024-02,140,139,0,0,1,82,82,0,0,1,0,0,0,1,202,202,0,0
Serbia,13218,2024-01,0,0,0,0,0,122,122,0,0,21,21,0,0,0,262,262,0,0
Serbia,13218,2023-12,0,0,0,0,0,49,48,0,1,87,86,0,0,1,56,56,0,0
Serbia,13218,2023-11,50,50,0,0,0,65,65,0,0,216,215,0,0,1,45,45,0,0
Serbia,13218,2023-10,109,109,0,0,0,94,94,0,0,214,214,0,0,0,72,72,0,0
Serbia,13218,2023-09,180,180,0,0,0,60,60,0,0,109,108,0,0,1,45,44,1,0
Serbia,13218,2023-08,336,336,0,0,0,105,105,0,0,69,69,0,0,0,61,61,0,0
Serbia,13218,2023-07,179,179,0,0,0,87,87,0,0,94,94,0,0,0,55,55,0,0
Serbia,13218,2023-06,401,401,0,0,0,124,124,0,0,100,100,0,0,0,83,83,0,0
Serbia,13218,2023-05,90,89,0,0,1,71,71,0,0,0,0,0,0,0,35,35,0,0
Serbia,13218,2023-04,100,100,0,0,0,123,123,0,0,61,61,0,0,0,59,59,0,0
Serbia,13218,2023-03,20,20,0,0,0,176,171,5,0,154,154,0,0,0,109,107,2,0
Serbia,13218,2023-02,50,50,0,0,0,152,152,0,0,0,0,0,0,0,145,143,2,0
Bulgaria,15202,2026-02,220,n.a.,n.a.,n.a.,n.a.,188,187,1,0,225,n.a.,n.a.,n.a.,n.a.,33,33,0,0
Bulgaria,15202,2026-01,364,n.a.,n.a.,n.a.,n.a.,110,110,0,0,283,n.a.,n.a.,n.a.,n.a.,21,15,6,0
Bulgaria,15202,2025-12,105,n.a.,n.a.,n.a.,n.a.,161,156,4,1,33,n.a.,n.a.,n.a.,n.a.,40,37,3,0
Bulgaria,15202,2025-11,156,n.a.,n.a.,n.a.,n.a.,43,37,6,0,195,n.a.,n.a.,n.a.,n.a.,35,25,10,0
Bulgaria,15202,2025-10,151,n.a.,n.a.,n.a.,n.a.,53,45,8,0,208,n.a.,n.a.,n.a.,n.a.,56,52,4,0
Bulgaria,15202,2025-09,86,n.a.,n.a.,n.a.,n.a.,127,127,0,0,104,n.a.,n.a.,n.a.,n.a.,97,96,1,0
Bulgaria,15202,2025-08,46,n.a.,n.a.,n.a.,n.a.,51,43,8,0,77,n.a.,n.a.,n.a.,n.a.,47,43,4,0
Bulgaria,15202,2025-07,142,n.a.,n.a.,n.a.,n.a.,126,116,10,0,119,n.a.,n.a.,n.a.,n.a.,400,387,13,0
Bulgaria,15202,2025-06,148,n.a.,n.a.,n.a.,n.a.,69,63,6,0,405,n.a.,n.a.,n.a.,n.a.,58,25,33,0
Bulgaria,15202,2025-05,83,n.a.,n.a.,n.a.,n.a.,159,155,4,0,41,n.a.,n.a.,n.a.,n.a.,671,670,1,0
Bulgaria,15202,2025-04,318,n.a.,n.a.,n.a.,n.a.,77,77,0,0,629,n.a.,n.a.,n.a.,n.a.,32,29,3,0
Bulgaria,15202,2025-03,192,n.a.,n.a.,n.a.,n.a.,96,96,0,0,144,n.a.,n.a.,n.a.,n.a.,79,79,0,0
Bulgaria,15202,2025-02,56,n.a.,n.a.,n.a.,n.a.,68,65,3,0,170,n.a.,n.a.,n.a.,n.a.,83,81,2,0
Bulgaria,15202,2025-01,709,n.a.,n.a.,n.a.,n.a.,120,119,1,0,146,n.a.,n.a.,n.a.,n.a.,21,19,2,0
Bulgaria,15202,2024-12,14,n.a.,n.a.,n.a.,n.a.,29,25,4,0,32,n.a.,n.a.,n.a.,n.a.,57,48,9,0
Bulgaria,15202,2024-11,59,n.a.,n.a.,n.a.,n.a.,147,144,3,0,54,n.a.,n.a.,n.a.,n.a.,95,94,1,0
Bulgaria,15202,2024-10,167,n.a.,n.a.,n.a.,n.a.,188,187,1,0,135,n.a.,n.a.,n.a.,n.a.,67,62,4,1
Bulgaria,15202,2024-09,35,n.a.,n.a.,n.a.,n.a.,46,41,5,0,21,n.a.,n.a.,n.a.,n.a.,470,470,0,0
Bulgaria,15202,2024-08,33,n.a.,n.a.,n.a.,n.a.,16,12,4,0,43,n.a.,n.a.,n.a.,n.a.,37,24,13,0
Bulgaria,15202,2024-07,56,n.a.,n.a.,n.a.,n.a.,18,10,8,0,26,n.a.,n.a.,n.a.,n.a.,31,19,12,0
Bulgaria,15202,2024-06,13,n.a.,n.a.,n.a.,n.a.,32,28,4,0,33,n.a.,n.a.,n.a.,n.a.,18,14,4,0
Bulgaria,15202,2024-05,72,n.a.,n.a.,n.a.,n.a.,74,66,8,0,113,n.a.,n.a.,n.a.,n.a.,68,67,1,0
Bulgaria,15202,2024-04,120,n.a.,n.a.,n.a.,n.a.,151,132,19,0,65,n.a.,n.a.,n.a.,n.a.,78,56,22,0
Bulgaria,15202,2024-03,49,n.a.,n.a.,n.a.,n.a.,43,21,22,0,50,n.a.,n.a.,n.a.,n.a.,25,6,19,0
Bulgaria,15202,2024-02,26,n.a.,n.a.,n.a.,n.a.,63,44,19,0,36,n.a.,n.a.,n.a.,n.a.,52,41,11,0
Bulgaria,15202,2024-01,27,n.a.,n.a.,n.a.,n.a.,32,17,15,0,42,n.a.,n.a.,n.a.,n.a.,33,19,14,0
Bulgaria,15202,2023-12,85,n.a.,n.a.,n.a.,n.a.,9,1,8,0,76,n.a.,n.a.,n.a.,n.a.,9,4,5,0
Bulgaria,15202,2023-11,39,n.a.,n.a.,n.a.,n.a.,36,34,2,0,40,n.a.,n.a.,n.a.,n.a.,362,353,9,0
Bulgaria,15202,2023-10,64,n.a.,n.a.,n.a.,n.a.,69,67,2,0,72,n.a.,n.a.,n.a.,n.a.,12,9,3,0
Bulgaria,15202,2023-09,16,n.a.,n.a.,n.a.,n.a.,20,19,1,0,32,n.a.,n.a.,n.a.,n.a.,19,18,1,0
Bulgaria,15202,2023-08,65,n.a.,n.a.,n.a.,n.a.,40,24,16,0,45,n.a.,n.a.,n.a.,n.a.,37,27,10,0
Bulgaria,15202,2023-07,55,n.a.,n.a.,n.a.,n.a.,16,10,6,0,43,n.a.,n.a.,n.a.,n.a.,13,11,2,0
Bulgaria,15202,2023-06,40,n.a.,n.a.,n.a.,n.a.,27,27,0,0,47,n.a.,n.a.,n.a.,n.a.,3,3,0,0
Bulgaria,15202,2023-05,56,n.a.,n.a.,n.a.,n.a.,28,26,2,0,76,n.a.,n.a.,n.a.,n.a.,29,29,0,0
Bulgaria,15202,2023-04,12,n.a.,n.a.,n.a.,n.a.,8,8,0,0,30,n.a.,n.a.,n.a.,n.a.,45,45,0,0
Bulgaria,15202,2023-03,121,n.a.,n.a.,n.a.,n.a.,58,9,49,0,117,n.a.,n.a.,n.a.,n.a.,40,18,22,0
Bulgaria,15202,2023-02,39,n.a.,n.a.,n.a.,n.a.,42,32,10,0,13,n.a.,n.a.,n.a.,n.a.,27,23,4,0
Czech Republic,15288,2026-02,8867,n.a.,n.a.,n.a.,n.a.,722,582,79,61,8662,n.a.,n.a.,n.a.,n.a.,964,854,51,59
Czech Republic,15288,2026-01,7833,n.a.,n.a.,n.a.,n.a.,1390,1085,124,181,7865,n.a.,n.a.,n.a.,n.a.,1182,833,166,183
Czech Republic,15288,2025-12,8122,n.a.,n.a.,n.a.,n.a.,475,367,64,44,8706,n.a.,n.a.,n.a.,n.a.,838,762,41,35
Czech Republic,15288,2025-11,6550,n.a.,n.a.,n.a.,n.a.,228,123,77,28,6169,n.a.,n.a.,n.a.,n.a.,700,558,114,28
Czech Republic,15288,2025-10,7593,n.a.,n.a.,n.a.,n.a.,584,409,99,76,7549,n.a.,n.a.,n.a.,n.a.,465,325,79,61
Czech Republic,15288,2025-09,10671,n.a.,n.a.,n.a.,n.a.,681,509,108,64,9973,n.a.,n.a.,n.a.,n.a.,423,266,121,36
Czech Republic,15288,2025-08,17467,n.a.,n.a.,n.a.,n.a.,437,270,72,95,17925,n.a.,n.a.,n.a.,n.a.,414,329,59,26
Czech Republic,15288,2025-07,16894,n.a.,n.a.,n.a.,n.a.,714,402,262,50,16862,n.a.,n.a.,n.a.,n.a.,986,270,683,33
Czech Republic,15288,2025-06,7251,n.a.,n.a.,n.a.,n.a.,591,397,93,101,6730,n.a.,n.a.,n.a.,n.a.,1055,882,125,48
Czech Republic,15288,2025-05,4501,n.a.,n.a.,n.a.,n.a.,646,353,260,33,4291,n.a.,n.a.,n.a.,n.a.,576,243,286,47
Czech Republic,15288,2025-04,5890,n.a.,n.a.,n.a.,n.a.,856,739,61,56,6189,n.a.,n.a.,n.a.,n.a.,653,516,87,50
Czech Republic,15288,2025-03,16298,n.a.,n.a.,n.a.,n.a.,647,507,59,81,16797,n.a.,n.a.,n.a.,n.a.,447,321,56,70
Czech Republic,15288,2025-02,12079,n.a.,n.a.,n.a.,n.a.,448,347,62,39,11847,n.a.,n.a.,n.a.,n.a.,408,313,49,46
Czech Republic,15288,2025-01,8723,n.a.,n.a.,n.a.,n.a.,222,154,55,13,8522,n.a.,n.a.,n.a.,n.a.,185,123,51,11
Czech Republic,15288,2024-12,6216,n.a.,n.a.,n.a.,n.a.,260,188,32,40,5938,n.a.,n.a.,n.a.,n.a.,391,333,28,30
Czech Republic,15288,2024-11,5811,n.a.,n.a.,n.a.,n.a.,276,196,58,22,5927,n.a.,n.a.,n.a.,n.a.,552,479,45,28
Czech Republic,15288,2024-10,8971,n.a.,n.a.,n.a.,n.a.,283,202,29,52,8996,n.a.,n.a.,n.a.,n.a.,312,179,100,33
Czech Republic,15288,2024-09,7589,n.a.,n.a.,n.a.,n.a.,337,193,106,38,7376,n.a.,n.a.,n.a.,n.a.,342,220,104,18
Czech Republic,15288,2024-08,14500,n.a.,n.a.,n.a.,n.a.,386,313,34,39,15017,n.a.,n.a.,n.a.,n.a.,276,243,8,25
Czech Republic,15288,2024-07,20390,n.a.,n.a.,n.a.,n.a.,213,181,12,20,19982,n.a.,n.a.,n.a.,n.a.,169,87,56,26
Czech Republic,15288,2024-06,9366,n.a.,n.a.,n.a.,n.a.,148,93,18,37,9125,n.a.,n.a.,n.a.,n.a.,195,118,37,40
Czech Republic,15288,2024-05,7311,n.a.,n.a.,n.a.,n.a.,257,164,70,23,6025,n.a.,n.a.,n.a.,n.a.,307,207,59,41
Czech Republic,15288,2024-04,10923,n.a.,n.a.,n.a.,n.a.,286,220,49,17,12110,n.a.,n.a.,n.a.,n.a.,358,266,39,53
Czech Republic,15288,2024-03,12026,n.a.,n.a.,n.a.,n.a.,170,86,36,48,10839,n.a.,n.a.,n.a.,n.a.,344,271,16,57
Czech Republic,15288,2024-02,10141,n.a.,n.a.,n.a.,n.a.,379,282,43,54,10650,n.a.,n.a.,n.a.,n.a.,320,201,82,37
Czech Republic,15288,2024-01,14205,n.a.,n.a.,n.a.,n.a.,168,121,27,20,14611,n.a.,n.a.,n.a.,n.a.,263,167,61,35
Czech Republic,15288,2023-12,18376,n.a.,n.a.,n.a.,n.a.,166,119,21,26,17772,n.a.,n.a.,n.a.,n.a.,266,203,28,35
Czech Republic,15288,2023-11,16621,n.a.,n.a.,n.a.,n.a.,225,147,58,20,15665,n.a.,n.a.,n.a.,n.a.,334,205,107,22
Czech Republic,15288,2023-10,7196,n.a.,n.a.,n.a.,n.a.,304,268,9,27,8435,n.a.,n.a.,n.a.,n.a.,145,92,33,20
Czech Republic,15288,2023-09,14310,n.a.,n.a.,n.a.,n.a.,194,149,18,27,12764,n.a.,n.a.,n.a.,n.a.,392,315,41,36
Czech Republic,15288,2023-08,21583,n.a.,n.a.,n.a.,n.a.,287,263,11,13,20298,n.a.,n.a.,n.a.,n.a.,237,202,7,28
Czech Republic,15288,2023-07,23736,n.a.,n.a.,n.a.,n.a.,271,225,29,17,24459,n.a.,n.a.,n.a.,n.a.,216,169,11,36
Czech Republic,15288,2023-06,25655,n.a.,n.a.,n.a.,n.a.,293,133,13,147,23961,n.a.,n.a.,n.a.,n.a.,183,137,16,30
Czech Republic,15288,2023-05,23099,n.a.,n.a.,n.a.,n.a.,174,138,17,19,23297,n.a.,n.a.,n.a.,n.a.,340,223,15,102
Czech Republic,15288,2023-04,14577,n.a.,n.a.,n.a.,n.a.,184,89,21,74,14196,n.a.,n.a.,n.a.,n.a.,162,97,26,39
Czech Republic,15288,2023-03,15133,n.a.,n.a.,n.a.,n.a.,233,105,34,94,14585,n.a.,n.a.,n.a.,n.a.,457,382,29,46
Czech Republic,15288,2023-02,2463,n.a.,n.a.,n.a.,n.a.,317,118,66,133,2667,n.a.,n.a.,n.a.,n.a.,267,185,52,30
Hungary,15504,2026-02,13312,12956,71,0,285,1059,655,79,325,13630,13226,33,1,370,1205,838,88,279
Hungary,15504,2026-01,10020,9582,35,0,403,1613,1325,50,238,8695,8344,30,0,321,1737,1350,38,349
Hungary,15504,2025-12,5965,5607,127,3,228,1140,853,49,238,5798,5562,28,1,207,1223,981,15,227
Hungary,15504,2025-11,5452,5146,54,2,250,1166,807,29,330,5495,5135,64,0,296,1032,748,52,232
Hungary,15504,2025-10,6671,6374,49,2,246,730,490,40,200,6721,6443,29,1,248,1314,978,18,318
Hungary,15504,2025-09,6197,5805,67,2,323,986,666,16,304,5932,5622,5,0,305,1358,1171,18,169
Hungary,15504,2025-08,5180,4960,59,13,148,754,577,12,165,5123,4965,8,11,139,552,402,27,123
Hungary,15504,2025-07,7620,7376,25,0,219,1022,700,36,286,7546,7307,9,1,229,1116,823,33,260
Hungary,15504,2025-06,4709,4447,50,43,169,1203,842,169,192,4549,4370,0,1,178,2314,2076,75,163
Hungary,15504,2025-05,6820,6639,38,33,110,924,423,197,304,7108,6955,33,0,120,765,445,104,216
Hungary,15504,2025-04,10157,9860,90,0,207,909,599,46,264,10001,9735,37,32,197,847,533,67,247
Hungary,15504,2025-03,7306,7048,15,0,243,777,451,138,188,7319,7013,40,16,250,624,327,52,245
Hungary,15504,2025-02,5674,5436,24,0,214,1010,526,58,426,5693,5431,32,0,230,942,570,80,292
Hungary,15504,2025-01,6730,6506,25,4,195,539,321,45,173,6718,6495,36,0,187,782,426,89,267
Hungary,15504,2024-12,4999,4842,55,3,99,629,414,18,197,4883,4744,20,1,118,551,372,56,123
Hungary,15504,2024-11,4260,4025,38,1,196,548,315,23,210,4179,3911,46,1,221,771,356,39,376
Hungary,15504,2024-10,6284,5965,122,0,197,562,424,33,105,6187,5980,5,2,200,545,380,49,116
Hungary,15504,2024-09,6836,6543,112,1,180,486,378,14,94,6767,6491,70,5,201,583,324,50,209
Hungary,15504,2024-08,4611,4284,48,3,276,590,505,17,68,4409,4111,20,0,278,450,301,33,116
Hungary,15504,2024-07,6794,6481,29,39,245,548,413,61,74,6923,6632,34,3,254,561,259,84,218
Hungary,15504,2024-06,4381,3990,49,0,342,327,179,28,120,4257,3875,0,1,381,427,247,28,152
Hungary,15504,2024-05,6289,6029,24,0,236,711,510,48,153,6383,6101,50,2,230,590,386,102,102
Hungary,15504,2024-04,4331,4128,76,5,122,539,361,67,111,4135,3950,43,11,131,606,385,121,100
Hungary,15504,2024-03,2336,1976,87,0,273,526,351,45,130,2495,2134,21,3,337,449,252,62,135
Hungary,15504,2024-02,4273,4009,31,23,210,350,199,23,128,4193,3890,55,1,247,509,343,40,126
Hungary,15504,2024-01,4158,3766,72,0,320,416,298,28,90,4296,3896,24,24,352,1464,1241,86,137
Hungary,15504,2023-12,3012,2535,182,0,295,394,214,30,150,2991,2504,143,25,319,340,184,26,130
Hungary,15504,2023-11,1134,948,43,4,139,512,278,31,203,1237,944,8,1,284,745,565,46,134
Hungary,15504,2023-10,2304,2059,59,4,182,393,271,24,98,2322,2148,21,5,148,416,252,40,124
Hungary,15504,2023-09,3097,2862,100,2,133,583,337,19,227,3174,3007,42,3,122,438,258,40,140
Hungary,15504,2023-08,2427,2238,23,3,163,342,214,13,115,2290,2092,22,3,173,523,273,47,203
Hungary,15504,2023-07,1605,1371,28,4,202,555,422,43,90,1533,1338,6,4,185,592,315,112,165
Hungary,15504,2023-06,1215,824,19,7,365,604,407,22,175,1130,776,7,2,345,738,433,74,231
Hungary,15504,2023-05,969,797,22,10,140,573,399,72,102,912,756,25,4,127,1003,673,243,87
Hungary,15504,2023-04,1102,905,80,6,111,456,360,16,80,798,673,17,1,107,338,246,24,68
Hungary,15504,2023-03,1044,626,139,5,274,811,571,16,224,1124,795,72,3,254,672,519,35,118
Hungary,15504,2023-02,476,102,97,3,274,766,622,12,132,538,199,30,2,307,680,561,25,94
Poland,15768,2026-02,17761,16289,0,5,1467,4568,3602,101,865,18241,15836,0,1,2404,4798,3720,66,1012
Poland,15768,2026-01,16941,15225,0,7,1709,4401,3522,82,797,11695,10125,0,0,1570,5104,3692,100,1312
Poland,15768,2025-12,14458,14200,0,1,257,3207,2644,76,487,14961,14070,0,3,888,3467,2633,55,779
Poland,15768,2025-11,13240,11813,0,13,1414,3406,2680,228,498,16173,14468,0,0,1705,3659,2927,149,583
Poland,15768,2025-10,18776,17489,0,3,1284,4130,3210,117,803,17696,16659,0,0,1037,3848,3034,98,716
Poland,15768,2025-09,16417,15170,0,1,1246,3710,2538,107,1065,15484,14581,0,10,893,3051,2262,110,679
Poland,15768,2025-08,12047,10921,0,0,1126,3306,2501,82,723,18037,16673,0,2,1362,3392,2599,126,667
Poland,15768,2025-07,14276,13054,0,1,1221,3526,2614,152,760,13738,11841,0,1,1896,3801,2532,146,1123
Poland,15768,2025-06,14739,12431,0,0,2308,3542,2197,134,1211,11755,10529,0,10,1216,3577,2307,129,1141
Poland,15768,2025-05,18607,17030,0,0,1577,4078,3214,182,682,17074,15419,0,10,1645,3712,2719,103,890
Poland,15768,2025-04,25041,23384,0,1,1656,3621,2925,88,608,20421,18232,0,3,2186,3493,2621,75,797
Poland,15768,2025-03,15246,13536,0,2,1708,3107,2240,99,768,12345,11271,0,61,1013,3622,2514,109,999
Poland,15768,2025-02,18519,16859,0,62,1598,2679,1769,193,717,20251,17535,0,0,2716,4394,3180,199,1015
Poland,15768,2025-01,18425,16323,0,4,2098,1073,614,121,338,17688,15445,0,1157,1086,1883,833,557,493
Poland,15768,2024-12,15438,13989,0,87,1362,1308,915,87,306,16331,14019,0,0,2312,1386,783,85,518
Poland,15768,2024-11,11908,11057,0,1,850,1393,942,64,387,10228,9291,0,2,935,1875,1413,86,376
Poland,15768,2024-10,7886,6202,0,0,1684,2290,1502,102,686,7249,6361,0,0,888,2279,1582,67,630
Poland,15768,2024-09,8956,7853,0,1,1102,1584,797,186,601,8460,7350,0,2,1108,1823,1052,237,534
Poland,15768,2024-08,6191,5391,0,1,799,1861,1444,51,366,6014,5573,0,44,397,1539,1113,58,368
Poland,15768,2024-07,13054,12912,0,0,142,1497,1062,139,296,13569,13103,0,30,436,3239,2187,451,601
Poland,15768,2024-06,11006,10474,0,0,532,880,430,34,416,8307,7604,0,8,695,1130,540,50,540
Poland,15768,2024-05,13614,12983,0,57,574,1366,759,110,497,12604,12401,0,44,159,1163,633,75,455
Poland,15768,2024-04,12439,12204,0,0,235,1270,837,67,366,13555,13329,0,13,213,1780,1167,51,562
Poland,15768,2024-03,16293,16120,0,0,173,1305,743,68,494,16438,16267,0,7,164,4172,3540,47,585
Poland,15768,2024-02,14437,14163,0,6,268,735,460,39,236,14226,13942,0,75,209,1229,750,27,452
Poland,15768,2024-01,13915,13629,0,0,286,910,623,46,241,14454,14156,0,0,298,1053,512,38,503
Poland,15768,2023-12,12588,12346,0,2,240,877,382,64,431,13390,13218,0,1,171,838,348,32,458
Poland,15768,2023-11,13738,12819,0,1,918,1088,500,90,498,13139,12311,0,17,811,1143,504,107,532
Poland,15768,2023-10,12482,12284,0,1,197,1054,569,63,422,15608,15369,0,25,214,1359,464,305,590
Poland,15768,2023-09,15075,14713,0,0,362,1235,529,46,660,15093,14672,0,22,399,1178,431,102,645
Poland,15768,2023-08,15130,14872,0,0,258,1085,554,17,514,13828,13641,0,13,174,730,342,29,359
Poland,15768,2023-07,12236,12035,0,0,201,907,629,32,246,12275,12095,0,0,180,1027,632,50,345
Poland,15768,2023-06,10338,9520,0,1,817,1568,997,26,545,8590,7695,0,0,895,1238,600,37,601
Poland,15768,2023-05,9320,8423,0,0,897,882,582,40,260,7811,6803,0,8,1000,1428,867,197,364
Poland,15768,2023-04,11721,10942,0,0,779,935,593,82,260,9475,8985,0,25,465,2565,2213,20,332
Poland,15768,2023-03,15604,15397,0,2,205,936,416,28,492,15754,15604,0,0,150,972,283,126,563
Poland,15768,2023-02,8720,8499,0,0,221,791,435,62,294,7532,7376,0,2,154,821,444,59,318
Romania,15806,2026-02,1176,1064,0,0,112,2067,1865,181,21,1659,1500,0,59,100,1420,1342,40,38
Romania,15806,2026-01,1122,973,0,16,133,1261,1180,43,38,210,76,0,0,134,1161,1059,92,10
Romania,15806,2025-12,870,738,0,11,121,723,682,36,5,1516,1335,0,0,181,826,817,3,6
Romania,15806,2025-11,626,508,0,0,118,862,819,37,6,339,220,0,0,119,789,747,37,5
Romania,15806,2025-10,749,544,0,0,205,925,882,30,13,458,234,0,7,217,1719,1699,19,1
Romania,15806,2025-09,368,222,0,0,146,1038,954,21,63,994,821,0,2,171,876,827,40,9
Romania,15806,2025-08,652,500,0,5,147,580,507,46,27,468,318,0,0,150,618,582,27,9
Romania,15806,2025-07,1134,973,0,2,159,983,933,43,7,358,174,0,7,177,3283,3232,42,9
Romania,15806,2025-06,303,155,0,11,137,1219,1158,40,21,941,756,0,0,185,1365,1207,111,47
Romania,15806,2025-05,972,801,0,58,113,1142,1106,20,16,1003,881,0,0,122,926,871,52,3
Romania,15806,2025-04,177,72,0,0,105,931,824,91,16,946,750,0,88,108,1238,1208,25,5
Romania,15806,2025-03,283,128,0,16,139,888,853,29,6,757,612,0,0,145,812,767,40,5
Romania,15806,2025-02,1219,1040,0,49,130,703,652,46,5,328,191,0,0,137,1664,1630,28,6
Romania,15806,2025-01,864,736,0,0,128,754,688,65,1,1196,1068,0,0,128,504,485,16,3
Romania,15806,2024-12,503,376,0,1,126,798,746,46,6,646,474,24,0,148,605,564,39,2
Romania,15806,2024-11,815,701,0,0,114,1077,862,205,10,316,193,0,1,122,655,562,82,11
Romania,15806,2024-10,2204,2112,0,0,92,771,683,72,16,146,39,0,0,107,572,550,15,7
Romania,15806,2024-09,1157,1083,0,0,74,709,657,21,31,247,158,0,0,89,1499,840,652,7
Romania,15806,2024-08,764,702,0,1,61,560,526,17,17,965,894,0,1,70,329,308,14,7
Romania,15806,2024-07,1519,1439,0,0,80,437,381,23,33,1243,1147,0,1,95,365,331,27,7
Romania,15806,2024-06,258,175,0,0,83,508,413,50,45,213,120,0,0,93,297,276,16,5
Romania,15806,2024-05,657,577,0,1,79,530,484,33,13,400,317,0,0,83,1233,1200,28,5
Romania,15806,2024-04,964,857,0,2,105,642,607,27,8,414,306,0,1,107,538,497,35,6
Romania,15806,2024-03,829,722,0,1,106,382,339,38,5,277,174,0,0,103,544,471,54,19
Romania,15806,2024-02,1665,1595,0,0,70,621,564,36,21,408,334,0,0,74,1274,771,496,7
Romania,15806,2024-01,214,168,0,0,46,434,357,7,70,910,854,0,0,56,1410,1261,47,102
Romania,15806,2023-12,74,29,0,2,43,441,334,60,47,679,629,0,0,50,373,306,49,18
Romania,15806,2023-11,122,22,0,45,55,765,717,40,8,834,754,0,25,55,314,294,14,6
Romania,15806,2023-10,87,23,0,16,48,405,382,7,16,805,758,0,0,47,227,151,52,24
Romania,15806,2023-09,367,327,0,0,40,373,336,15,22,309,266,0,6,37,814,420,357,37
Romania,15806,2023-08,375,333,0,13,29,412,387,2,23,728,684,0,15,29,325,248,61,16
Romania,15806,2023-07,442,415,0,3,24,508,423,3,82,483,416,0,38,29,774,494,37,243
Romania,15806,2023-06,438,356,0,46,36,676,454,200,22,259,212,0,7,40,523,456,45,22
Romania,15806,2023-05,504,486,0,0,18,448,360,29,59,508,478,0,11,19,861,674,158,29
Romania,15806,2023-04,167,132,12,0,23,586,362,171,53,272,240,0,6,26,214,183,9,22
Romania,15806,2023-03,326,197,0,101,28,878,847,7,24,499,437,0,32,30,565,553,4,8
Romania,15806,2023-02,1243,1215,0,1,27,468,422,32,14,436,305,0,106,25,902,841,53,8
Russia,16101,2026-02,30,3,0,1,26,18,0,10,8,32,0,0,0,32,0,0,0,0
Russia,16101,2026-01,62,1,0,1,60,2,0,0,2,45,0,0,0,45,0,0,0,0
Russia,16101,2025-12,34,2,0,4,28,2,0,0,2,36,0,0,0,36,0,0,0,0
Russia,16101,2025-11,16,1,0,2,13,7,0,0,7,17,0,0,1,16,0,0,0,0
Russia,16101,2025-10,51,3,0,1,47,4,0,0,4,52,0,0,0,52,0,0,0,0
Russia,16101,2025-09,18,2,0,0,16,4,0,0,4,19,0,0,0,19,0,0,0,0
Russia,16101,2025-08,20,1,0,3,16,0,0,0,0,14,0,0,0,14,8,0,0,8
Russia,16101,2025-07,19,0,0,1,18,0,0,0,0,16,0,0,1,15,0,0,0,0
Russia,16101,2025-06,22,2,0,2,18,0,0,0,0,11,2,0,1,8,0,0,0,0
Russia,16101,2025-05,61,4,0,9,48,4,0,0,4,58,0,0,1,57,0,0,0,0
Russia,16101,2025-04,47,2,0,0,45,4,0,0,4,36,0,0,1,35,0,0,0,0
Russia,16101,2025-03,46,2,0,2,42,8,0,4,4,41,1,0,1,39,2,0,1,1
Russia,16101,2025-02,40,1,0,5,34,6,0,2,4,52,1,0,2,49,0,0,0,0
Russia,16101,2025-01,43,5,0,0,38,4,0,1,3,35,0,0,1,34,0,0,0,0
Russia,16101,2024-12,43,4,0,11,28,3,0,0,3,31,0,0,0,31,10,0,0,10
Russia,16101,2024-11,25,2,0,1,22,3,0,0,3,27,0,0,1,26,0,0,0,0
Russia,16101,2024-10,22,1,0,5,16,177,9,2,166,23,0,0,0,23,88,9,0,79
Russia,16101,2024-09,15,2,0,7,6,134,1,6,127,8,0,0,0,8,44,0,0,44
Russia,16101,2024-08,10,1,0,2,7,661,0,1,660,52,0,0,0,52,33,1,0,32
Russia,16101,2024-07,13,1,0,1,11,63,18,0,45,46,21,0,0,25,9,5,0,4
Russia,16101,2024-06,17,1,0,5,11,129,67,3,59,19,0,0,0,19,53,53,0,0
Russia,16101,2024-05,12,1,0,1,10,54,4,8,42,19,0,0,1,18,2,1,0,1
Russia,16101,2024-04,16,2,0,1,13,160,1,0,159,14,0,0,0,14,5,0,0,5
Russia,16101,2024-03,15,1,0,3,11,64,18,0,46,23,0,0,3,20,32,11,0,21
Russia,16101,2024-02,22,3,0,1,18,35,5,6,24,22,0,0,0,22,3,3,0,0
Russia,16101,2024-01,15,2,0,6,7,55,4,0,51,17,0,0,5,12,5,0,0,5
Russia,16101,2023-12,12,3,0,2,7,34,15,0,19,15,0,0,1,14,16,14,0,2
Russia,16101,2023-11,30,2,0,1,27,120,40,0,80,82,0,0,0,82,44,27,0,17
Russia,16101,2023-10,129,1,0,1,127,244,94,1,149,91,0,0,0,91,77,7,0,70
Russia,16101,2023-09,78,3,0,1,74,787,23,0,764,102,0,0,0,102,6,0,0,6
Russia,16101,2023-08,83,4,0,3,76,98,30,14,54,211,1,0,2,208,14,0,0,14
Russia,16101,2023-07,63,2,0,3,58,178,49,0,129,151,1,0,0,150,13,4,0,9
Russia,16101,2023-06,84,3,0,3,78,122,2,59,61,165,1,0,3,161,1,0,0,1
Russia,16101,2023-05,108,0,0,3,105,58,5,0,53,80,0,0,1,79,111,2,59,50
Russia,16101,2023-04,40,5,0,3,32,168,2,40,126,31,0,0,1,30,250,1,6,243
Russia,16101,2023-03,68,8,0,6,54,230,2,1,227,35,0,0,1,34,4,1,0,3
Russia,16101,2023-02,81,7,0,21,53,66,30,0,36,85,3,0,3,79,32,17,1,14
Ukraine,16403,2026-02,1435,1434,0,0,1,262,247,15,0,1345,1343,0,1,1,218,213,5,0
Ukraine,16403,2026-01,1545,1544,0,1,0,337,333,4,0,78,75,0,0,3,222,216,6,0
Ukraine,16403,2025-12,2518,2516,0,0,2,181,179,0,2,548,546,0,0,2,137,136,1,0
Ukraine,16403,2025-11,679,679,0,0,0,115,113,2,0,760,760,0,0,0,125,123,0,2
Ukraine,16403,2025-10,3376,3374,0,0,2,113,113,0,0,770,767,0,0,3,133,126,7,0
Ukraine,16403,2025-09,2597,2597,0,0,0,173,170,3,0,2858,2851,4,0,3,152,146,6,0
Ukraine,16403,2025-08,2441,2441,0,0,0,139,124,15,0,2188,2186,0,0,2,262,247,15,0
Ukraine,16403,2025-07,2297,2295,0,0,2,40,40,0,0,2304,2296,0,2,6,61,61,0,0
Ukraine,16403,2025-06,2161,2161,0,0,0,56,42,14,0,1723,1721,0,0,2,62,48,14,0
Ukraine,16403,2025-05,4168,4168,0,0,0,109,105,4,0,342,341,0,1,0,69,69,0,0
Ukraine,16403,2025-04,1122,1122,0,0,0,75,70,1,4,828,827,0,0,1,87,87,0,0
Ukraine,16403,2025-03,3566,3560,4,0,2,185,179,6,0,1003,996,0,1,6,171,160,10,1
Ukraine,16403,2025-02,1456,1455,0,0,1,379,360,19,0,376,374,0,0,2,344,312,32,0
Ukraine,16403,2025-01,1683,1681,0,0,2,262,262,0,0,2313,2312,0,0,1,204,200,4,0
Ukraine,16403,2024-12,3910,3908,0,0,2,68,65,3,0,2554,2553,0,0,1,55,51,3,1
Ukraine,16403,2024-11,2279,2279,0,0,0,228,222,6,0,2736,2733,0,0,3,265,260,5,0
Ukraine,16403,2024-10,2074,2074,0,0,0,95,90,5,0,1228,1227,0,0,1,133,126,7,0
Ukraine,16403,2024-09,1551,1549,0,1,1,229,215,14,0,1629,1623,5,0,1,227,213,14,0
Ukraine,16403,2024-08,4944,4930,0,0,14,261,255,4,2,364,349,0,0,15,209,199,10,0
Ukraine,16403,2024-07,3318,3264,0,21,33,217,185,32,0,2585,2553,0,0,32,176,173,3,0
Ukraine,16403,2024-06,1846,1826,5,0,15,86,80,4,2,221,209,0,0,12,75,73,2,0
Ukraine,16403,2024-05,802,794,0,0,8,109,105,4,0,405,395,0,0,10,105,100,5,0
Ukraine,16403,2024-04,3945,3942,0,0,3,72,69,3,0,3626,3608,15,0,3,61,60,1,0
Ukraine,16403,2024-03,2804,2785,15,1,3,73,69,3,1,587,574,7,0,6,141,139,2,0
Ukraine,16403,2024-02,2506,2489,0,3,14,33,30,3,0,2697,2671,10,0,16,40,37,3,0
Ukraine,16403,2024-01,3830,3810,8,0,12,85,81,4,0,4942,4930,0,0,12,43,39,4,0
Ukraine,16403,2023-12,104,90,0,2,12,98,94,4,0,426,412,0,0,14,86,84,2,0
Ukraine,16403,2023-11,3715,3694,0,1,20,90,84,6,0,1638,1611,8,4,15,71,61,10,0
Ukraine,16403,2023-10,2984,2961,0,0,23,82,74,8,0,3859,3833,0,2,24,66,60,6,0
Ukraine,16403,2023-09,2434,2406,0,0,28,54,54,0,0,432,399,0,0,33,65,46,19,0
Ukraine,16403,2023-08,2567,2530,2,0,35,81,81,0,0,1427,1393,0,0,34,26,25,1,0
Ukraine,16403,2023-07,677,637,0,0,40,138,132,6,0,1406,1367,0,0,39,98,87,11,0
Ukraine,16403,2023-06,2127,2092,0,1,34,100,89,11,0,695,663,0,0,32,66,51,15,0
Ukraine,16403,2023-05,5274,5257,0,0,17,43,39,4,0,5379,5358,0,0,21,229,226,3,0
Ukraine,16403,2023-04,4466,4438,8,0,20,35,28,7,0,1192,1172,0,0,20,21,13,8,0
Ukraine,16403,2023-03,905,865,8,0,32,78,74,4,0,2413,2345,0,39,29,23,12,11,0
Ukraine,16403,2023-02,3005,2995,0,0,10,73,68,5,0,2128,2119,0,0,9,32,31,1,0
Kazakhstan,16543,2026-02,764,500,0,35,229,430,83,21,326,404,251,0,3,150,474,190,48,236
Kazakhstan,16543,2026-01,774,615,0,26,133,532,61,136,335,627,355,0,67,205,614,223,49,342
Kazakhstan,16543,2025-12,1247,1001,0,53,193,1021,171,193,657,865,763,0,5,97,857,215,173,469
Kazakhstan,16543,2025-11,444,254,0,50,140,664,107,73,484,348,216,0,20,112,791,158,177,456
Kazakhstan,16543,2025-10,746,623,0,14,109,929,103,141,685,550,415,12,36,87,1145,374,193,578
Kazakhstan,16543,2025-09,760,632,0,11,117,558,117,43,398,985,861,0,28,96,603,80,59,464
Kazakhstan,16543,2025-08,186,107,0,14,65,477,46,90,341,193,97,0,4,92,509,68,74,367
Kazakhstan,16543,2025-07,723,637,0,30,56,362,159,49,154,284,180,0,4,100,878,605,110,163
Kazakhstan,16543,2025-06,196,84,0,12,100,433,26,38,369,290,156,4,49,81,421,54,57,310
Kazakhstan,16543,2025-05,518,394,0,47,77,571,57,236,278,222,95,0,4,123,552,177,122,253
Kazakhstan,16543,2025-04,221,94,0,24,103,595,25,126,444,167,35,20,5,107,677,137,114,426
Kazakhstan,16543,2025-03,507,72,0,306,129,518,28,46,444,269,170,6,24,69,700,22,305,373
Kazakhstan,16543,2025-02,267,126,0,38,103,338,15,40,283,209,71,5,20,113,528,31,138,359
Kazakhstan,16543,2025-01,367,226,0,3,138,358,60,68,230,196,62,3,12,119,396,83,76,237
Kazakhstan,16543,2024-12,566,278,0,207,81,481,83,45,353,625,173,0,13,439,619,60,159,400
Kazakhstan,16543,2024-11,645,560,0,7,78,366,41,75,250,296,222,0,6,68,392,41,83,268
Kazakhstan,16543,2024-10,378,325,0,7,46,380,68,73,239,150,65,0,22,63,660,211,207,242
Kazakhstan,16543,2024-09,259,213,0,16,30,849,21,164,664,306,240,0,36,30,737,11,46,680
Kazakhstan,16543,2024-08,251,194,0,0,57,338,35,49,254,133,87,0,20,26,408,30,64,314
Kazakhstan,16543,2024-07,251,178,0,41,32,458,70,28,360,424,316,0,24,84,413,19,49,345
Kazakhstan,16543,2024-06,451,317,0,61,73,497,31,41,425,479,431,8,1,39,448,21,40,387
Kazakhstan,16543,2024-05,1453,1395,0,15,43,599,26,48,525,369,311,0,17,41,496,9,42,445
Kazakhstan,16543,2024-04,795,708,0,15,72,776,36,113,627,265,201,0,0,64,994,43,180,771
Kazakhstan,16543,2024-03,205,113,0,29,63,420,29,48,343,108,39,11,8,50,547,34,47,466
Kazakhstan,16543,2024-02,482,323,0,42,117,547,12,61,474,1438,1324,6,6,102,553,17,58,478
Kazakhstan,16543,2024-01,478,243,0,177,58,593,25,59,509,400,325,0,2,73,863,30,67,766
Kazakhstan,16543,2023-12,297,233,0,1,63,149,16,55,78,167,89,0,9,69,111,13,26,72
Kazakhstan,16543,2023-11,149,74,0,3,72,281,42,136,103,728,655,0,2,71,177,20,73,84
Kazakhstan,16543,2023-10,540,479,0,1,60,210,79,59,72,593,526,0,2,65,143,21,50,72
Kazakhstan,16543,2023-09,1159,707,0,1,451,218,50,66,102,1062,558,6,5,493,184,18,71,95
Kazakhstan,16543,2023-08,945,516,0,3,426,188,48,64,76,490,41,6,13,430,166,21,75,70
Kazakhstan,16543,2023-07,367,143,0,11,213,135,12,25,98,269,26,4,8,231,144,16,81,47
Kazakhstan,16543,2023-06,138,38,0,5,95,199,33,84,82,358,249,6,9,94,153,40,67,46
Kazakhstan,16543,2023-05,214,94,0,49,71,166,71,32,63,138,39,22,26,51,225,36,101,88
Kazakhstan,16543,2023-04,199,146,0,2,51,276,43,153,80,59,3,2,5,49,192,14,69,109
Kazakhstan,16543,2023-03,395,289,9,14,83,440,71,298,71,704,609,2,22,71,276,46,117,113
Kazakhstan,16543,2023-02,349,266,0,4,79,282,29,209,44,92,8,0,4,80,260,31,164,65
Total Europe,19992,2026-02,4569203,1894627,32863,211194,2430519,908909,144648,90376,673885,4510383,1890107,25836,169984,2424456,924871,146955,100042,677874
Total Europe,19992,2026-01,3991850,1868964,47283,169214,1906389,897615,150695,99185,647735,3863977,1789877,28817,164659,1880624,898128,156831,108349,632948
Total Europe,19992,2025-12,4527370,1999009,39178,150481,2338702,811624,101016,74822,635786,4547886,2043176,32452,135920,2336338,824405,99935,79825,644645
Total Europe,19992,2025-11,3568210,1667896,27186,160571,1712557,787866,91040,93039,603787,3530661,1666172,38865,131037,1694587,788922,96269,99477,593176
Total Europe,19992,2025-10,3608042,1911916,48729,155839,1491558,822107,85591,95250,641266,3530191,1899823,32607,137531,1460230,818655,97993,103090,617572
Total Europe,19992,2025-09,3676438,1807048,39908,153210,1676272,799810,97485,112910,589415,3609419,1806845,33655,142203,1626716,809784,96946,119942,592896
Total Europe,19992,2025-08,3106743,1556147,29150,120314,1401132,689291,72842,77705,538744,3051908,1535467,28483,106467,1381491,705162,79480,85284,540398
Total Europe,19992,2025-07,3205768,1781805,35910,135790,1252263,749048,81717,97896,569435,3066566,1682287,25457,123787,1235035,755638,88059,100623,566956
Total Europe,19992,2025-06,3391207,1590870,21911,139537,1638889,738840,80329,93002,565509,3287219,1575573,30397,124576,1556673,741110,86849,96344,557917
Total Europe,19992,2025-05,3318712,1689341,30646,160175,1438550,686849,86065,104062,496722,3196514,1658724,23867,141527,1372396,701210,83099,115918,502193
Total Europe,19992,2025-04,3395884,1911828,40741,154445,1288870,762708,105550,89333,567825,3337497,1897484,29625,144240,1266148,747749,105028,87569,555152
Total Europe,19992,2025-03,3496408,1793356,25692,180508,1496852,847015,113624,106610,626781,3374843,1684110,31874,129695,1529164,849913,114428,112665,622820
Total Europe,19992,2025-02,3008857,1515091,28249,132339,1333178,649592,108111,80108,461373,2998882,1509204,31892,127917,1329869,670879,111081,91509,468289
Total Europe,19992,2025-01,2472902,1202583,37628,125087,1107604,603115,87481,78486,437148,2374582,1165113,20712,110494,1078263,629738,90976,91707,447055
Total Europe,19992,2024-12,2604868,1034545,13180,99586,1457557,611688,69071,66426,476191,2587432,1046671,8109,97116,1435536,625507,73101,70407,481999
Total Europe,19992,2024-11,2783341,1263354,13827,109088,1397072,659147,75279,74414,509454,2700822,1256290,11537,112633,1320362,689595,78843,85567,525185
Total Europe,19992,2024-10,2747721,1510270,25406,146186,1065859,681330,111958,103838,465534,2739645,1519466,11632,128164,1080383,679357,112951,103810,462596
Total Europe,19992,2024-09,2684705,1322628,20193,153589,1188295,658845,110049,92111,456685,2546420,1270547,13225,134107,1128541,667716,108026,105841,453849
Total Europe,19992,2024-08,2643894,1451806,13118,119878,1059092,560690,83360,69271,408059,2577959,1415942,11774,117224,1033019,565386,81091,70929,413366
Total Europe,19992,2024-07,2430604,1353743,11947,120536,944378,608777,80637,81206,446934,2361277,1352523,10159,89419,909176,626992,85983,86179,454830
Total Europe,19992,2024-06,2443511,1206702,15270,101301,1120238,587968,61221,70373,456374,2384262,1184886,9611,113638,1076127,609316,64774,81785,462757
Total Europe,19992,2024-05,2207708,1107362,9933,129566,960847,580784,58022,85002,437760,2153319,1068817,12538,109168,962796,621435,63170,102649,455616
Total Europe,19992,2024-04,2099349,1173828,14491,103770,807260,551455,51054,87628,412773,2082117,1164671,14233,89314,813899,579113,55015,101276,422822
Total Europe,19992,2024-03,2158665,1035736,19268,128663,974998,575647,42925,92258,440464,2066564,999645,10733,106123,950063,610682,49843,113209,447630
Total Europe,19992,2024-02,2094599,1010909,21702,125309,936679,516503,49127,78402,388974,2023597,978628,14186,103595,927188,552717,55957,95487,401273
Total Europe,19992,2024-01,2070451,1137332,24433,112902,795784,492443,47136,93895,351412,1978106,1099447,9877,105482,763300,511133,48463,108341,354329
Total Europe,19992,2023-12,1861493,893487,10160,94140,863706,461624,22434,67029,372161,1824211,888326,8109,88176,839600,449111,19661,70514,358936
Total Europe,19992,2023-11,1943430,977282,16869,109915,839364,385643,23889,64493,297261,1858493,933416,12784,93242,819051,397482,24217,67455,305810
Total Europe,19992,2023-10,1638284,891897,27655,85101,633631,399453,24507,58483,316463,1676970,899148,19306,84581,673935,394571,26734,63013,304824
Total Europe,19992,2023-09,1595611,787808,21545,87851,698407,375958,24697,58802,292459,1595037,774032,13854,80964,726187,387769,22874,76154,288741
Total Europe,19992,2023-08,1802343,839011,23608,108273,831451,335807,16838,53282,265687,1772324,840436,18405,77309,836174,339284,16716,56710,265858
Total Europe,19992,2023-07,1641835,808484,20514,96926,715911,302452,19023,50572,232857,1602054,816210,16112,87145,682587,321334,22480,53358,245496
Total Europe,19992,2023-06,2018220,967488,26150,114344,910238,378087,23650,67860,286577,1846541,900815,21551,101921,822254,394620,26181,73920,294519
Total Europe,19992,2023-05,1911188,978808,31954,121721,778705,346609,33937,58305,254367,1922465,964449,36147,100612,821257,350546,35587,57151,257808
Total Europe,19992,2023-04,1623649,884787,40593,93272,604997,329281,35013,56070,238198,1581713,846002,25379,92928,617404,325254,34443,53135,237676
Total Europe,19992,2023-03,2154366,1100639,36226,143969,873532,535571,50729,116546,368296,2038045,1017492,27971,120105,872477,510568,50660,122783,337125
Total Europe,19992,2023-02,1714798,805088,24924,134710,750076,383745,46102,75086,262557,1656894,781104,17824,117070,740896,378072,45801,76951,255320
Memo: Euro Area,16713,2026-02,1915111,806173,15872,115015,978051,544598,52401,49365,442832,1873015,820749,16478,86068,949720,549142,53166,51345,444631
Memo: Euro Area,16713,2026-01,1730702,874904,29818,85430,740550,546120,52383,61525,432212,1665025,862315,17105,77655,707950,545935,55013,71537,419385
Memo: Euro Area,16713,2025-12,2162735,1048420,29077,76244,1008994,514575,32963,40168,441444,2160789,1066389,16461,64415,1013524,528340,32790,43118,452432
Memo: Euro Area,16713,2025-11,1877136,929802,19532,85005,842797,484322,31318,43547,409457,1883893,948866,18968,69406,846653,486648,34873,48843,402932
Memo: Euro Area,16713,2025-10,1936525,1101898,26948,81303,726376,522037,31879,53915,436243,1864646,1090798,19221,69937,684690,521810,42514,61997,417299
Memo: Euro Area,16713,2025-09,1959274,1015628,28868,79287,835491,498485,39852,64695,393938,1904624,999425,16588,73079,815532,504943,38397,70634,395912
Memo: Euro Area,16713,2025-08,1629509,849559,17123,63354,699473,426383,26077,41593,358713,1582413,834247,12485,58775,676906,441023,30926,49941,360156
Memo: Euro Area,16713,2025-07,1595982,903014,16001,75154,601813,466376,35733,56300,374343,1528598,863201,13998,65929,585470,472567,38764,59353,374450
Memo: Euro Area,16713,2025-06,1725434,787123,13222,77221,847868,452219,31372,50591,370256,1700840,788404,11147,72935,828354,463696,35043,54487,374166
Memo: Euro Area,16713,2025-05,1770821,915968,17221,87400,750232,404877,32021,60915,311941,1714435,904801,11772,79780,718082,420589,28868,72474,319247
Memo: Euro Area,16713,2025-04,1822972,1075735,22459,86380,638398,453377,37097,47374,368906,1834055,1096332,19983,84941,632799,442870,36788,49094,356988
Memo: Euro Area,16713,2025-03,1884115,991953,17988,96703,777471,511094,41960,55743,413391,1841467,968592,13083,69645,790147,511457,42404,56038,413015
Memo: Euro Area,16713,2025-02,1604066,849719,15694,70848,667805,380391,40780,45029,294582,1588728,841683,19301,70982,656762,390055,42808,49074,298173
Memo: Euro Area,16713,2025-01,1386969,738305,13734,72238,562692,365970,29205,47491,289274,1365660,755342,9163,64082,537073,380783,30687,60004,290092
Memo: Euro Area,16713,2024-12,1476798,661098,9628,57211,748861,372665,23373,37066,312226,1399972,644002,4729,56227,695014,385346,26469,37275,321602
Memo: Euro Area,16713,2024-11,1447270,670501,8690,57148,710931,392910,25521,37572,329817,1394090,657752,7541,64463,664334,415628,26666,43710,345252
Memo: Euro Area,16713,2024-10,1435789,798261,14514,79990,543024,395001,38016,63662,293323,1451061,821061,6937,73965,549098,386620,37942,60933,287745
Memo: Euro Area,16713,2024-09,1403531,719468,13731,88546,581786,366006,32370,50078,283558,1302297,673770,9248,77022,542257,377698,28696,60159,288843
Memo: Euro Area,16713,2024-08,1394178,807962,9263,64516,512437,316115,24704,37621,253790,1363343,792644,8151,67630,494918,318960,24259,38677,256024
Memo: Euro Area,16713,2024-07,1313504,747906,7787,72013,485798,369317,32183,46202,290932,1270274,763119,6883,48833,451439,376090,34208,50294,291588
Memo: Euro Area,16713,2024-06,1272082,650239,7581,55802,558460,354258,25262,41368,287628,1233083,626847,5287,70526,530423,360330,26989,46395,286946
Memo: Euro Area,16713,2024-05,1142095,610361,6161,77293,448280,335788,22183,45139,268466,1132712,599092,6826,67987,458807,361913,25358,57178,279377
Memo: Euro Area,16713,2024-04,1121523,663794,7500,60982,389247,323717,13703,54200,255814,1102827,646344,8384,54136,393963,340190,16444,61563,262183
Memo: Euro Area,16713,2024-03,1138711,579264,13844,74490,471113,354919,15460,47404,292055,1106876,584468,5018,64658,452732,366987,16776,57139,293072
Memo: Euro Area,16713,2024-02,1170227,641328,8076,69731,451092,288221,16675,43349,228197,1135908,615805,10454,54437,455212,314434,21153,54401,238880
Memo: Euro Area,16713,2024-01,1211444,727386,8564,61574,413920,282645,13948,50267,218430,1158348,708113,6366,56010,387859,301523,15212,63609,222702
Memo: Euro Area,16713,2023-12,1026975,515456,5568,48632,457319,281150,8541,37392,235217,1023574,526677,3978,45624,447295,272810,5546,40336,226928
Memo: Euro Area,16713,2023-11,1236868,744883,10126,59141,422718,226049,8461,35868,181720,1162942,690133,9190,52245,411374,237341,8967,36364,192010
Memo: Euro Area,16713,2023-10,1052079,680982,11036,47308,312753,248462,9867,34451,204144,1079821,694462,10414,47364,327581,244902,12769,36873,195260
Memo: Euro Area,16713,2023-09,1013186,587648,15090,49534,360914,234519,10004,33946,190569,992629,577202,9311,44399,361717,238634,9023,43754,185857
Memo: Euro Area,16713,2023-08,1080381,579079,16703,60576,424023,208959,5997,28294,174668,1048911,570690,13873,43281,421067,209600,6902,30031,172667
Memo: Euro Area,16713,2023-07,1024863,578130,14107,52918,379708,192094,7522,29502,155070,998755,574952,10750,47091,365962,200514,10206,30234,160074
Memo: Euro Area,16713,2023-06,1236127,681150,18769,64815,471393,227409,9510,36155,181744,1140155,625007,16192,58279,440677,238360,10920,41113,186327
Memo: Euro Area,16713,2023-05,1112278,625482,23481,66469,396846,208654,13934,29770,164950,1138083,638061,24315,55262,420445,213700,13987,31280,168433
Memo: Euro Area,16713,2023-04,948302,587103,27501,55166,278532,200502,16783,29783,153936,915821,560595,17702,54459,283065,193697,15055,27262,151380
Memo: Euro Area,16713,2023-03,1165133,640005,27279,66110,431739,300622,23657,43133,233832,1135303,634089,22153,61895,417166,281594,22095,45778,213721
Memo: Euro Area,16713,2023-02,961173,500961,18333,73620,368259,223285,22946,42794,157545,941599,489217,14759,63152,374471,227461,22706,46280,158475
Memo: European Union,16721,2026-02,2013561,852018,16752,116724,1028067,593022,59428,51362,482232,1973475,867286,17292,87635,1001262,597919,60143,53504,484272
Memo: European Union,16721,2026-01,1824276,916030,30538,87342,790366,586711,59741,63116,463854,1754184,896908,17804,79410,760062,591010,62351,73678,454981
Memo: European Union,16721,2025-12,2243222,1082257,30007,77536,1053422,547774,38052,43031,466691,2240160,1102705,17300,66667,1053488,564969,38613,46775,479581
Memo: European Union,16721,2025-11,1948803,958674,20368,86295,883466,523061,36043,49673,437345,1960531,978262,19787,71432,891050,526136,40138,55071,430927
Memo: European Union,16721,2025-10,2021002,1137837,27769,82455,772941,554486,37151,56189,461146,1951433,1126379,20007,71816,733231,556500,48776,64016,443708
Memo: European Union,16721,2025-09,2042018,1051287,29737,80960,880034,530833,44779,68475,417579,1978886,1033502,17370,74213,853801,537593,43211,74465,419917
Memo: European Union,16721,2025-08,1705542,887657,17879,64914,735092,460279,30151,42995,387133,1660581,879481,13178,59847,708075,472400,34995,51661,385744
Memo: European Union,16721,2025-07,1674440,946947,16729,76480,634284,502263,40641,58865,402757,1601289,904350,14692,66696,615551,509463,46291,61823,401349
Memo: European Union,16721,2025-06,1804576,816699,14094,78880,894903,486319,36057,54011,396251,1764755,817577,11939,74353,860886,496891,41782,57299,397810
Memo: European Union,16721,2025-05,1848340,949979,17982,89006,791373,442356,38183,63934,340239,1786787,942157,12483,81453,750694,456909,33994,76264,346651
Memo: European Union,16721,2025-04,1910244,1120291,23336,88082,678535,493964,42627,50674,400663,1922930,1140099,20776,86470,675585,478107,41795,51173,385139
Memo: European Union,16721,2025-03,1977048,1039302,18789,98558,820399,547796,46303,58045,443448,1941391,1011136,13901,71223,845131,545724,46888,58756,440080
Memo: European Union,16721,2025-02,1686320,892392,16507,72308,705113,415161,44428,47939,322794,1672995,882431,20123,72583,697858,426731,48676,52202,325853
Memo: European Union,16721,2025-01,1464154,776184,14526,73584,599860,394540,31193,49610,313737,1441466,793359,9967,66446,571694,409632,32857,62033,314742
Memo: European Union,16721,2024-12,1548594,689784,10490,58497,789823,400055,25734,39047,335274,1474638,673259,5565,57617,738197,413344,28826,38705,345813
Memo: European Union,16721,2024-11,1530452,697721,9608,58660,764463,424957,28189,39098,357670,1471171,681056,8464,66060,715591,448489,29657,46030,372802
Memo: European Union,16721,2024-10,1499008,824739,15526,81801,576942,427570,41227,65313,321030,1512972,846136,7781,75337,583718,419735,40790,63472,315473
Memo: European Union,16721,2024-09,1473895,748322,14627,89964,620982,395069,34715,54103,306251,1363125,699682,10066,78178,575199,406931,31761,64071,311099
Memo: European Union,16721,2024-08,1458915,837665,10151,66097,545002,340116,27859,38823,273434,1422965,822279,9000,68732,522954,342534,26380,39678,276476
Memo: European Union,16721,2024-07,1384313,793030,8808,72999,509476,396073,34415,47827,313831,1337677,807189,7908,49764,472816,404878,37248,52699,314931
Memo: European Union,16721,2024-06,1340459,676816,8583,57090,597970,381748,26576,43025,312147,1295401,650763,6218,71719,566701,386632,28324,47712,310596
Memo: European Union,16721,2024-05,1213823,640940,7097,78228,487558,362222,24523,47301,290398,1197232,627061,7802,68653,493716,390127,28326,59958,301843
Memo: European Union,16721,2024-04,1187226,696658,8464,61635,420469,345439,15903,55756,273780,1168736,680456,9281,54809,424190,362919,18890,63492,280537
Memo: European Union,16721,2024-03,1203986,613188,14720,75901,500177,380420,17153,51280,311987,1164435,615547,5816,65332,477740,395923,21404,62603,311916
Memo: European Union,16721,2024-02,1229921,672944,9013,70715,477249,311035,18645,45206,247184,1192301,646986,11433,55446,478436,340415,23374,57348,259693
Memo: European Union,16721,2024-01,1269469,760241,9653,62427,437148,302003,15644,52049,234310,1215315,744268,7372,56765,406910,322496,18594,65165,238737
Memo: European Union,16721,2023-12,1091273,552249,6584,49849,482591,301210,9948,38988,252274,1086452,563158,5017,46359,471918,292053,6714,41401,243938
Memo: European Union,16721,2023-11,1296045,777332,10894,60022,447797,245844,11478,37934,196432,1219508,721964,9935,53006,434603,257078,11574,38200,207304
Memo: European Union,16721,2023-10,1095688,705039,11953,48057,330639,267927,12202,36048,219677,1131382,722551,11292,48198,349341,263294,14174,38920,210200
Memo: European Union,16721,2023-09,1071361,622777,15981,50504,382099,253138,12022,36567,204549,1047866,609998,10125,45244,382499,257708,10959,47662,199087
Memo: European Union,16721,2023-08,1144926,620505,17432,61598,445391,223451,7743,29771,185937,1110181,609419,14601,44177,441984,224214,8241,31612,184361
Memo: European Union,16721,2023-07,1085309,618021,14848,53817,398623,204747,9392,30785,164570,1057967,615167,11448,47710,383642,213688,11942,32122,169624
Memo: European Union,16721,2023-06,1317903,723359,19604,66075,508865,246153,11860,40488,193805,1204661,660561,16957,59318,467825,257281,12818,45960,198503
Memo: European Union,16721,2023-05,1174681,661831,24117,67661,421072,223838,15535,31760,176543,1204902,672541,24977,56473,450911,230779,16754,33492,180533
Memo: European Union,16721,2023-04,1000205,616261,28270,56084,299590,216232,18821,31496,165915,964011,585408,18324,55308,304971,209009,17976,28401,162632
Memo: European Union,16721,2023-03,1226836,675070,27946,67307,456513,318992,26242,45221,247529,1194448,669015,22722,62879,439832,299794,24110,49278,226406
Memo: European Union,16721,2023-02,998657,516977,19203,75005,387472,241739,25175,45455,171109,978549,503730,15483,64304,395032,245244,25264,48176,171804
Canada,29998,2026-02,743896,166631,21577,37331,518357,528605,207074,69963,251568,648287,120336,14695,32962,480294,527992,206605,69100,252287
Canada,29998,2026-01,612429,109999,18414,33763,450253,502775,178893,73288,250594,733905,186670,26369,30295,490571,507989,181132,76571,250286
Canada,29998,2025-12,663224,133564,18926,27575,483159,452760,160001,61942,230817,642811,128871,16917,26281,470742,455254,160594,61602,233058
Canada,29998,2025-11,656880,148919,16490,36362,455109,373105,115559,56806,200740,570435,95894,20321,30037,424183,375517,114864,62952,197701
Canada,29998,2025-10,589775,98010,16342,36608,438815,400733,118742,50228,231763,673226,160573,21338,33700,457615,412237,120648,59427,232162
Canada,29998,2025-09,611579,137383,15659,34300,424237,381485,109654,55040,216791,568254,110484,17435,31628,408707,384195,108572,58442,217181
Canada,29998,2025-08,540390,128079,16044,29561,366706,331083,114650,54677,161756,458246,69804,13693,27998,346751,332384,115442,55516,161426
Canada,29998,2025-07,494088,103395,16098,28193,346402,378144,175413,55412,147319,547357,154408,14226,27516,351207,377321,175743,52816,148762
Canada,29998,2025-06,537965,130599,12951,33113,361302,390838,165797,58394,166647,542323,129326,16104,28094,368799,399877,168221,61686,169970
Canada,29998,2025-05,550057,166744,13741,30814,338758,334361,127047,50144,157170,483399,100878,13036,30664,338821,337267,126242,49953,161072
Canada,29998,2025-04,515915,94233,19509,33498,368675,331122,113612,60442,157068,596610,151943,25477,34770,384420,320792,113326,50604,156862
Canada,29998,2025-03,595151,121537,14593,38107,420914,321869,110546,51309,160014,583411,105528,15407,35389,427087,321257,112661,54036,154560
Canada,29998,2025-02,539576,114532,24617,33956,366471,277643,103491,41186,132966,456877,68016,16030,32868,339963,284352,105189,46529,132634
Canada,29998,2025-01,499449,84491,13171,32892,368895,269339,91700,63597,114042,586687,114563,27334,34296,410494,277089,92140,69926,115023
Canada,29998,2024-12,541278,75211,4672,30459,430936,267122,108662,35564,122896,542849,58377,1832,29469,453171,271113,107771,41044,122298
Canada,29998,2024-11,559393,64922,5132,31634,457705,280418,121036,35599,123783,502520,70000,1821,29966,400733,286505,120878,38354,127273
Canada,29998,2024-10,408112,56175,2631,31436,317870,280990,119868,50588,110534,427988,52036,4667,30362,340923,290810,121308,50129,119373
Canada,29998,2024-09,413578,64065,6222,28129,315162,305342,133990,46942,124410,391258,60935,2304,24485,303534,314634,134954,53095,126585
Canada,29998,2024-08,410228,54301,1883,28406,325638,266380,124930,33686,107764,406104,68376,1914,31115,304699,269738,125020,35693,109025
Canada,29998,2024-07,398261,73869,2439,23161,298792,279760,126164,45862,107734,391284,66510,2147,21497,301130,280712,125850,43356,111506
Canada,29998,2024-06,397081,64839,2808,23612,305822,269228,86443,45650,137135,376759,46341,1665,22065,306688,283595,88320,53487,141788
Canada,29998,2024-05,381729,63496,3939,30422,283872,256919,76715,39365,140839,375112,56734,1818,28181,288379,257070,76559,38730,141781
Canada,29998,2024-04,350479,50681,1656,30619,267523,240870,80551,45571,114748,397203,72073,2255,33963,288912,251328,82006,53882,115440
Canada,29998,2024-03,444929,69734,4195,21537,349463,236179,73157,42892,120130,462774,69133,1631,20770,371240,239529,73755,42864,122910
Canada,29998,2024-02,477396,93103,2296,34690,347307,210278,63209,43391,103678,497697,65496,2304,32505,397392,216395,65470,47293,103632
Canada,29998,2024-01,420061,80677,1646,23808,313930,233998,64054,49522,120422,541345,82064,3047,25352,430882,240229,65249,50140,124840
Canada,29998,2023-12,487740,71175,1835,19804,394926,221477,48413,32705,140359,505403,66612,2116,22868,413807,229076,48245,37657,143174
Canada,29998,2023-11,234613,107902,25658,11790,89263,175906,53102,33659,89145,178381,61945,12373,12075,91988,180493,53098,37365,90030
Canada,29998,2023-10,179636,80832,3740,10787,84277,175305,59598,28628,87079,187521,86751,1702,10590,88478,174625,60443,28497,85685
Canada,29998,2023-09,217189,115052,3051,9760,89326,179997,51542,32664,95791,236135,132573,1012,10893,91657,185492,49401,33105,102986
Canada,29998,2023-08,164396,61943,563,9387,92503,154836,44970,21777,88089,168172,61493,487,10707,95485,158083,45294,23473,89316
Canada,29998,2023-07,187574,99857,1541,10830,75346,132019,42448,25397,64174,188905,102474,642,7063,78726,139187,41332,28144,69711
Canada,29998,2023-06,205630,94999,1358,11282,97991,156269,45606,31676,78987,198182,91387,324,9802,96669,165699,46461,34294,84944
Canada,29998,2023-05,251524,152196,8801,11169,79358,161171,33816,24627,102728,215523,121159,7880,8369,78115,156240,34049,23416,98775
Canada,29998,2023-04,188044,100672,6945,9674,70753,137777,25723,24907,87147,186862,98060,5350,11349,72103,143034,27440,27800,87794
Canada,29998,2023-03,200275,94202,14883,10865,80325,242888,53579,32854,156455,195463,87774,10128,10378,87183,246721,55946,36150,154625
Canada,29998,2023-02,161644,59085,8049,11330,83180,171791,35918,32271,103602,156751,63083,6277,9685,77706,174846,36607,33269,104970
Argentina,30104,2026-02,4222,591,1,68,3562,4993,2005,1422,1566,3256,118,0,45,3093,4704,2161,971,1572
Argentina,30104,2026-01,4522,403,2,96,4021,5917,2361,1723,1833,3956,190,0,62,3704,6064,2350,1966,1748
Argentina,30104,2025-12,4825,1550,2,76,3197,6078,2177,2252,1649,3523,514,2,45,2962,5354,2167,1559,1628
Argentina,30104,2025-11,3503,203,4,64,3232,8676,4539,1719,2418,3226,171,1,39,3015,9444,4326,2695,2423
Argentina,30104,2025-10,5158,1198,3,94,3863,10163,4966,999,4198,4001,281,0,48,3672,10603,4994,1129,4480
Argentina,30104,2025-09,3200,590,3,88,2519,10405,5984,973,3448,2726,394,0,56,2276,10113,5873,909,3331
Argentina,30104,2025-08,3411,775,4,81,2551,4739,1696,777,2266,2718,235,0,36,2447,4830,1764,774,2292
Argentina,30104,2025-07,3040,495,5,83,2457,5962,2558,1422,1982,2523,114,0,43,2366,5589,2376,1225,1988
Argentina,30104,2025-06,2827,413,2,81,2331,5130,2127,992,2011,2527,136,0,59,2332,5807,2337,1280,2190
Argentina,30104,2025-05,3892,977,1,83,2831,5677,2356,1041,2280,3154,201,0,57,2896,5966,2238,1466,2262
Argentina,30104,2025-04,3154,242,1,97,2814,7071,3726,759,2586,3069,170,1,73,2825,7251,3908,675,2668
Argentina,30104,2025-03,3638,484,1,75,3078,5235,2570,799,1866,3562,502,0,82,2978,5061,2549,712,1800
Argentina,30104,2025-02,3032,264,1,79,2688,4402,1940,727,1735,2722,93,0,48,2581,4191,1903,559,1729
Argentina,30104,2025-01,2420,365,3,79,1973,6695,2452,1246,2997,1952,135,1,54,1762,6576,2426,1138,3012
Argentina,30104,2024-12,2655,412,0,79,2164,5815,1945,969,2901,2235,184,0,74,1977,5945,2043,1045,2857
Argentina,30104,2024-11,2561,262,1,79,2219,6918,2868,762,3288,2287,146,0,63,2078,6991,2916,700,3375
Argentina,30104,2024-10,2375,237,1,76,2061,5167,2598,1096,1473,2264,153,1,59,2051,5258,2627,1147,1484
Argentina,30104,2024-09,1963,360,3,101,1499,4564,2102,982,1480,2087,489,3,84,1511,4377,1941,884,1552
Argentina,30104,2024-08,2274,362,1,113,1798,3434,1340,799,1295,2028,104,0,89,1835,3704,1538,776,1390
Argentina,30104,2024-07,2479,302,2,82,2093,3376,1457,930,989,2249,192,2,52,2003,3664,1482,1147,1035
Argentina,30104,2024-06,1984,186,1,56,1741,3851,1692,434,1725,1815,75,1,41,1698,4020,1815,395,1810
Argentina,30104,2024-05,1952,391,1,114,1446,4706,2003,656,2047,1772,260,0,63,1449,4724,2016,597,2111
Argentina,30104,2024-04,2947,1202,2,81,1662,5376,3335,773,1268,1954,248,1,68,1637,5053,2776,960,1317
Argentina,30104,2024-03,2390,232,1,90,2067,3457,1741,646,1070,2380,186,0,62,2132,4063,2283,637,1143
Argentina,30104,2024-02,2163,259,0,109,1795,2655,1382,540,733,2069,224,0,68,1777,2677,1395,503,779
Argentina,30104,2024-01,2116,432,2,99,1583,2821,1403,575,843,1880,248,5,55,1572,2907,1446,651,810
Argentina,30104,2023-12,1866,466,0,124,1276,3403,1943,572,888,1871,159,0,184,1528,3280,1943,469,868
Argentina,30104,2023-11,1657,376,0,111,1170,4269,1579,1736,954,1506,130,0,111,1265,5934,4697,417,820
Argentina,30104,2023-10,1382,307,0,92,983,1625,834,425,366,1175,134,0,33,1008,1970,885,400,685
Argentina,30104,2023-09,1317,266,0,84,967,1519,695,441,383,1002,78,0,37,887,1464,668,393,403
Argentina,30104,2023-08,1693,322,0,79,1292,2663,1304,888,471,1399,140,0,55,1204,2677,1718,405,554
Argentina,30104,2023-07,1565,223,5,68,1269,2164,1267,527,370,1505,150,0,41,1314,2070,1102,468,500
Argentina,30104,2023-06,2013,219,1,99,1694,4702,3450,636,616,1869,133,0,46,1690,6700,3920,2246,534
Argentina,30104,2023-05,1699,261,1,82,1355,2982,550,2142,290,1555,139,1,55,1360,3388,2661,348,379
Argentina,30104,2023-04,1306,162,1,96,1047,1571,785,412,374,1139,74,1,36,1028,1731,777,446,508
Argentina,30104,2023-03,1917,299,1,105,1512,2538,1382,667,489,1675,85,0,70,1520,2066,1048,483,535
Argentina,30104,2023-02,1889,218,0,98,1573,2029,1101,430,498,1687,77,0,36,1574,1974,1143,413,418
Brazil,30309,2026-02,34343,27241,0,128,6974,43047,9537,524,32986,32503,26315,9,80,6099,49901,13007,423,36471
Brazil,30309,2026-01,39710,34254,0,112,5344,39297,6281,678,32338,39773,34780,4,74,4915,49447,11098,965,37384
Brazil,30309,2025-12,44419,40408,0,151,3860,94933,58148,399,36386,42921,39533,13,95,3280,98404,62407,392,35605
Brazil,30309,2025-11,36984,32875,0,108,4001,36746,7726,626,28394,37055,33452,1,44,3558,34773,5039,438,29296
Brazil,30309,2025-10,30992,25583,2,149,5258,36598,6279,657,29662,36403,31095,7,89,5212,38392,8499,581,29312
Brazil,30309,2025-09,15886,11870,1,139,3876,35990,8656,598,26736,28248,23690,1,77,4480,37934,8036,671,29227
Brazil,30309,2025-08,16778,13226,0,221,3331,35968,7748,468,27752,33746,30052,1,161,3532,37723,8563,515,28645
Brazil,30309,2025-07,22497,19212,1,232,3052,37361,7170,632,29559,35010,31106,4,82,3818,38225,7389,600,30236
Brazil,30309,2025-06,20327,16911,0,115,3301,39581,4991,555,34035,18377,15266,1,71,3039,44191,5680,1391,37120
Brazil,30309,2025-05,18623,15746,0,128,2749,32764,3510,721,28533,15418,12517,1,73,2827,33819,2740,804,30275
Brazil,30309,2025-04,19096,14679,0,717,3700,35036,6889,664,27483,16880,12464,1,658,3757,37685,8030,750,28905
Brazil,30309,2025-03,19759,17089,1,147,2522,32895,8276,536,24083,19605,16671,3,102,2829,33899,8091,729,25079
Brazil,30309,2025-02,21111,18332,0,132,2647,30258,6036,795,23427,19249,16484,1,81,2683,32442,7421,1043,23978
Brazil,30309,2025-01,16035,13562,0,144,2329,28321,5411,708,22202,19415,16776,1,68,2570,28329,4728,504,23097
Brazil,30309,2024-12,24851,21646,3,134,3068,33888,7597,867,25424,53169,47878,1,63,5227,31126,5684,823,24619
Brazil,30309,2024-11,33454,30443,0,98,2913,28180,4878,325,22977,34441,31686,3,67,2685,32160,8029,362,23769
Brazil,30309,2024-10,32360,29477,0,170,2713,34846,6802,789,27255,32828,29882,2,114,2830,36508,9198,765,26545
Brazil,30309,2024-09,26483,23522,1,119,2841,37392,6402,887,30103,26213,23753,5,49,2406,38584,7489,972,30123
Brazil,30309,2024-08,34338,30746,0,159,3433,36176,5915,981,29280,31400,27799,4,134,3463,40634,7198,789,32647
Brazil,30309,2024-07,37142,33187,0,107,3848,32021,6654,466,24901,37490,33990,1,74,3425,31453,5295,451,25707
Brazil,30309,2024-06,22487,18973,5,123,3386,39331,12934,397,26000,18333,15245,2,82,3004,42560,16731,474,25355
Brazil,30309,2024-05,16029,12966,0,133,2930,35123,4795,663,29665,14578,11591,3,44,2940,36291,5165,616,30510
Brazil,30309,2024-04,8425,4766,1,111,3547,38854,7689,553,30612,10232,5955,4,76,4197,38439,7686,620,30133
Brazil,30309,2024-03,7010,3822,6,119,3063,37499,7738,1329,28432,5168,2233,3,81,2851,36645,7706,1359,27580
Brazil,30309,2024-02,7229,4901,1,120,2207,33738,4233,543,28962,5739,3233,3,56,2447,31987,4424,576,26987
Brazil,30309,2024-01,5871,3720,9,179,1963,33504,7309,459,25736,8728,6558,6,330,1834,38249,13705,691,23853
Brazil,30309,2023-12,6865,4769,15,99,1982,31733,8307,704,22722,4165,2187,24,71,1883,33305,8589,777,23939
Brazil,30309,2023-11,7236,4501,0,354,2381,28307,3142,1545,23620,8113,5998,0,39,2076,28944,2547,1516,24881
Brazil,30309,2023-10,6813,4168,14,73,2558,27471,3004,446,24021,10662,7921,18,29,2694,27623,2937,462,24224
Brazil,30309,2023-09,7748,5647,2,98,2001,21455,3483,922,17050,5977,3686,5,47,2239,21853,3833,443,17577
Brazil,30309,2023-08,11451,8841,20,89,2501,27506,2075,992,24439,11847,9307,1,83,2456,27270,3492,574,23204
Brazil,30309,2023-07,21247,18420,3,80,2744,25591,4705,478,20408,24394,21584,5,59,2746,24551,3589,464,20498
Brazil,30309,2023-06,34458,30919,8,106,3425,33156,6857,1944,24355,35588,32331,1,86,3170,32501,5993,1584,24924
Brazil,30309,2023-05,45693,42517,0,80,3096,25414,3735,737,20942,43363,40007,1,74,3281,24701,3702,971,20028
Brazil,30309,2023-04,43251,40791,0,89,2371,22653,5778,1025,15850,38866,36162,1,10,2693,22731,5716,774,16241
Brazil,30309,2023-03,38160,35110,1,83,2966,32540,6735,1231,24574,34555,31493,2,43,3017,31456,6497,1394,23565
Brazil,30309,2023-02,33064,30162,0,140,2762,19230,1937,1129,16164,29669,26764,0,35,2870,20573,2614,1791,16168
Chile,30406,2026-02,10104,2616,8,213,7267,8781,953,1056,6772,19290,13190,17,67,6016,8625,793,1010,6822
Chile,30406,2026-01,10479,1859,15,124,8481,10566,3183,1688,5695,12950,4993,0,334,7623,11865,3532,2139,6194
Chile,30406,2025-12,9063,3479,13,74,5497,5826,679,841,4306,9896,4132,0,68,5696,5901,847,762,4292
Chile,30406,2025-11,7866,1454,8,120,6284,8317,1640,1213,5464,7259,1430,0,69,5760,8442,1996,1015,5431
Chile,30406,2025-10,13009,4560,9,248,8192,7394,892,1567,4935,10696,4168,0,118,6410,7372,1052,1449,4871
Chile,30406,2025-09,11392,4253,22,186,6931,8158,870,1367,5921,10022,4002,233,459,5328,8934,1140,1414,6380
Chile,30406,2025-08,10387,2931,14,309,7133,8727,690,1287,6750,10022,2905,10,103,7004,8651,875,1157,6619
Chile,30406,2025-07,9001,3767,12,278,4944,5556,742,2187,2627,10046,3637,8,118,6283,5258,751,2196,2311
Chile,30406,2025-06,8821,4346,11,124,4340,14916,625,894,13397,7496,3507,13,101,3875,15139,740,945,13454
Chile,30406,2025-05,8858,3897,10,142,4809,4756,1062,1021,2673,7879,3437,1,94,4347,4897,994,1206,2697
Chile,30406,2025-04,11376,5506,15,145,5710,4590,1356,977,2257,10449,4302,15,182,5950,4296,1224,911,2161
Chile,30406,2025-03,8538,3258,20,164,5096,6043,958,1895,3190,7225,2434,2,145,4644,5705,961,1727,3017
Chile,30406,2025-02,8759,4081,5,146,4527,4130,1442,988,1700,7843,3837,38,89,3879,3934,1296,951,1687
Chile,30406,2025-01,8973,1602,11,103,7257,4594,1431,1662,1501,6210,668,8,80,5454,4889,1901,1433,1555
Chile,30406,2024-12,13434,2928,14,182,10310,2732,557,719,1456,11825,2171,0,125,9529,2808,499,732,1577
Chile,30406,2024-11,9449,3707,59,123,5560,2898,770,722,1406,9621,3703,83,100,5735,3157,844,802,1511
Chile,30406,2024-10,11037,6592,65,170,4210,4598,1277,1711,1610,9954,5710,91,161,3992,4358,1205,1618,1535
Chile,30406,2024-09,7801,3280,50,151,4320,4194,1011,1547,1636,5394,1383,222,144,3645,4108,1035,1525,1548
Chile,30406,2024-08,8905,2751,90,131,5933,4804,1447,981,2376,8301,3172,1,100,5028,4640,1314,879,2447
Chile,30406,2024-07,7880,2363,42,121,5354,4157,745,1281,2131,7530,2562,1,93,4874,4446,925,1576,1945
Chile,30406,2024-06,10391,4696,38,172,5485,3310,1091,979,1240,16532,10119,85,85,6243,3121,869,1064,1188
Chile,30406,2024-05,7295,3261,20,123,3891,4126,895,1532,1699,7033,4162,6,92,2773,4478,703,1990,1785
Chile,30406,2024-04,10301,4442,46,212,5601,3688,1094,1137,1457,10318,5579,30,166,4543,3761,906,1454,1401
Chile,30406,2024-03,8386,3357,37,136,4856,3718,799,1137,1782,7547,3657,13,117,3760,4209,906,1303,2000
Chile,30406,2024-02,7425,2730,12,237,4446,4333,1496,1338,1499,7562,3143,15,118,4286,5499,1661,2262,1576
Chile,30406,2024-01,10524,4367,32,158,5967,4489,1629,949,1911,9130,4206,137,125,4662,5549,2074,1505,1970
Chile,30406,2023-12,7750,3044,19,156,4531,3981,933,969,2079,9027,5093,9,193,3732,3593,839,674,2080
Chile,30406,2023-11,9638,4635,846,165,3992,3848,1297,831,1720,7041,4355,8,103,2575,3963,1116,1072,1775
Chile,30406,2023-10,8481,4627,5,140,3709,3648,1249,891,1508,8871,5205,1,117,3548,3612,1510,674,1428
Chile,30406,2023-09,10805,7252,12,324,3217,3813,1032,1095,1686,10843,7499,4,111,3229,5774,997,3221,1556
Chile,30406,2023-08,9585,4639,21,157,4768,3926,1235,834,1857,7818,3585,6,76,4151,3712,1325,613,1774
Chile,30406,2023-07,8680,4151,88,302,4139,3677,1134,595,1948,5748,2217,3,301,3227,4329,2017,544,1768
Chile,30406,2023-06,9464,4546,30,299,4589,3071,749,732,1590,7738,3628,4,97,4009,3196,733,808,1655
Chile,30406,2023-05,10594,5536,13,348,4697,5192,1390,1210,2592,8330,3898,29,108,4295,5457,1715,1104,2638
Chile,30406,2023-04,7373,4362,13,127,2871,5190,1619,741,2830,6200,2842,3,220,3135,4526,1253,653,2620
Chile,30406,2023-03,8454,4064,10,146,4234,7705,3433,1190,3082,9577,4246,5,165,5161,7611,3439,1150,3022
Chile,30406,2023-02,9272,4490,10,129,4643,7534,3034,2069,2431,8127,3622,3,228,4274,7063,2824,2022,2217
Colombia,30503,2026-02,9060,3134,50,117,5759,4037,2050,897,1090,8716,2419,89,220,5988,5732,3715,1000,1017
Colombia,30503,2026-01,10177,3102,43,211,6821,6143,3991,1213,939,7781,1495,40,108,6138,8484,6238,1239,1007
Colombia,30503,2025-12,8166,2645,39,228,5254,2774,1436,787,551,10158,4257,34,182,5685,5248,4042,625,581
Colombia,30503,2025-11,9880,4848,4,120,4908,6423,5025,721,677,5743,966,52,311,4414,7406,6090,693,623
Colombia,30503,2025-10,9951,3255,6,93,6597,5098,2533,1020,1545,12330,5383,141,128,6678,3752,2207,917,628
Colombia,30503,2025-09,11100,5364,8,264,5464,5592,3733,1284,575,10126,5536,30,178,4382,5272,3653,1071,548
Colombia,30503,2025-08,9101,2909,2,746,5444,4876,2488,1894,494,5979,1401,0,185,4393,5536,2937,2134,465
Colombia,30503,2025-07,9904,3069,30,167,6638,4822,3262,1061,499,9764,2726,0,164,6874,4298,2801,1022,475
Colombia,30503,2025-06,12555,4832,29,87,7607,4078,2691,852,535,12768,7144,0,58,5566,4228,2863,816,549
Colombia,30503,2025-05,17919,10009,103,77,7730,6146,2422,3244,480,18751,12823,119,112,5697,6635,2211,3952,472
Colombia,30503,2025-04,13618,6461,8,104,7045,8827,7227,905,695,11996,5982,97,89,5828,9661,8209,770,682
Colombia,30503,2025-03,10081,3597,1,87,6396,2918,1568,861,489,10460,4123,248,265,5824,2834,1605,683,546
Colombia,30503,2025-02,13092,4138,0,624,8330,2818,1669,697,452,11678,3534,29,40,8075,2640,1501,651,488
Colombia,30503,2025-01,13281,3418,3,75,9785,3545,2096,668,781,10152,4480,49,48,5575,3228,1913,501,814
Colombia,30503,2024-12,8510,4619,1,177,3713,2339,1446,623,270,9262,4953,77,237,3995,2330,1615,414,301
Colombia,30503,2024-11,7873,3215,64,257,4337,4208,3015,833,360,7241,2695,121,218,4207,4914,3897,635,382
Colombia,30503,2024-10,10422,3887,72,223,6240,3136,1937,893,306,9823,3577,87,211,5948,3428,1669,1446,313
Colombia,30503,2024-09,12083,3778,44,250,8011,7307,1722,5273,312,12890,4186,9,142,8553,2487,1387,741,359
Colombia,30503,2024-08,10636,4400,59,267,5910,2334,1381,649,304,9315,3508,73,349,5385,2505,1600,591,314
Colombia,30503,2024-07,11438,4519,65,579,6275,2755,1667,751,337,11119,4350,16,352,6401,2550,1570,633,347
Colombia,30503,2024-06,16036,11631,18,218,4169,2936,1682,728,526,13900,9355,163,174,4208,3698,1655,1526,517
Colombia,30503,2024-05,11180,5814,41,341,4984,4838,1991,2464,383,8075,2197,92,793,4993,5031,2153,2490,388
Colombia,30503,2024-04,10309,3443,3,1404,5459,3763,2359,859,545,11656,6596,103,524,4433,3694,2404,740,550
Colombia,30503,2024-03,8895,4481,54,658,3702,2216,910,832,474,8077,3207,9,1262,3599,2504,1309,842,353
Colombia,30503,2024-02,10282,4552,130,506,5094,2311,1264,769,278,8830,3846,250,387,4347,2448,1373,790,285
Colombia,30503,2024-01,5702,2591,42,415,2654,15126,13622,1031,473,5890,2937,85,196,2672,3188,1182,1397,609
Colombia,30503,2023-12,5746,3139,36,266,2305,2605,1327,563,715,4822,2092,17,211,2502,2335,1223,503,609
Colombia,30503,2023-11,8210,3979,43,423,3765,2621,1686,507,428,5914,2666,24,313,2911,3316,2337,582,397
Colombia,30503,2023-10,7627,3343,122,449,3713,1950,968,432,550,8413,3909,244,428,3832,1808,907,415,486
Colombia,30503,2023-09,6943,3289,91,450,3113,1933,948,415,570,6614,3052,80,309,3173,1638,718,417,503
Colombia,30503,2023-08,6459,2848,56,320,3235,1939,936,741,262,5293,2250,5,222,2816,1433,660,516,257
Colombia,30503,2023-07,9051,5438,118,409,3086,3558,1042,2344,172,8721,5334,1,583,2803,3083,753,2158,172
Colombia,30503,2023-06,11158,7070,214,973,2901,2801,1772,776,253,7733,5024,53,462,2194,2527,1520,740,267
Colombia,30503,2023-05,10997,6842,181,1631,2343,1853,1018,417,418,13898,9832,126,1219,2721,2324,1174,834,316
Colombia,30503,2023-04,6782,4248,112,617,1805,2642,1431,853,358,7122,3594,23,1390,2115,1684,1007,385,292
Colombia,30503,2023-03,9752,4523,213,1335,3681,3335,2068,704,563,8225,4308,237,677,3003,3062,1868,692,502
Colombia,30503,2023-02,8503,4468,90,343,3602,3426,1756,1240,430,9040,4628,62,373,3977,3578,2136,1044,398
Costa Rica,30589,2026-02,1057,294,5,68,690,326,317,9,0,865,287,0,23,555,210,198,12,0
Costa Rica,30589,2026-01,939,300,18,94,527,386,362,24,0,1044,532,9,58,445,820,791,29,0
Costa Rica,30589,2025-12,1506,630,0,156,720,187,182,5,0,712,314,8,44,346,224,219,5,0
Costa Rica,30589,2025-11,1495,738,1,119,637,109,91,18,0,617,182,8,79,348,642,622,20,0
Costa Rica,30589,2025-10,983,290,8,59,626,199,193,5,1,945,356,0,54,535,261,248,12,1
Costa Rica,30589,2025-09,1150,435,1,102,612,149,143,6,0,897,343,3,44,507,167,156,11,0
Costa Rica,30589,2025-08,923,249,18,61,595,173,165,8,0,691,214,2,37,438,209,195,14,0
Costa Rica,30589,2025-07,779,304,1,80,394,188,182,6,0,604,217,4,30,353,135,133,2,0
Costa Rica,30589,2025-06,690,260,11,82,337,489,485,4,0,755,362,0,48,345,407,403,4,0
Costa Rica,30589,2025-05,966,395,3,155,413,350,331,19,0,648,338,3,49,258,332,320,12,0
Costa Rica,30589,2025-04,608,218,4,44,342,305,293,12,0,572,200,0,61,311,243,222,21,0
Costa Rica,30589,2025-03,654,193,10,81,370,266,256,10,0,479,187,3,41,248,238,226,12,0
Costa Rica,30589,2025-02,859,366,0,98,395,204,199,5,0,601,263,20,59,259,174,169,5,0
Costa Rica,30589,2025-01,644,256,0,92,296,216,207,9,0,871,438,15,75,343,289,278,11,0
Costa Rica,30589,2024-12,593,212,0,42,339,167,159,8,0,492,187,0,28,277,229,219,10,0
Costa Rica,30589,2024-11,521,154,8,34,325,146,138,8,0,432,135,0,21,276,112,94,18,0
Costa Rica,30589,2024-10,578,295,6,47,230,192,166,19,7,564,304,1,25,234,199,177,12,10
Costa Rica,30589,2024-09,639,230,1,101,307,210,150,10,50,653,347,15,90,201,220,163,7,50
Costa Rica,30589,2024-08,722,175,0,168,379,353,339,10,4,648,247,0,74,327,315,296,16,3
Costa Rica,30589,2024-07,1020,215,0,139,666,139,127,9,3,717,220,5,42,450,196,183,10,3
Costa Rica,30589,2024-06,695,358,5,61,271,179,156,17,6,1255,641,0,17,597,145,120,14,11
Costa Rica,30589,2024-05,762,361,0,122,279,308,294,9,5,652,364,0,59,229,315,284,24,7
Costa Rica,30589,2024-04,600,261,17,74,248,232,201,23,8,868,599,0,37,232,226,178,40,8
Costa Rica,30589,2024-03,1622,1170,22,148,282,193,168,15,10,1588,1265,3,58,262,186,157,22,7
Costa Rica,30589,2024-02,1143,622,1,261,259,286,261,21,4,891,533,30,72,256,319,281,32,6
Costa Rica,30589,2024-01,633,297,0,78,258,411,341,15,55,654,363,2,35,254,356,290,18,48
Costa Rica,30589,2023-12,802,453,0,38,311,307,279,28,0,705,294,5,53,353,312,290,22,0
Costa Rica,30589,2023-11,963,694,1,33,235,486,403,29,54,498,223,0,20,255,969,884,26,59
Costa Rica,30589,2023-10,543,224,1,45,273,247,175,20,52,714,396,7,30,281,177,149,5,23
Costa Rica,30589,2023-09,724,293,0,55,376,190,163,6,21,638,266,2,25,345,111,102,8,1
Costa Rica,30589,2023-08,892,347,14,82,449,140,128,7,5,574,214,0,25,335,114,104,6,4
Costa Rica,30589,2023-07,842,370,8,53,411,159,140,13,6,648,228,0,52,368,100,87,12,1
Costa Rica,30589,2023-06,1045,468,1,87,489,191,165,25,1,840,315,15,38,472,200,162,12,26
Costa Rica,30589,2023-05,912,285,1,70,556,303,263,34,6,680,143,0,55,482,401,277,60,64
Costa Rica,30589,2023-04,1391,903,0,86,402,443,277,88,78,527,173,5,35,314,702,658,34,10
Costa Rica,30589,2023-03,1133,673,4,63,393,205,160,21,24,621,189,0,27,405,184,140,23,21
Costa Rica,30589,2023-02,611,291,0,25,295,163,105,26,32,537,262,0,43,232,130,73,24,33
Ecuador,31003,2026-02,237,22,6,10,199,841,n.a.,n.a.,n.a.,191,5,0,13,173,832,n.a.,n.a.,n.a.
Ecuador,31003,2026-01,234,18,4,27,185,1662,n.a.,n.a.,n.a.,187,2,1,5,179,2527,n.a.,n.a.,n.a.
Ecuador,31003,2025-12,246,25,11,14,196,598,n.a.,n.a.,n.a.,222,32,0,6,184,642,n.a.,n.a.,n.a.
Ecuador,31003,2025-11,217,32,2,12,171,613,n.a.,n.a.,n.a.,195,17,0,4,174,816,n.a.,n.a.,n.a.
Ecuador,31003,2025-10,247,25,5,39,178,531,n.a.,n.a.,n.a.,199,21,0,16,162,428,n.a.,n.a.,n.a.
Ecuador,31003,2025-09,198,16,7,9,166,582,n.a.,n.a.,n.a.,168,1,1,13,153,857,n.a.,n.a.,n.a.
Ecuador,31003,2025-08,205,20,2,32,151,365,n.a.,n.a.,n.a.,166,1,0,23,142,403,n.a.,n.a.,n.a.
Ecuador,31003,2025-07,203,40,4,23,136,379,n.a.,n.a.,n.a.,172,16,0,26,130,422,n.a.,n.a.,n.a.
Ecuador,31003,2025-06,199,10,12,32,145,437,n.a.,n.a.,n.a.,202,23,9,29,141,453,n.a.,n.a.,n.a.
Ecuador,31003,2025-05,160,20,3,16,121,466,n.a.,n.a.,n.a.,156,17,5,7,127,427,n.a.,n.a.,n.a.
Ecuador,31003,2025-04,165,26,7,16,116,575,n.a.,n.a.,n.a.,150,19,3,19,109,636,n.a.,n.a.,n.a.
Ecuador,31003,2025-03,166,21,6,28,111,540,n.a.,n.a.,n.a.,133,17,4,15,97,502,n.a.,n.a.,n.a.
Ecuador,31003,2025-02,183,30,1,17,135,781,n.a.,n.a.,n.a.,223,86,0,14,123,677,n.a.,n.a.,n.a.
Ecuador,31003,2025-01,169,18,2,12,137,573,n.a.,n.a.,n.a.,147,4,1,9,133,519,n.a.,n.a.,n.a.
Ecuador,31003,2024-12,169,23,6,7,133,491,n.a.,n.a.,n.a.,162,22,4,13,123,358,n.a.,n.a.,n.a.
Ecuador,31003,2024-11,357,208,4,21,124,441,n.a.,n.a.,n.a.,150,12,3,12,123,478,n.a.,n.a.,n.a.
Ecuador,31003,2024-10,131,3,13,10,105,1601,n.a.,n.a.,n.a.,146,7,9,19,111,1525,n.a.,n.a.,n.a.
Ecuador,31003,2024-09,114,9,11,11,83,318,n.a.,n.a.,n.a.,124,9,14,20,81,340,n.a.,n.a.,n.a.
Ecuador,31003,2024-08,143,15,6,8,114,304,n.a.,n.a.,n.a.,158,20,8,13,117,338,n.a.,n.a.,n.a.
Ecuador,31003,2024-07,168,35,4,27,102,262,n.a.,n.a.,n.a.,169,40,3,25,101,319,n.a.,n.a.,n.a.
Ecuador,31003,2024-06,125,14,3,8,100,364,n.a.,n.a.,n.a.,117,2,1,11,103,346,n.a.,n.a.,n.a.
Ecuador,31003,2024-05,198,38,2,5,153,383,n.a.,n.a.,n.a.,175,2,1,24,148,353,n.a.,n.a.,n.a.
Ecuador,31003,2024-04,157,11,6,16,124,277,n.a.,n.a.,n.a.,145,7,1,16,121,283,n.a.,n.a.,n.a.
Ecuador,31003,2024-03,147,12,5,8,122,393,n.a.,n.a.,n.a.,141,3,4,16,118,413,n.a.,n.a.,n.a.
Ecuador,31003,2024-02,139,11,9,15,104,334,n.a.,n.a.,n.a.,135,11,3,16,105,402,n.a.,n.a.,n.a.
Ecuador,31003,2024-01,137,12,12,14,99,353,n.a.,n.a.,n.a.,127,4,7,12,104,292,n.a.,n.a.,n.a.
Ecuador,31003,2023-12,113,7,7,10,89,195,n.a.,n.a.,n.a.,113,2,5,10,96,160,n.a.,n.a.,n.a.
Ecuador,31003,2023-11,113,9,3,14,87,199,n.a.,n.a.,n.a.,114,1,0,14,99,138,n.a.,n.a.,n.a.
Ecuador,31003,2023-10,145,13,3,10,119,221,n.a.,n.a.,n.a.,142,18,0,8,116,214,n.a.,n.a.,n.a.
Ecuador,31003,2023-09,129,10,3,13,103,342,n.a.,n.a.,n.a.,125,5,1,12,107,281,n.a.,n.a.,n.a.
Ecuador,31003,2023-08,130,12,1,8,109,677,n.a.,n.a.,n.a.,160,8,1,26,125,685,n.a.,n.a.,n.a.
Ecuador,31003,2023-07,102,12,2,11,77,227,n.a.,n.a.,n.a.,100,7,2,10,81,199,n.a.,n.a.,n.a.
Ecuador,31003,2023-06,116,11,23,18,64,184,n.a.,n.a.,n.a.,82,1,2,10,69,134,n.a.,n.a.,n.a.
Ecuador,31003,2023-05,102,4,14,27,57,679,n.a.,n.a.,n.a.,87,9,0,14,64,488,n.a.,n.a.,n.a.
Ecuador,31003,2023-04,69,12,12,11,34,315,n.a.,n.a.,n.a.,60,2,4,12,42,327,n.a.,n.a.,n.a.
Ecuador,31003,2023-03,175,12,22,86,55,285,n.a.,n.a.,n.a.,152,3,0,84,65,290,n.a.,n.a.,n.a.
Ecuador,31003,2023-02,62,7,2,9,44,675,n.a.,n.a.,n.a.,56,3,0,4,49,636,n.a.,n.a.,n.a.
Guatemala,31208,2026-02,1383,673,48,88,574,324,285,39,0,1339,626,89,76,548,247,214,33,0
Guatemala,31208,2026-01,2377,1768,41,130,438,571,429,142,0,1490,778,51,219,442,595,418,177,0
Guatemala,31208,2025-12,2129,1395,138,94,502,290,275,15,0,1322,782,27,31,482,319,308,11,0
Guatemala,31208,2025-11,1715,1075,99,17,524,248,227,21,0,1310,409,387,4,510,176,155,21,0
Guatemala,31208,2025-10,2919,2176,112,14,617,387,372,15,0,2091,1059,426,4,602,353,323,30,0
Guatemala,31208,2025-09,1795,1375,31,24,365,564,536,28,0,1149,708,66,5,370,543,510,33,0
Guatemala,31208,2025-08,1916,1523,72,12,309,294,267,27,0,831,391,131,8,301,278,256,22,0
Guatemala,31208,2025-07,1127,726,93,33,275,909,890,19,0,1157,756,122,11,268,741,709,32,0
Guatemala,31208,2025-06,2147,1440,362,130,215,237,225,12,0,1573,1115,202,44,212,200,189,11,0
Guatemala,31208,2025-05,1464,1045,125,13,281,323,316,7,0,857,455,110,18,274,299,287,12,0
Guatemala,31208,2025-04,1963,1732,46,16,169,377,360,17,0,1362,731,455,18,158,336,323,13,0
Guatemala,31208,2025-03,1829,1315,222,123,169,319,296,23,0,1785,1375,183,79,148,294,280,14,0
Guatemala,31208,2025-02,952,641,154,13,144,325,318,7,0,1219,798,224,41,156,353,339,14,0
Guatemala,31208,2025-01,359,88,51,93,127,244,230,14,0,657,451,15,51,140,251,235,16,0
Guatemala,31208,2024-12,1135,663,120,118,234,224,213,11,0,1014,717,36,24,237,239,225,14,0
Guatemala,31208,2024-11,1470,853,275,170,172,283,265,18,0,1791,1248,275,104,164,249,234,15,0
Guatemala,31208,2024-10,2106,929,971,16,190,338,318,20,0,843,342,300,10,191,333,316,17,0
Guatemala,31208,2024-09,2565,1859,478,96,132,321,293,28,0,1235,855,216,34,130,311,283,28,0
Guatemala,31208,2024-08,869,448,269,25,127,1001,952,49,0,771,284,285,66,136,1012,960,52,0
Guatemala,31208,2024-07,1386,856,249,93,188,126,97,29,0,954,516,191,56,191,170,129,41,0
Guatemala,31208,2024-06,1176,827,83,104,162,180,176,4,0,1051,706,124,65,156,126,120,6,0
Guatemala,31208,2024-05,1277,1051,75,19,132,256,241,15,0,1122,894,46,56,126,287,277,10,0
Guatemala,31208,2024-04,619,422,12,21,164,118,108,10,0,559,356,29,10,164,128,112,16,0
Guatemala,31208,2024-03,875,425,145,119,186,300,243,57,0,536,314,16,13,193,275,239,36,0
Guatemala,31208,2024-02,1052,570,235,45,202,183,153,30,0,806,448,121,43,194,135,108,27,0
Guatemala,31208,2024-01,858,354,81,209,214,358,344,14,0,851,533,39,55,224,401,375,26,0
Guatemala,31208,2023-12,1085,690,19,24,352,353,344,9,0,692,210,93,27,362,315,312,3,0
Guatemala,31208,2023-11,1253,913,23,100,217,314,295,19,0,1017,673,44,114,186,298,281,17,0
Guatemala,31208,2023-10,1129,829,14,134,152,282,240,42,0,938,762,9,12,155,420,398,22,0
Guatemala,31208,2023-09,750,504,31,28,187,254,227,27,0,1491,931,355,21,184,229,208,21,0
Guatemala,31208,2023-08,1492,1173,168,8,143,289,266,23,0,1487,1235,98,5,149,326,298,28,0
Guatemala,31208,2023-07,887,588,98,18,183,434,424,10,0,1139,854,35,58,192,430,420,10,0
Guatemala,31208,2023-06,1789,1430,125,77,157,524,475,49,0,641,280,132,77,152,678,654,24,0
Guatemala,31208,2023-05,1363,980,261,19,103,116,96,16,4,741,552,24,60,105,282,127,153,2
Guatemala,31208,2023-04,767,472,150,51,94,107,39,60,8,443,316,26,7,94,44,40,3,1
Guatemala,31208,2023-03,1743,1475,101,62,105,149,112,37,0,1674,1430,127,12,105,111,88,22,1
Guatemala,31208,2023-02,796,498,89,67,142,201,179,21,1,708,376,159,10,163,189,171,14,4
Mexico,31704,2026-02,27799,14297,133,356,13013,29752,17510,4216,8026,22186,11496,119,326,10245,29660,17380,4060,8220
Mexico,31704,2026-01,20143,7486,140,530,11987,30150,18228,4605,7317,16774,7848,69,165,8692,35100,22344,5310,7446
Mexico,31704,2025-12,16114,8711,160,352,6891,25071,15648,2632,6791,15448,8302,23,149,6974,24618,15932,2392,6294
Mexico,31704,2025-11,16181,7926,155,266,7834,25454,15520,3182,6752,18152,10164,21,452,7515,24647,15280,3201,6166
Mexico,31704,2025-10,25846,16536,137,389,8784,28394,11034,8686,8674,23753,15207,49,282,8215,24549,10365,5649,8535
Mexico,31704,2025-09,21633,13454,136,378,7665,28632,12040,8770,7822,24382,16114,26,241,8001,33612,15787,8950,8875
Mexico,31704,2025-08,22048,14323,144,345,7236,22697,11545,3891,7261,25022,17068,125,163,7666,22330,10118,4424,7788
Mexico,31704,2025-07,22583,13649,134,249,8551,35295,19683,7863,7749,21030,12815,2,276,7937,34496,19040,7841,7615
Mexico,31704,2025-06,17201,9514,79,321,7287,25268,14555,4454,6259,17048,10384,2,180,6482,26804,15764,4844,6196
Mexico,31704,2025-05,21462,13551,86,494,7331,27838,14107,7414,6317,17035,7939,15,297,8784,27825,13374,7827,6624
Mexico,31704,2025-04,15038,6077,68,346,8547,26442,13309,4831,8302,19504,10539,25,248,8692,26140,12728,4761,8651
Mexico,31704,2025-03,19427,7523,249,522,11133,27090,15537,4728,6825,28613,18959,2590,312,6752,25593,14764,4512,6317
Mexico,31704,2025-02,16048,8761,94,254,6939,28264,19113,3876,5275,14333,6583,121,322,7307,28976,18848,4979,5149
Mexico,31704,2025-01,24779,16672,24,338,7745,26814,18881,3881,4052,23887,16926,223,411,6327,38184,29732,4318,4134
Mexico,31704,2024-12,29135,21978,93,211,6853,17153,8593,2700,5860,27530,19802,2,138,7588,18470,9232,3056,6182
Mexico,31704,2024-11,21658,13763,117,279,7499,24676,13765,4503,6408,18817,11715,30,208,6864,24769,13453,4734,6582
Mexico,31704,2024-10,20880,12225,320,285,8050,27602,14699,6096,6807,17579,10086,4,216,7273,27175,14156,6221,6798
Mexico,31704,2024-09,18810,10669,172,363,7606,21389,9563,4144,7682,20631,10950,21,313,9347,21481,9800,4771,6910
Mexico,31704,2024-08,16340,7747,78,575,7940,25940,13943,3100,8897,17331,7109,109,418,9695,27048,14477,3522,9049
Mexico,31704,2024-07,21244,13206,161,379,7498,37858,26881,2842,8135,20242,13658,59,323,6202,37748,26183,2985,8580
Mexico,31704,2024-06,24922,17145,187,318,7272,25304,11520,3627,10157,27920,20593,131,317,6879,25143,11923,3601,9619
Mexico,31704,2024-05,23475,17197,127,318,5833,23488,11531,4897,7060,18013,12324,32,320,5337,23969,11789,5408,6772
Mexico,31704,2024-04,25777,18062,51,459,7205,26830,17313,2846,6671,19039,12405,55,382,6197,26549,17511,2893,6145
Mexico,31704,2024-03,18534,10826,78,1988,5642,20315,11674,2531,6110,11606,5032,796,262,5516,21027,12449,2880,5698
Mexico,31704,2024-02,13227,6376,65,991,5795,26632,17960,2654,6018,9609,3036,17,581,5975,26658,17909,2691,6058
Mexico,31704,2024-01,9342,4093,189,374,4686,20434,12777,2477,5180,9228,2806,72,349,6001,24052,15810,3006,5236
Mexico,31704,2023-12,7755,2207,254,280,5014,15541,8547,1977,5017,8177,2616,91,152,5318,16317,9000,1829,5488
Mexico,31704,2023-11,11658,4390,323,287,6658,19261,11565,2810,4886,9804,2327,100,157,7220,19657,12004,2694,4959
Mexico,31704,2023-10,12094,5979,169,197,5749,19492,11409,2367,5716,10647,3809,22,170,6646,18355,11433,2204,4718
Mexico,31704,2023-09,22493,5207,132,304,16850,15256,7217,2068,5971,16441,4031,25,188,12197,13658,6632,2066,4960
Mexico,31704,2023-08,11703,5241,290,304,5868,17731,9966,2286,5479,11532,5417,48,220,5847,17259,9709,2098,5452
Mexico,31704,2023-07,21698,13872,204,345,7277,13329,6236,3006,4087,18810,11796,589,304,6121,13692,6495,2892,4305
Mexico,31704,2023-06,28137,20377,73,660,7027,15283,7043,3117,5123,30728,20794,1633,163,8138,14092,6852,2406,4834
Mexico,31704,2023-05,38610,32257,250,664,5439,15722,7373,2668,5681,36095,29120,154,272,6549,15423,7599,2294,5530
Mexico,31704,2023-04,29264,22472,403,904,5485,16274,8296,2204,5774,24778,19400,7,105,5266,14854,8359,2180,4315
Mexico,31704,2023-03,22152,12707,607,468,8370,19070,7959,4761,6350,21563,11334,64,543,9622,20134,8673,4493,6968
Mexico,31704,2023-02,18484,11300,218,297,6669,22847,10491,4269,8087,13453,6612,151,118,6572,23481,10422,4938,8121
Panama,31887,2026-02,6594,1004,850,893,3847,10012,2114,638,7260,5659,910,873,475,3401,12737,4923,665,7149
Panama,31887,2026-01,6759,1050,1056,864,3789,10595,1423,675,8497,5675,969,901,357,3448,10409,1335,709,8365
Panama,31887,2025-12,5585,989,970,502,3124,11088,653,1617,8818,5162,950,942,286,2984,10445,619,914,8912
Panama,31887,2025-11,5101,668,827,395,3211,11136,909,2910,7317,4537,554,761,340,2882,10447,802,1985,7660
Panama,31887,2025-10,5987,947,1072,586,3382,12912,982,3825,8105,5055,741,850,286,3178,13507,942,4366,8199
Panama,31887,2025-09,6006,1013,925,850,3218,9175,959,1112,7104,5010,932,932,365,2781,9538,952,1346,7240
Panama,31887,2025-08,5354,829,976,839,2710,8309,1207,1180,5922,4137,657,867,347,2266,8094,1192,839,6063
Panama,31887,2025-07,6035,863,883,1169,3120,13077,1207,3511,8359,4966,705,776,381,3104,13373,1123,3666,8584
Panama,31887,2025-06,5512,1107,926,967,2512,9278,975,1094,7209,4730,1285,946,333,2166,9327,788,1075,7464
Panama,31887,2025-05,4892,1010,1020,1046,1816,9152,1365,1859,5928,4429,875,982,466,2106,8559,1161,1616,5782
Panama,31887,2025-04,5447,898,987,1679,1883,8291,1240,1638,5413,4136,827,938,390,1981,8230,1034,1749,5447
Panama,31887,2025-03,6916,1187,1015,1971,2743,10036,2132,1314,6590,5030,906,992,662,2470,9429,1904,1277,6248
Panama,31887,2025-02,5682,953,837,1741,2151,9643,1208,2788,5647,4741,956,844,862,2079,10825,1060,4016,5749
Panama,31887,2025-01,4524,936,859,658,2071,8902,1092,1078,6732,4338,847,844,625,2022,9071,1156,1160,6755
Panama,31887,2024-12,5362,814,1164,632,2752,8548,845,998,6705,5838,646,940,842,3410,8144,595,776,6773
Panama,31887,2024-11,5338,1174,1104,1105,1955,8702,786,1154,6762,4530,1031,857,818,1824,8821,780,1070,6971
Panama,31887,2024-10,4628,1181,1060,814,1573,10354,1478,1598,7278,4306,1178,859,669,1600,10182,1206,1307,7669
Panama,31887,2024-09,4381,743,1299,800,1539,8157,1021,1341,5795,4797,797,1165,1090,1745,8360,963,1293,6104
Panama,31887,2024-08,6019,1201,1023,1404,2391,6671,1025,839,4807,5390,1070,968,840,2512,6641,963,791,4887
Panama,31887,2024-07,4955,773,879,1142,2161,7170,1026,757,5387,4491,695,761,553,2482,6926,1002,842,5082
Panama,31887,2024-06,4844,721,813,1416,1894,7595,842,978,5775,4905,642,783,1062,2418,7835,897,891,6047
Panama,31887,2024-05,4311,759,938,1099,1515,7765,1423,1047,5295,4064,781,862,786,1635,7830,1242,1117,5471
Panama,31887,2024-04,4740,951,856,1461,1472,7899,1425,1039,5435,4309,947,851,687,1824,8099,1539,1098,5462
Panama,31887,2024-03,4660,936,757,1144,1823,8019,1968,979,5072,4246,880,746,906,1714,8576,2380,1056,5140
Panama,31887,2024-02,4771,784,782,1594,1611,8035,1697,1734,4604,4093,665,766,865,1797,8927,2757,1466,4704
Panama,31887,2024-01,4366,947,760,1287,1372,7709,1041,1492,5176,3491,879,752,488,1372,8027,828,1609,5590
Panama,31887,2023-12,4253,1148,779,486,1840,7705,1109,1282,5314,4046,809,719,571,1947,7614,961,1365,5288
Panama,31887,2023-11,3882,913,871,816,1282,4839,1482,1101,2256,3434,627,885,498,1424,4670,1479,988,2203
Panama,31887,2023-10,4421,1427,818,812,1364,6862,2005,2129,2728,4100,1493,826,347,1434,7095,2341,2075,2679
Panama,31887,2023-09,3686,920,891,655,1220,4501,532,1142,2827,3548,874,859,577,1238,4503,677,1166,2660
Panama,31887,2023-08,4135,800,736,1114,1485,5436,502,1728,3206,3581,674,716,425,1766,5751,549,2214,2988
Panama,31887,2023-07,3162,625,712,803,1022,7673,493,1475,5705,2694,589,683,262,1160,8309,572,1774,5963
Panama,31887,2023-06,4070,886,749,946,1489,6581,873,1432,4276,3449,841,713,467,1428,6934,692,1887,4355
Panama,31887,2023-05,3803,1025,804,937,1037,4371,661,1078,2632,3185,723,757,372,1333,5221,1008,1383,2830
Panama,31887,2023-04,3333,803,822,660,1048,4166,1057,1233,1876,2964,618,816,318,1212,3656,752,968,1936
Panama,31887,2023-03,4535,1124,845,1060,1506,7493,2128,1660,3705,4024,982,806,622,1614,8280,3181,1530,3569
Panama,31887,2023-02,2962,688,708,544,1022,4940,604,1658,2678,3007,597,701,763,946,5299,688,1835,2776
Peru,32204,2026-02,25668,13531,18,71,12048,2522,1184,464,874,22890,10210,15,50,12615,2650,1347,435,868
Peru,32204,2026-01,23211,8848,10,66,14287,3147,1234,505,1408,23164,7692,4,130,15338,3562,1508,685,1369
Peru,32204,2025-12,16813,7696,16,47,9054,3100,1473,623,1004,18149,7170,104,92,10783,2759,1399,439,921
Peru,32204,2025-11,16169,6811,13,60,9285,2425,1408,303,714,15819,7141,158,89,8431,2162,1159,368,635
Peru,32204,2025-10,24919,12280,7,141,12491,3891,1382,1714,795,24464,11770,343,100,12251,3973,1720,1478,775
Peru,32204,2025-09,19276,11184,2,90,8000,3074,1355,1072,647,18875,10631,18,90,8136,3102,1461,984,657
Peru,32204,2025-08,17455,6927,229,118,10181,2177,1355,477,345,16714,6693,208,75,9738,2444,1583,527,334
Peru,32204,2025-07,12500,5400,267,91,6742,2800,1517,985,298,11952,5018,157,93,6684,2375,1347,730,298
Peru,32204,2025-06,16589,8283,115,64,8127,1687,891,396,400,17437,8831,2,43,8561,3349,2587,419,343
Peru,32204,2025-05,17561,8948,6,261,8346,1930,947,681,302,17454,9407,7,27,8013,1991,907,761,323
Peru,32204,2025-04,27051,14598,4,72,12377,2231,1453,442,336,27957,14881,5,282,12789,2514,1441,693,380
Peru,32204,2025-03,22744,13892,4,135,8713,1667,971,383,313,22281,14226,131,86,7838,1695,952,414,329
Peru,32204,2025-02,16137,10561,10,117,5449,2180,1192,729,259,16544,10186,156,63,6139,2706,1433,1021,252
Peru,32204,2025-01,22562,11662,8,89,10803,2163,1201,723,239,23045,12958,4,19,10064,2721,1789,699,233
Peru,32204,2024-12,17648,10332,10,46,7260,1214,645,335,234,16296,10036,102,26,6132,1694,1149,321,224
Peru,32204,2024-11,18194,11856,87,57,6194,2047,1174,502,371,17061,11173,139,51,5698,2401,1634,439,328
Peru,32204,2024-10,21089,12322,144,95,8528,3118,2052,556,510,19087,9378,469,36,9204,3688,2398,824,466
Peru,32204,2024-09,21791,11493,51,99,10148,2728,1376,630,722,20555,10037,139,100,10279,3627,2182,817,628
Peru,32204,2024-08,24027,9269,19,110,14629,4566,3916,349,301,23334,8409,193,67,14665,5297,4640,341,316
Peru,32204,2024-07,23945,13053,30,84,10778,2783,2029,348,406,25916,15503,117,61,10235,2610,1657,501,452
Peru,32204,2024-06,18762,7567,14,71,11110,1538,755,262,521,19154,7863,12,17,11262,1492,724,244,524
Peru,32204,2024-05,22312,10833,26,58,11395,2279,1302,427,550,19222,9728,18,75,9401,2043,1138,371,534
Peru,32204,2024-04,23894,15236,9,113,8536,2275,1242,366,667,21415,13765,15,43,7592,2631,1560,442,629
Peru,32204,2024-03,14767,7757,26,94,6890,2438,1265,445,728,13647,7057,17,79,6494,2587,1285,542,760
Peru,32204,2024-02,25185,17772,63,136,7214,2668,1967,404,297,22012,15146,40,62,6764,1814,1113,411,290
Peru,32204,2024-01,27973,19368,43,77,8485,1607,924,407,276,26204,17934,52,46,8172,1752,800,651,301
Peru,32204,2023-12,19439,11859,66,39,7475,1763,804,269,690,19013,12085,50,46,6832,1688,713,271,704
Peru,32204,2023-11,23351,14522,56,87,8686,1319,922,192,205,22932,15513,57,81,7281,1431,958,234,239
Peru,32204,2023-10,20439,13657,95,116,6571,2304,1897,288,119,20905,14355,103,18,6429,2096,1713,246,137
Peru,32204,2023-09,12566,6790,132,107,5537,1495,1023,307,165,12745,6778,93,68,5806,1751,1373,280,98
Peru,32204,2023-08,17562,9763,123,129,7547,1250,899,211,140,16572,9022,160,76,7314,1152,806,157,189
Peru,32204,2023-07,15243,7939,57,87,7160,1478,1133,198,147,15514,8876,53,39,6546,1546,1197,151,198
Peru,32204,2023-06,10390,6636,26,66,3662,2566,1914,413,239,10451,6023,33,21,4374,2327,1725,409,193
Peru,32204,2023-05,12032,6961,99,73,4899,1310,916,214,180,11599,6819,37,26,4717,1900,1050,609,241
Peru,32204,2023-04,9177,5705,61,79,3332,1914,934,687,293,9811,6349,51,17,3394,1121,655,256,210
Peru,32204,2023-03,14631,9628,53,204,4746,2688,2024,480,184,14461,9822,49,56,4534,2158,1540,400,218
Peru,32204,2023-02,10197,5853,171,82,4091,2011,1505,351,155,9442,4828,106,169,4339,2050,1405,449,196
Uruguay,32603,2026-02,2906,1102,130,143,1531,801,684,7,110,2415,777,124,151,1363,445,438,7,0
Uruguay,32603,2026-01,2623,1119,68,155,1281,443,417,24,2,2118,699,79,161,1179,407,381,24,2
Uruguay,32603,2025-12,2893,1388,126,193,1186,414,414,0,0,2641,1232,106,178,1125,486,370,0,116
Uruguay,32603,2025-11,2471,1083,216,137,1035,467,457,10,0,1951,567,198,166,1020,366,357,9,0
Uruguay,32603,2025-10,2886,1201,180,138,1367,465,391,7,67,2322,716,176,142,1288,788,781,7,0
Uruguay,32603,2025-09,2928,1374,143,142,1269,370,317,27,26,3352,1741,141,183,1287,309,283,26,0
Uruguay,32603,2025-08,2580,1150,166,221,1043,293,270,11,12,2623,1166,148,182,1127,195,177,16,2
Uruguay,32603,2025-07,3007,1446,171,213,1177,471,464,3,4,3250,1773,175,165,1137,412,384,7,21
Uruguay,32603,2025-06,2853,1485,152,217,999,228,218,8,2,3101,1883,138,162,918,340,262,11,67
Uruguay,32603,2025-05,2595,1434,166,120,875,335,333,1,1,1855,607,148,115,985,401,370,1,30
Uruguay,32603,2025-04,3013,1472,144,170,1227,607,579,0,28,2628,1042,144,267,1175,498,474,1,23
Uruguay,32603,2025-03,2030,694,188,145,1003,470,461,6,3,2956,1602,169,189,996,553,541,2,10
Uruguay,32603,2025-02,2807,1581,133,125,968,413,394,19,0,2966,1594,137,228,1007,889,867,22,0
Uruguay,32603,2025-01,2769,1562,175,149,883,271,258,12,1,2367,1240,154,121,852,255,243,11,1
Uruguay,32603,2024-12,3403,2076,135,176,1016,383,368,14,1,3164,1584,140,369,1071,323,305,17,1
Uruguay,32603,2024-11,2350,1112,132,241,865,393,384,9,0,2178,878,129,276,895,372,362,10,0
Uruguay,32603,2024-10,2665,1355,220,234,856,778,746,32,0,2644,1353,208,208,875,738,703,34,1
Uruguay,32603,2024-09,2951,1736,196,274,745,1299,1120,179,0,2677,1390,213,248,826,1650,1474,176,0
Uruguay,32603,2024-08,2658,1279,170,245,964,386,355,31,0,2285,975,166,257,887,371,371,0,0
Uruguay,32603,2024-07,3054,1820,178,199,857,287,274,13,0,3861,2679,163,156,863,257,237,20,0
Uruguay,32603,2024-06,2552,1300,188,322,742,351,317,34,0,2904,1639,163,380,722,330,293,37,0
Uruguay,32603,2024-05,2448,1255,218,220,755,415,385,28,2,2735,1501,215,267,752,454,435,17,2
Uruguay,32603,2024-04,3252,2379,128,214,531,405,359,44,2,3071,2113,133,209,616,388,348,40,0
Uruguay,32603,2024-03,1865,889,181,205,590,385,377,6,2,1691,735,161,176,619,421,418,3,0
Uruguay,32603,2024-02,2821,1737,217,222,645,241,238,3,0,2352,1399,212,132,609,277,270,3,4
Uruguay,32603,2024-01,2121,736,311,425,649,514,307,207,0,1781,510,275,335,661,530,313,217,0
Uruguay,32603,2023-12,2776,1743,297,247,489,431,345,86,0,1521,516,295,205,505,444,359,85,0
Uruguay,32603,2023-11,2634,1423,516,255,440,528,514,8,6,2116,960,540,162,454,728,689,35,4
Uruguay,32603,2023-10,2265,1175,460,223,407,419,410,9,0,1903,816,455,174,458,410,395,15,0
Uruguay,32603,2023-09,2900,1524,557,401,418,273,255,18,0,2251,1006,584,213,448,281,270,11,0
Uruguay,32603,2023-08,2650,1127,600,345,578,507,500,7,0,1992,637,606,152,597,395,340,55,0
Uruguay,32603,2023-07,2271,921,520,369,461,312,310,2,0,1576,318,519,210,529,674,669,5,0
Uruguay,32603,2023-06,2889,1366,558,342,623,461,459,2,0,1706,448,527,137,594,384,381,3,0
Uruguay,32603,2023-05,2587,1167,501,296,623,379,317,9,53,1790,420,486,250,634,807,738,26,43
Uruguay,32603,2023-04,2225,988,389,378,470,906,821,22,63,1430,399,392,172,467,368,319,7,42
Uruguay,32603,2023-03,3320,1628,391,735,566,532,479,16,37,2248,983,374,323,568,576,495,18,63
Uruguay,32603,2023-02,1898,874,398,208,418,409,337,9,63,1438,434,390,165,449,478,405,15,58
Venezuela,32719,2026-02,474,26,4,35,409,478,284,194,0,402,10,2,19,371,543,323,220,0
Venezuela,32719,2026-01,542,32,4,46,460,1280,811,469,0,444,5,3,22,414,1396,940,456,0
Venezuela,32719,2025-12,582,24,2,38,518,345,187,158,0,557,11,3,23,520,302,157,135,10
Venezuela,32719,2025-11,689,22,4,57,606,365,173,192,0,607,2,4,21,580,361,140,221,0
Venezuela,32719,2025-10,1172,70,50,309,743,373,157,216,0,726,4,1,23,698,381,168,213,0
Venezuela,32719,2025-09,602,35,1,53,513,295,214,81,0,548,15,1,34,498,320,226,94,0
Venezuela,32719,2025-08,620,38,1,44,537,157,89,68,0,555,4,1,24,526,143,79,64,0
Venezuela,32719,2025-07,532,37,1,40,454,125,84,41,0,478,11,1,26,440,131,82,49,0
Venezuela,32719,2025-06,629,31,1,47,550,24,13,11,0,641,10,1,23,607,43,20,23,0
Venezuela,32719,2025-05,538,24,1,47,466,64,42,22,0,549,3,0,31,515,94,60,34,0
Venezuela,32719,2025-04,511,68,0,40,403,167,106,61,0,381,13,0,27,341,81,47,34,0
Venezuela,32719,2025-03,451,27,0,57,367,228,104,124,0,376,13,1,40,322,209,91,118,0
Venezuela,32719,2025-02,508,56,1,40,411,444,180,264,0,455,19,0,23,413,366,118,248,0
Venezuela,32719,2025-01,482,34,0,48,400,123,70,53,0,458,25,0,43,390,133,73,60,0
Venezuela,32719,2024-12,504,34,1,37,432,132,36,96,0,469,35,0,23,411,122,37,85,0
Venezuela,32719,2024-11,534,35,0,59,440,65,33,32,0,494,12,0,26,456,62,28,34,0
Venezuela,32719,2024-10,448,30,1,53,364,73,45,28,0,421,23,1,29,368,69,40,29,0
Venezuela,32719,2024-09,366,32,0,42,292,125,85,40,0,376,19,1,34,322,137,82,55,0
Venezuela,32719,2024-08,577,29,1,59,488,123,61,62,0,533,10,0,41,482,112,45,67,0
Venezuela,32719,2024-07,480,42,0,47,391,405,206,199,0,415,14,0,26,375,402,224,178,0
Venezuela,32719,2024-06,411,39,0,47,325,150,82,68,0,335,8,0,24,303,132,88,44,0
Venezuela,32719,2024-05,419,35,0,47,337,179,116,63,0,392,20,0,28,344,229,127,102,0
Venezuela,32719,2024-04,371,54,1,57,259,340,230,110,0,354,18,0,32,304,230,116,114,0
Venezuela,32719,2024-03,623,84,1,56,482,113,71,42,0,503,58,0,36,409,132,82,50,0
Venezuela,32719,2024-02,398,51,2,62,283,183,58,125,0,393,16,1,32,344,198,74,124,0
Venezuela,32719,2024-01,596,53,2,46,495,324,124,200,0,521,28,1,31,461,278,118,160,0
Venezuela,32719,2023-12,434,37,1,55,341,82,50,32,0,420,15,1,27,377,108,54,54,0
Venezuela,32719,2023-11,331,63,0,60,208,303,162,141,0,379,32,0,31,316,310,157,153,0
Venezuela,32719,2023-10,480,49,1,48,382,291,110,181,0,504,29,0,24,451,386,144,242,0
Venezuela,32719,2023-09,421,47,1,57,316,12,6,6,0,373,21,0,34,318,13,6,7,0
Venezuela,32719,2023-08,562,53,1,57,451,4,4,0,0,496,26,0,38,432,33,11,22,0
Venezuela,32719,2023-07,696,59,1,53,583,3,3,0,0,602,19,0,36,547,4,1,3,0
Venezuela,32719,2023-06,808,37,1,57,713,5,4,1,0,496,15,0,28,453,8,2,6,0
Venezuela,32719,2023-05,450,74,1,61,314,63,56,4,3,449,60,1,38,350,51,44,2,5
Venezuela,32719,2023-04,332,24,3,55,250,43,21,16,6,566,6,0,25,535,8,0,3,5
Venezuela,32719,2023-03,391,35,3,41,312,26,9,7,10,397,15,1,38,343,54,29,17,8
Venezuela,32719,2023-02,408,48,1,55,304,15,3,4,8,325,14,0,24,287,25,15,6,4
Total Latin America,39942,2026-02,125790,65862,1315,2239,56374,107046,38777,9585,58684,121057,67432,1355,1562,50708,117342,46293,8930,62119
Total Latin America,39942,2026-01,123070,61136,1443,2503,57988,111159,41281,11849,58029,116579,60862,1193,1724,52800,131607,54202,13890,63515
Total Latin America,39942,2025-12,114067,70235,1527,1982,40323,151457,82430,9522,59505,112414,68613,1284,1237,41280,155291,89563,7369,58359
Total Latin America,39942,2025-11,104140,59235,1373,1509,42023,101677,38878,11063,51736,98011,56293,1657,1639,38422,100791,37675,10882,52234
Total Latin America,39942,2025-10,125959,69380,1659,2332,52588,107367,30549,18836,57982,124473,71862,2011,1321,49279,105250,32475,15974,56801
Total Latin America,39942,2025-09,97230,52408,1294,2444,41084,103760,36059,15422,52279,107451,65583,1548,1760,38560,111514,39627,15629,56258
Total Latin America,39942,2025-08,93584,46412,1685,3129,42358,89528,28534,10192,50802,104613,61785,1602,1369,39857,91412,28563,10641,52208
Total Latin America,39942,2025-07,92919,50335,1618,2701,38265,107678,38653,17948,51077,102949,60317,1272,1429,39931,106417,37073,17816,51528
Total Latin America,39942,2025-06,92058,49946,1705,2320,38087,102023,28810,9365,63848,88483,51248,1314,1166,34755,110954,32663,10908,67383
Total Latin America,39942,2025-05,100785,58501,1542,2647,38095,90651,27957,16180,46514,89788,49803,1417,1368,37200,92027,25708,17854,48465
Total Latin America,39942,2025-04,102637,53242,1301,3482,44612,95684,38154,10430,47100,100904,52655,1730,2354,44165,98671,39225,10529,48917
Total Latin America,39942,2025-03,98268,50625,1729,3564,42350,88848,34756,10733,43359,103511,61663,4366,2048,35434,87313,33691,10276,43346
Total Latin America,39942,2025-02,90832,51107,1251,3437,35037,84501,35046,10960,38495,83809,45329,1598,1895,34987,88819,36201,13586,39032
Total Latin America,39942,2025-01,98446,51246,1183,1911,44106,83734,35134,10095,38505,94688,55831,1321,1627,35909,95754,46244,9909,39601
Total Latin America,39942,2024-12,109071,67005,1632,1867,38567,73905,23629,7425,42851,132397,88927,1302,1977,40191,72509,22627,7348,42534
Total Latin America,39942,2024-11,105250,67852,1936,2566,32896,80318,29521,9222,41575,100079,65075,1650,1998,31356,86079,34247,8911,42921
Total Latin America,39942,2024-10,109923,69432,2895,2249,35347,92785,34595,12939,45251,101571,62780,2070,1794,34927,94407,36031,13544,44832
Total Latin America,39942,2024-09,101457,58898,2312,2453,37794,88628,25742,15105,47781,99798,56066,2046,2396,39290,86341,27745,11321,47275
Total Latin America,39942,2024-08,109087,59631,1743,3342,44371,86763,31610,7888,47265,103203,54090,1807,2520,44786,93212,34278,7880,51054
Total Latin America,39942,2024-07,116455,71239,1670,3031,40515,91854,41873,7691,42290,116736,75707,1339,1834,37856,91244,39658,8433,43153
Total Latin America,39942,2024-06,105724,64542,1361,2943,36878,85625,32088,7586,45951,109179,67587,1467,2324,37801,89522,36078,8370,45074
Total Latin America,39942,2024-05,92768,54789,1448,2642,33889,84508,25940,11861,46707,79232,44963,1275,2635,30359,86574,26199,12795,47580
Total Latin America,39942,2024-04,92529,52078,1167,4267,35017,90821,36354,7802,46665,85583,49878,1228,2282,32195,90508,36387,8475,45646
Total Latin America,39942,2024-03,72355,36267,1355,4807,29926,79813,28067,8066,43680,59213,26371,1771,3106,27965,81721,30273,8767,42681
Total Latin America,39942,2024-02,76997,41196,1517,4367,29917,82175,31600,8177,42398,65504,32301,1465,2495,29243,82357,32722,8946,40689
Total Latin America,39942,2024-01,71368,37832,1488,3390,28658,88126,40614,7861,39651,69849,38062,1433,2082,28272,86075,37678,9979,38418
Total Latin America,39942,2023-12,59883,30275,1517,1885,26206,68428,24479,6524,37425,55295,26525,1320,1773,25677,69719,24649,6093,38977
Total Latin America,39942,2023-11,72208,37485,2685,2749,29289,66636,23567,8931,34138,63771,34042,1661,1658,26410,70776,27678,7756,35342
Total Latin America,39942,2023-10,66537,36326,1707,2393,26111,65242,22915,7261,35066,70223,39643,1687,1473,27420,64477,23318,6778,34381
Total Latin America,39942,2023-09,73747,32799,1866,2627,36455,51339,16197,6469,28673,65201,29113,2011,1676,32401,51880,16070,8052,27758
Total Latin America,39942,2023-08,69851,36283,2101,2757,28710,62417,18801,7757,35859,64411,33843,1642,1453,27473,61072,19945,6704,34423
Total Latin America,39942,2023-07,86312,53255,1816,2673,28568,58957,17329,8784,32844,82520,52533,1890,1982,26115,59551,17482,8661,33408
Total Latin America,39942,2023-06,107942,75326,1819,3781,27016,69872,24275,9143,36454,102458,70731,3116,1649,26962,70032,23104,10140,36788
Total Latin America,39942,2023-05,130481,99301,2128,4334,24718,58766,16974,8974,32818,122975,92676,1616,2570,26113,60949,20578,8287,32084
Total Latin America,39942,2023-04,106357,81816,1969,3202,19370,56606,21460,7620,27526,95079,70835,1329,2407,20508,52117,19976,5956,26185
Total Latin America,39942,2023-03,108070,72635,2260,4444,28731,77248,27382,10833,39033,100515,65882,1668,2693,30272,76600,27812,10293,38495
Total Latin America,39942,2023-02,89644,60072,1692,2030,25850,64006,22064,11375,30567,79105,49476,1574,1993,26062,66015,22887,12728,30400
Barbados,30155,2026-02,1045,70,31,791,153,40,8,32,0,1074,803,18,103,150,38,4,34,0
Barbados,30155,2026-01,2876,1553,39,1101,183,75,22,53,0,2649,1556,51,802,240,98,25,73,0
Barbados,30155,2025-12,431,220,19,84,108,23,3,20,0,258,36,25,84,113,29,5,24,0
Barbados,30155,2025-11,596,75,19,378,124,13,4,9,0,501,144,26,196,135,11,4,7,0
Barbados,30155,2025-10,413,109,25,152,127,12,2,10,0,435,73,17,227,118,28,13,15,0
Barbados,30155,2025-09,433,68,1,215,149,24,6,18,0,293,38,32,105,118,159,3,156,0
Barbados,30155,2025-08,466,61,16,306,83,27,19,8,0,301,55,44,65,137,24,21,3,0
Barbados,30155,2025-07,309,76,23,103,107,45,21,24,0,273,19,60,96,98,56,33,23,0
Barbados,30155,2025-06,412,46,61,143,162,31,26,5,0,467,67,14,211,175,375,373,2,0
Barbados,30155,2025-05,447,26,19,265,137,6,1,5,0,348,49,20,128,151,1,0,1,0
Barbados,30155,2025-04,538,123,26,233,156,20,6,11,3,445,49,9,210,177,22,9,13,0
Barbados,30155,2025-03,449,43,18,248,140,26,17,9,0,517,232,1,142,142,42,24,18,0
Barbados,30155,2025-02,471,58,43,202,168,9,1,8,0,675,226,14,229,206,2,0,2,0
Barbados,30155,2025-01,395,156,14,114,111,40,23,17,0,377,201,5,59,112,36,23,13,0
Barbados,30155,2024-12,612,303,45,125,139,25,19,6,0,353,78,12,146,117,26,13,13,0
Barbados,30155,2024-11,349,51,9,141,148,22,8,14,0,352,100,12,127,113,15,4,11,0
Barbados,30155,2024-10,618,264,20,190,144,48,1,47,0,479,78,17,249,135,40,2,38,0
Barbados,30155,2024-09,467,197,19,170,81,17,0,17,0,499,287,8,103,101,9,2,7,0
Barbados,30155,2024-08,296,51,2,152,91,42,1,41,0,199,33,1,84,81,36,5,31,0
Barbados,30155,2024-07,338,41,7,179,111,10,0,10,0,220,56,2,66,96,5,0,5,0
Barbados,30155,2024-06,251,71,0,53,127,11,3,8,0,239,51,4,108,76,7,2,5,0
Barbados,30155,2024-05,285,48,5,115,117,10,2,8,0,261,49,8,127,77,6,1,5,0
Barbados,30155,2024-04,285,118,28,77,62,35,2,33,0,366,124,15,141,86,29,0,29,0
Barbados,30155,2024-03,221,50,35,44,92,32,17,15,0,274,74,6,104,90,25,19,6,0
Barbados,30155,2024-02,350,49,9,158,134,33,4,29,0,367,83,18,47,219,69,9,60,0
Barbados,30155,2024-01,350,41,8,149,152,90,0,90,0,314,134,9,38,133,63,0,63,0
Barbados,30155,2023-12,668,406,48,97,117,9,1,8,0,538,324,40,109,65,10,0,10,0
Barbados,30155,2023-11,504,223,30,191,60,36,1,35,0,292,67,10,126,89,37,1,36,0
Barbados,30155,2023-10,344,70,24,157,93,65,2,63,0,299,113,0,94,92,65,2,63,0
Barbados,30155,2023-09,268,126,21,43,78,58,9,49,0,676,95,352,57,172,28,6,22,0
Barbados,30155,2023-08,363,88,20,173,82,38,3,35,0,199,66,0,28,105,21,1,20,0
Barbados,30155,2023-07,196,42,19,45,90,20,6,14,0,288,96,1,89,102,21,4,17,0
Barbados,30155,2023-06,549,86,14,366,83,75,5,70,0,510,85,32,300,93,14,0,14,0
Barbados,30155,2023-05,965,172,36,547,210,10,1,7,2,2606,142,8,2145,311,152,3,130,19
Barbados,30155,2023-04,122,59,2,40,21,131,0,118,13,150,16,0,79,55,21,0,12,9
Barbados,30155,2023-03,636,242,46,307,41,84,16,34,34,659,350,27,199,83,62,1,49,12
Barbados,30155,2023-02,513,220,7,225,61,72,8,46,18,403,79,15,252,57,41,5,32,4
Anguilla,30228,2026-02,110,11,1,38,61,0,0,0,0,98,12,0,10,76,0,0,0,0
Anguilla,30228,2026-01,126,16,0,31,79,0,0,0,0,138,48,0,30,60,25,0,0,25
Anguilla,30228,2025-12,68,13,0,9,46,36,0,0,36,81,25,0,16,39,2,0,0,2
Anguilla,30228,2025-11,116,2,0,42,72,0,0,0,0,59,2,0,25,32,10,0,0,10
Anguilla,30228,2025-10,142,26,0,67,49,12,0,0,12,116,19,0,48,49,4,0,0,4
Anguilla,30228,2025-09,55,7,1,16,31,0,0,0,0,57,7,0,19,31,0,0,0,0
Anguilla,30228,2025-08,271,17,0,11,242,0,0,0,0,146,12,0,0,134,6,0,0,6
Anguilla,30228,2025-07,256,12,0,14,230,1,0,0,1,363,1,0,9,353,1,0,0,1
Anguilla,30228,2025-06,353,5,1,20,327,7,0,0,7,119,1,0,10,108,1,0,0,1
Anguilla,30228,2025-05,362,33,0,18,311,0,0,0,0,428,20,0,2,406,0,0,0,0
Anguilla,30228,2025-04,312,7,0,8,297,0,0,0,0,179,0,0,2,177,0,0,0,0
Anguilla,30228,2025-03,265,14,0,4,247,22,0,0,22,379,3,0,6,370,2,0,0,2
Anguilla,30228,2025-02,307,4,0,3,300,9,0,0,9,447,2,0,4,441,0,0,0,0
Anguilla,30228,2025-01,362,12,0,4,346,0,0,0,0,332,7,0,13,312,4,0,0,4
Anguilla,30228,2024-12,298,17,0,12,269,10,0,0,10,133,7,0,3,123,8,0,0,8
Anguilla,30228,2024-11,294,14,0,7,273,1,0,0,1,180,11,0,11,158,0,0,0,0
Anguilla,30228,2024-10,52,6,0,12,34,13,0,0,13,92,4,1,15,71,8,0,0,8
Anguilla,30228,2024-09,93,2,0,2,89,13,0,0,13,119,14,0,5,100,36,0,0,36
Anguilla,30228,2024-08,103,5,0,5,93,10,0,0,10,121,8,0,4,109,19,0,0,19
Anguilla,30228,2024-07,177,7,0,4,165,16,0,0,16,107,7,0,2,98,5,0,0,5
Anguilla,30228,2024-06,113,15,0,5,93,0,0,0,0,119,3,0,12,104,0,0,0,0
Anguilla,30228,2024-05,169,0,1,45,123,15,0,0,15,4034,9,0,38,3987,54,0,0,54
Anguilla,30228,2024-04,3814,19,3,12,3780,9,0,0,9,7803,0,0,2,7801,0,0,0,0
Anguilla,30228,2024-03,12458,0,1,14,12443,7,0,0,7,12611,1,0,89,12521,0,0,0,0
Anguilla,30228,2024-02,12956,0,0,15,12941,0,0,0,0,12993,0,0,10,12983,0,0,0,0
Anguilla,30228,2024-01,11133,1,0,11,11121,7,0,0,7,11079,0,0,2,11077,0,0,0,0
Anguilla,30228,2023-12,13144,2,0,8,13134,18,0,0,18,11548,0,0,9,11539,0,0,0,0
Anguilla,30228,2023-11,11368,1,0,4,11363,1,0,0,1,11244,0,0,2,11242,76,0,0,76
Anguilla,30228,2023-10,11908,0,0,1,11907,13,0,0,13,11985,0,0,2,11983,0,0,0,0
Anguilla,30228,2023-09,9719,0,0,2,9717,1,0,0,1,9544,0,0,2,9542,0,0,0,0
Anguilla,30228,2023-08,10616,4,0,68,10544,7,0,0,7,10154,6,0,59,10089,0,0,0,0
Anguilla,30228,2023-07,9664,2,0,96,9566,6,0,0,6,9628,0,0,81,9547,0,0,0,0
Anguilla,30228,2023-06,12969,0,0,59,12910,5,0,0,5,12686,1,0,40,12645,46,0,0,46
Anguilla,30228,2023-05,21472,3,0,49,21420,6,0,2,4,21070,7,0,28,21035,3,0,3,0
Anguilla,30228,2023-04,16069,6,0,28,16035,0,0,0,0,15373,1,0,14,15358,0,0,0,0
Anguilla,30228,2023-03,20262,0,0,6,20256,6,0,1,5,18834,0,0,1,18833,46,0,0,46
Anguilla,30228,2023-02,25220,2,0,36,25182,2,0,2,0,22856,21,0,14,22821,1,0,1,0
Cuba,30708,2026-02,0,0,0,0,0,0,0,0,0,0,0,0,0,0,0,0,0,0
Cuba,30708,2026-01,1,0,0,0,1,0,0,0,0,0,0,0,0,0,0,0,0,0
Cuba,30708,2025-12,0,0,0,0,0,0,0,0,0,0,0,0,0,0,0,0,0,0
Cuba,30708,2025-11,0,0,0,0,0,0,0,0,0,1,0,0,0,1,0,0,0,0
Cuba,30708,2025-10,0,0,0,0,0,0,0,0,0,0,0,0,0,0,0,0,0,0
Cuba,30708,2025-09,0,0,0,0,0,0,0,0,0,0,0,0,0,0,0,0,0,0
Cuba,30708,2025-08,0,0,0,0,0,0,0,0,0,0,0,0,0,0,0,0,0,0
Cuba,30708,2025-07,0,0,0,0,0,0,0,0,0,0,0,0,0,0,0,0,0,0
Cuba,30708,2025-06,0,0,0,0,0,0,0,0,0,0,0,0,0,0,0,0,0,0
Cuba,30708,2025-05,0,0,0,0,0,0,0,0,0,0,0,0,0,0,0,0,0,0
Cuba,30708,2025-04,1,0,0,0,1,0,0,0,0,0,0,0,0,0,0,0,0,0
Cuba,30708,2025-03,0,0,0,0,0,0,0,0,0,1,0,0,0,1,0,0,0,0
Cuba,30708,2025-02,0,0,0,0,0,0,0,0,0,0,0,0,0,0,0,0,0,0
Cuba,30708,2025-01,0,0,0,0,0,0,0,0,0,2,0,0,0,2,0,0,0,0
Cuba,30708,2024-12,1,0,0,0,1,0,0,0,0,0,0,0,0,0,0,0,0,0
Cuba,30708,2024-11,0,0,0,0,0,0,0,0,0,0,0,0,0,0,0,0,0,0
Cuba,30708,2024-10,0,0,0,0,0,0,0,0,0,0,0,0,0,0,0,0,0,0
Cuba,30708,2024-09,0,0,0,0,0,0,0,0,0,0,0,0,0,0,0,0,0,0
Cuba,30708,2024-08,0,0,0,0,0,0,0,0,0,0,0,0,0,0,0,0,0,0
Cuba,30708,2024-07,0,0,0,0,0,0,0,0,0,1,0,0,0,1,0,0,0,0
Cuba,30708,2024-06,1,0,0,0,1,0,0,0,0,0,0,0,0,0,0,0,0,0
Cuba,30708,2024-05,0,0,0,0,0,0,0,0,0,0,0,0,0,0,0,0,0,0
Cuba,30708,2024-04,0,0,0,0,0,0,0,0,0,0,0,0,0,0,0,0,0,0
Cuba,30708,2024-03,0,0,0,0,0,0,0,0,0,1,0,0,0,1,0,0,0,0
Cuba,30708,2024-02,0,0,0,0,0,0,0,0,0,0,0,0,0,0,0,0,0,0
Cuba,30708,2024-01,0,0,0,0,0,0,0,0,0,0,0,0,0,0,0,0,0,0
Cuba,30708,2023-12,0,0,0,0,0,0,0,0,0,0,0,0,0,0,0,0,0,0
Cuba,30708,2023-11,0,0,0,0,0,0,0,0,0,0,0,0,0,0,0,0,0,0
Cuba,30708,2023-10,1,0,0,0,1,0,0,0,0,0,0,0,0,0,0,0,0,0
Cuba,30708,2023-09,0,0,0,0,0,0,0,0,0,1,0,0,0,1,0,0,0,0
Cuba,30708,2023-08,0,0,0,0,0,0,0,0,0,0,0,0,0,0,0,0,0,0
Cuba,30708,2023-07,0,0,0,0,0,0,0,0,0,0,0,0,0,0,0,0,0,0
Cuba,30708,2023-06,0,0,0,0,0,0,0,0,0,0,0,0,0,0,1,0,0,1
Cuba,30708,2023-05,5,4,0,0,1,0,0,0,0,3,3,0,0,0,0,0,0,0
Cuba,30708,2023-04,0,0,0,0,0,32,0,0,32,1,0,0,0,1,6,0,0,6
Cuba,30708,2023-03,0,0,0,0,0,19,0,0,19,0,0,0,0,0,36,0,0,36
Cuba,30708,2023-02,1,0,0,0,1,0,0,0,0,0,0,0,0,0,0,0,0,0
Jamaica,31607,2026-02,211,110,2,69,30,116,n.a.,n.a.,n.a.,206,170,0,9,27,100,n.a.,n.a.,n.a.
Jamaica,31607,2026-01,666,493,56,84,33,95,n.a.,n.a.,n.a.,245,214,0,6,25,102,n.a.,n.a.,n.a.
Jamaica,31607,2025-12,170,136,0,13,21,70,n.a.,n.a.,n.a.,69,37,0,12,20,79,n.a.,n.a.,n.a.
Jamaica,31607,2025-11,188,125,1,27,35,101,n.a.,n.a.,n.a.,124,81,1,12,30,82,n.a.,n.a.,n.a.
Jamaica,31607,2025-10,212,131,2,37,42,215,n.a.,n.a.,n.a.,209,162,0,6,41,183,n.a.,n.a.,n.a.
Jamaica,31607,2025-09,219,129,5,42,43,254,n.a.,n.a.,n.a.,193,113,4,18,58,190,n.a.,n.a.,n.a.
Jamaica,31607,2025-08,203,109,8,39,47,392,n.a.,n.a.,n.a.,158,97,2,15,44,626,n.a.,n.a.,n.a.
Jamaica,31607,2025-07,197,99,19,42,37,179,n.a.,n.a.,n.a.,183,117,7,24,35,193,n.a.,n.a.,n.a.
Jamaica,31607,2025-06,413,210,57,95,51,92,n.a.,n.a.,n.a.,199,145,0,11,43,82,n.a.,n.a.,n.a.
Jamaica,31607,2025-05,180,97,0,40,43,127,n.a.,n.a.,n.a.,134,68,0,7,59,99,n.a.,n.a.,n.a.
Jamaica,31607,2025-04,194,128,0,13,53,268,n.a.,n.a.,n.a.,228,113,0,64,51,235,n.a.,n.a.,n.a.
Jamaica,31607,2025-03,158,92,0,29,37,94,n.a.,n.a.,n.a.,141,98,0,4,39,88,n.a.,n.a.,n.a.
Jamaica,31607,2025-02,141,74,0,28,39,51,n.a.,n.a.,n.a.,104,60,3,13,28,48,n.a.,n.a.,n.a.
Jamaica,31607,2025-01,112,71,0,15,26,135,n.a.,n.a.,n.a.,139,112,0,4,23,123,n.a.,n.a.,n.a.
Jamaica,31607,2024-12,108,68,0,13,27,82,n.a.,n.a.,n.a.,85,40,0,6,39,69,n.a.,n.a.,n.a.
Jamaica,31607,2024-11,569,360,24,135,50,115,n.a.,n.a.,n.a.,246,191,0,6,49,109,n.a.,n.a.,n.a.
Jamaica,31607,2024-10,108,72,0,13,23,60,n.a.,n.a.,n.a.,159,119,0,14,26,68,n.a.,n.a.,n.a.
Jamaica,31607,2024-09,116,71,0,23,22,84,n.a.,n.a.,n.a.,118,66,0,13,39,94,n.a.,n.a.,n.a.
Jamaica,31607,2024-08,232,174,0,23,35,81,n.a.,n.a.,n.a.,145,103,0,8,34,57,n.a.,n.a.,n.a.
Jamaica,31607,2024-07,187,139,0,4,44,49,n.a.,n.a.,n.a.,90,60,0,3,27,45,n.a.,n.a.,n.a.
Jamaica,31607,2024-06,101,56,0,27,18,94,n.a.,n.a.,n.a.,61,34,0,13,14,110,n.a.,n.a.,n.a.
Jamaica,31607,2024-05,101,79,0,8,14,65,n.a.,n.a.,n.a.,132,78,0,6,48,59,n.a.,n.a.,n.a.
Jamaica,31607,2024-04,93,53,0,8,32,39,n.a.,n.a.,n.a.,98,79,0,7,12,36,n.a.,n.a.,n.a.
Jamaica,31607,2024-03,97,77,0,4,16,156,n.a.,n.a.,n.a.,129,91,0,10,28,139,n.a.,n.a.,n.a.
Jamaica,31607,2024-02,165,125,0,12,28,62,n.a.,n.a.,n.a.,172,51,0,34,87,61,n.a.,n.a.,n.a.
Jamaica,31607,2024-01,129,94,0,2,33,110,n.a.,n.a.,n.a.,180,149,0,0,31,108,n.a.,n.a.,n.a.
Jamaica,31607,2023-12,97,77,0,10,10,140,n.a.,n.a.,n.a.,99,80,0,2,17,150,n.a.,n.a.,n.a.
Jamaica,31607,2023-11,301,225,0,15,61,508,n.a.,n.a.,n.a.,150,125,0,0,25,568,n.a.,n.a.,n.a.
Jamaica,31607,2023-10,69,40,0,3,26,319,n.a.,n.a.,n.a.,106,56,0,1,49,307,n.a.,n.a.,n.a.
Jamaica,31607,2023-09,129,110,0,1,18,38,n.a.,n.a.,n.a.,84,58,0,3,23,24,n.a.,n.a.,n.a.
Jamaica,31607,2023-08,158,131,1,3,23,33,n.a.,n.a.,n.a.,112,69,0,18,25,48,n.a.,n.a.,n.a.
Jamaica,31607,2023-07,129,101,0,10,18,48,n.a.,n.a.,n.a.,83,60,0,5,18,39,n.a.,n.a.,n.a.
Jamaica,31607,2023-06,128,102,0,10,16,52,n.a.,n.a.,n.a.,99,75,0,5,19,34,n.a.,n.a.,n.a.
Jamaica,31607,2023-05,184,153,0,17,14,52,n.a.,n.a.,n.a.,81,66,0,0,15,125,n.a.,n.a.,n.a.
Jamaica,31607,2023-04,157,140,0,2,15,137,n.a.,n.a.,n.a.,98,82,0,0,16,63,n.a.,n.a.,n.a.
Jamaica,31607,2023-03,132,109,1,4,18,94,n.a.,n.a.,n.a.,122,99,0,1,22,82,n.a.,n.a.,n.a.
Jamaica,31607,2023-02,83,64,0,4,15,66,n.a.,n.a.,n.a.,73,56,0,0,17,72,n.a.,n.a.,n.a.
Trinidad and Tobago,32409,2026-02,755,92,361,174,128,227,196,31,0,659,86,363,95,115,284,206,78,0
Trinidad and Tobago,32409,2026-01,761,127,309,204,121,571,503,68,0,619,119,339,47,114,813,691,122,0
Trinidad and Tobago,32409,2025-12,996,295,367,138,196,88,67,21,0,1160,423,361,205,171,86,62,24,0
Trinidad and Tobago,32409,2025-11,1032,208,382,197,245,54,48,6,0,1115,428,382,69,236,55,50,5,0
Trinidad and Tobago,32409,2025-10,738,125,368,106,139,134,98,36,0,882,171,404,141,166,129,74,55,0
Trinidad and Tobago,32409,2025-09,1225,438,316,268,203,156,85,71,0,1273,309,331,94,539,175,97,78,0
Trinidad and Tobago,32409,2025-08,842,122,326,144,250,118,73,45,0,775,70,335,142,228,110,60,50,0
Trinidad and Tobago,32409,2025-07,1002,367,378,164,93,145,65,80,0,1244,576,409,178,81,130,68,62,0
Trinidad and Tobago,32409,2025-06,1327,530,501,120,176,171,46,125,0,1402,618,541,107,136,256,42,214,0
Trinidad and Tobago,32409,2025-05,1446,451,485,222,288,109,76,33,0,1390,471,482,104,333,99,56,43,0
Trinidad and Tobago,32409,2025-04,1308,408,491,211,198,75,60,15,0,1047,324,475,105,143,90,65,25,0
Trinidad and Tobago,32409,2025-03,1358,459,433,323,143,85,70,15,0,1240,508,434,155,143,110,88,22,0
Trinidad and Tobago,32409,2025-02,1408,448,520,178,262,85,69,16,0,1296,459,485,110,242,279,151,128,0
Trinidad and Tobago,32409,2025-01,1225,394,513,126,192,21,16,5,0,1154,391,514,52,197,19,14,5,0
Trinidad and Tobago,32409,2024-12,1410,710,516,98,86,60,51,9,0,1307,628,542,58,79,49,37,12,0
Trinidad and Tobago,32409,2024-11,1765,862,562,149,192,108,85,23,0,1741,957,522,61,201,93,67,26,0
Trinidad and Tobago,32409,2024-10,1276,456,590,158,72,137,119,18,0,1075,341,583,72,79,128,113,15,0
Trinidad and Tobago,32409,2024-09,1706,633,696,115,262,168,62,106,0,1671,662,669,70,270,171,70,101,0
Trinidad and Tobago,32409,2024-08,1465,545,668,163,89,191,91,100,0,1360,486,647,145,82,175,80,95,0
Trinidad and Tobago,32409,2024-07,1914,714,695,229,276,109,56,53,0,1767,691,663,184,229,110,60,50,0
Trinidad and Tobago,32409,2024-06,1101,296,614,75,116,94,67,27,0,1120,278,636,69,137,616,588,28,0
Trinidad and Tobago,32409,2024-05,1626,713,662,167,84,64,31,33,0,1575,655,672,106,142,57,33,24,0
Trinidad and Tobago,32409,2024-04,1757,772,785,93,107,26,11,15,0,1968,945,839,84,100,22,12,10,0
Trinidad and Tobago,32409,2024-03,1733,530,712,247,244,36,30,6,0,1723,655,678,96,294,36,30,6,0
Trinidad and Tobago,32409,2024-02,1720,698,663,151,208,24,11,13,0,1581,653,696,83,149,39,19,20,0
Trinidad and Tobago,32409,2024-01,1729,736,860,91,42,41,36,5,0,1463,467,856,33,107,28,23,5,0
Trinidad and Tobago,32409,2023-12,1302,418,685,47,152,17,7,10,0,1279,377,710,21,171,13,6,7,0
Trinidad and Tobago,32409,2023-11,1741,602,823,93,223,33,16,17,0,1758,589,855,78,236,25,11,14,0
Trinidad and Tobago,32409,2023-10,1371,367,686,97,221,35,21,14,0,1342,442,686,32,182,28,21,7,0
Trinidad and Tobago,32409,2023-09,1134,220,618,151,145,82,44,38,0,1113,176,662,43,232,190,152,38,0
Trinidad and Tobago,32409,2023-08,1560,469,687,200,204,16,6,10,0,1478,478,689,50,261,12,4,8,0
Trinidad and Tobago,32409,2023-07,1105,358,576,110,61,15,12,3,0,1014,359,546,42,67,16,14,2,0
Trinidad and Tobago,32409,2023-06,1427,500,630,73,224,40,4,8,28,1320,453,622,49,196,12,3,9,0
Trinidad and Tobago,32409,2023-05,1403,771,448,80,104,19,5,13,1,1277,655,455,57,110,106,35,43,28
Trinidad and Tobago,32409,2023-04,780,204,442,92,42,93,39,54,0,552,32,389,78,53,27,12,15,0
Trinidad and Tobago,32409,2023-03,1362,539,396,80,347,53,8,45,0,1381,581,341,73,386,17,3,13,1
Trinidad and Tobago,32409,2023-02,1566,619,602,174,171,39,14,25,0,1371,594,541,56,180,54,13,40,1
Aruba,35254,2026-02,73,11,2,32,28,31,0,0,31,24,12,0,2,10,46,0,0,46
Aruba,35254,2026-01,127,28,10,44,45,10,0,0,10,79,24,0,11,44,7,0,0,7
Aruba,35254,2025-12,71,22,2,25,22,29,0,0,29,45,15,0,2,28,30,4,0,26
Aruba,35254,2025-11,74,13,2,16,43,19,0,0,19,64,19,9,4,32,19,0,0,19
Aruba,35254,2025-10,67,35,1,7,24,35,0,0,35,37,26,0,4,7,25,0,0,25
Aruba,35254,2025-09,134,46,20,13,55,58,22,0,36,111,40,23,1,47,48,0,0,48
Aruba,35254,2025-08,222,143,4,47,28,27,0,0,27,56,37,1,10,8,23,0,0,23
Aruba,35254,2025-07,62,8,2,24,28,17,0,0,17,21,5,1,4,11,24,0,0,24
Aruba,35254,2025-06,70,6,2,40,22,38,2,24,12,38,3,1,14,20,38,2,24,12
Aruba,35254,2025-05,103,10,16,21,56,7,0,2,5,57,1,1,38,17,6,0,2,4
Aruba,35254,2025-04,61,24,2,13,22,6,0,0,6,50,3,3,15,29,5,0,0,5
Aruba,35254,2025-03,124,89,1,24,10,7,0,0,7,94,70,3,13,8,7,0,0,7
Aruba,35254,2025-02,73,11,39,8,15,4,0,0,4,64,43,1,7,13,6,0,0,6
Aruba,35254,2025-01,64,4,4,4,52,8,0,0,8,62,5,1,15,41,6,0,0,6
Aruba,35254,2024-12,69,31,13,4,21,15,0,0,15,44,6,1,10,27,22,0,0,22
Aruba,35254,2024-11,63,7,27,13,16,14,0,0,14,27,3,1,7,16,12,0,0,12
Aruba,35254,2024-10,97,35,6,43,13,0,0,0,0,40,17,2,14,7,0,0,0,0
Aruba,35254,2024-09,220,60,72,32,56,3,3,0,0,104,6,12,30,56,40,40,0,0
Aruba,35254,2024-08,81,31,4,35,11,0,0,0,0,56,19,0,25,12,0,0,0,0
Aruba,35254,2024-07,136,51,25,48,12,0,0,0,0,22,3,0,3,16,0,0,0,0
Aruba,35254,2024-06,89,5,7,14,63,0,0,0,0,87,8,0,3,76,0,0,0,0
Aruba,35254,2024-05,106,39,6,53,8,3,0,3,0,22,0,0,15,7,0,0,0,0
Aruba,35254,2024-04,55,13,5,14,23,17,0,17,0,58,0,2,36,20,0,0,0,0
Aruba,35254,2024-03,161,88,1,21,51,31,31,0,0,180,82,18,10,70,0,0,0,0
Aruba,35254,2024-02,179,49,20,60,50,0,0,0,0,83,0,8,30,45,0,0,0,0
Aruba,35254,2024-01,316,36,26,100,154,0,0,0,0,317,51,21,99,146,0,0,0,0
Aruba,35254,2023-12,58,29,8,18,3,1,1,0,0,47,6,13,17,11,0,0,0,0
Aruba,35254,2023-11,13,11,0,1,1,0,0,0,0,3,0,0,2,1,1,1,0,0
Aruba,35254,2023-10,25,20,0,0,5,1,1,0,0,10,4,0,2,4,0,0,0,0
Aruba,35254,2023-09,59,11,0,2,46,10,10,0,0,102,9,0,30,63,0,0,0,0
Aruba,35254,2023-08,11,4,2,1,4,32,0,32,0,14,0,0,13,1,0,0,0,0
Aruba,35254,2023-07,74,40,0,5,29,0,0,0,0,894,132,183,571,8,0,0,0,0
Aruba,35254,2023-06,33,12,2,8,11,0,0,0,0,117,0,13,15,89,0,0,0,0
Aruba,35254,2023-05,124,15,5,101,3,29,29,0,0,148,29,5,97,17,32,0,32,0
Aruba,35254,2023-04,25,19,0,5,1,32,0,32,0,22,1,19,0,2,0,0,0,0
Aruba,35254,2023-03,68,61,1,0,6,1,0,1,0,69,60,0,7,2,0,0,0,0
Aruba,35254,2023-02,31,8,7,1,15,0,0,0,0,30,0,2,2,26,3,1,2,0
Bahamas,35319,2026-02,3922,384,6,510,3022,402,25,28,349,3622,589,11,322,2700,549,39,10,500
Bahamas,35319,2026-01,4265,568,23,574,3100,337,63,28,246,2916,84,29,264,2539,358,73,25,260
Bahamas,35319,2025-12,3289,271,126,462,2430,274,18,24,232,2856,452,29,315,2060,286,42,16,228
Bahamas,35319,2025-11,3978,342,27,411,3198,343,130,34,179,3566,251,32,195,3088,330,88,77,165
Bahamas,35319,2025-10,5102,1096,63,485,3458,489,220,27,242,3861,312,4,253,3292,480,243,39,198
Bahamas,35319,2025-09,4760,1118,62,503,3077,438,74,23,341,4307,1002,16,262,3027,469,90,27,352
Bahamas,35319,2025-08,3471,510,13,481,2467,417,99,40,278,3592,369,5,549,2669,400,82,58,260
Bahamas,35319,2025-07,3657,422,8,513,2714,295,48,51,196,2816,200,4,353,2259,282,53,36,193
Bahamas,35319,2025-06,4409,696,24,412,3277,490,203,34,253,3900,1060,9,248,2583,728,488,23,217
Bahamas,35319,2025-05,3950,580,13,383,2974,286,48,58,180,3288,465,13,324,2486,236,38,33,165
Bahamas,35319,2025-04,4765,483,12,427,3843,306,31,15,260,4781,252,6,357,4166,367,42,51,274
Bahamas,35319,2025-03,3582,385,30,446,2721,479,7,11,461,3459,428,16,297,2718,575,16,56,503
Bahamas,35319,2025-02,2799,315,19,345,2120,384,14,27,343,3052,236,10,459,2347,447,20,37,390
Bahamas,35319,2025-01,3251,597,73,467,2114,271,31,11,229,3977,1152,12,488,2325,273,18,25,230
Bahamas,35319,2024-12,3969,924,62,283,2700,285,49,7,229,3304,345,6,300,2653,318,53,40,225
Bahamas,35319,2024-11,4302,795,103,400,3004,390,47,79,264,4319,512,8,290,3509,348,20,91,237
Bahamas,35319,2024-10,5411,2618,113,360,2320,266,52,47,167,4848,2071,16,342,2419,270,47,66,157
Bahamas,35319,2024-09,13723,3288,1193,389,8853,229,52,29,148,16217,4538,1158,435,10086,245,64,24,157
Bahamas,35319,2024-08,47571,8142,1426,670,37333,291,55,43,193,47368,6315,1613,457,38983,234,35,22,177
Bahamas,35319,2024-07,51945,8083,1440,507,41915,347,35,34,278,48523,4555,1305,365,42298,368,31,28,309
Bahamas,35319,2024-06,50501,5194,1267,455,43585,314,25,39,250,51396,5202,1184,379,44631,341,25,41,275
Bahamas,35319,2024-05,46164,3233,2337,572,40022,247,20,64,163,45636,1021,1355,534,42726,291,19,106,166
Bahamas,35319,2024-04,53378,2697,1229,792,48660,296,23,25,248,53703,1167,1897,548,50091,301,30,30,241
Bahamas,35319,2024-03,54598,1234,1580,600,51184,264,35,25,204,53500,535,1166,424,51375,297,34,25,238
Bahamas,35319,2024-02,52466,3276,1228,862,47100,311,52,46,213,51223,1161,1261,443,48358,267,48,26,193
Bahamas,35319,2024-01,51359,4249,1321,825,44964,230,26,41,163,54364,2022,1236,472,50634,220,28,39,153
Bahamas,35319,2023-12,62211,3418,2085,468,56240,231,30,14,187,59719,3355,1785,425,54154,233,41,24,168
Bahamas,35319,2023-11,49620,4368,2938,426,41888,169,21,16,132,48532,1564,2175,433,44360,224,46,28,150
Bahamas,35319,2023-10,51070,5548,1693,650,43179,125,21,48,56,49481,1957,866,582,46076,129,25,57,47
Bahamas,35319,2023-09,40349,3134,4297,669,32249,143,23,25,95,38579,2136,3255,571,32617,202,25,34,143
Bahamas,35319,2023-08,42857,5002,1955,670,35230,225,46,89,90,41184,2020,606,282,38276,210,43,59,108
Bahamas,35319,2023-07,42341,6198,1256,593,34294,131,7,9,115,42562,1460,1318,223,39561,154,7,24,123
Bahamas,35319,2023-06,47253,2901,2893,704,40755,210,108,9,93,46736,394,2028,250,44064,240,99,24,117
Bahamas,35319,2023-05,35127,2964,1395,595,30173,775,25,143,607,35629,606,660,468,33895,839,19,192,628
Bahamas,35319,2023-04,29518,654,527,609,27728,574,17,73,484,28540,282,549,307,27402,858,17,123,718
Bahamas,35319,2023-03,55513,690,2833,748,51242,713,32,171,510,55609,994,2810,910,50895,748,11,188,549
Bahamas,35319,2023-02,39434,357,878,495,37704,648,73,135,440,39231,495,596,347,37793,604,30,174,400
Bermuda,35602,2026-02,86322,46546,1832,7484,30460,50397,33,7438,42926,86388,46169,1346,5862,33011,46109,74,6731,39304
Bermuda,35602,2026-01,94704,51896,2602,8373,31833,42170,22,5256,36892,94051,51908,2357,7036,32750,43455,28,5763,37664
Bermuda,35602,2025-12,82035,33072,3427,8782,36754,49306,23,8787,40496,72780,30547,2764,7540,31929,48020,17,7809,40194
Bermuda,35602,2025-11,70211,28398,2858,12202,26753,40466,52,5893,34521,67283,29057,1663,11304,25259,38527,39,5112,33376
Bermuda,35602,2025-10,92109,47862,2419,10764,31064,44117,56,9038,35023,89896,47721,2167,10786,29222,43165,46,8893,34226
Bermuda,35602,2025-09,73134,39040,2530,10397,21167,43069,41,7653,35375,69107,37510,2106,7077,22414,42473,37,8312,34124
Bermuda,35602,2025-08,71149,34282,4520,9216,23131,35084,30,4521,30533,63990,33250,2030,5966,22744,33913,12,3133,30768
Bermuda,35602,2025-07,66577,30900,2228,7057,26392,38904,30,6090,32784,66153,28794,1780,7965,27614,39900,22,5696,34182
Bermuda,35602,2025-06,55226,23111,1502,7978,22635,38541,21,7011,31509,51788,22434,1093,6353,21908,37162,17,5980,31165
Bermuda,35602,2025-05,70472,40949,1708,8574,19241,40551,87,9720,30744,65142,41182,807,6458,16695,38643,167,7880,30596
Bermuda,35602,2025-04,88309,55430,2644,9368,20867,34342,48,6348,27946,85941,55811,1844,6844,21442,33393,29,5965,27399
Bermuda,35602,2025-03,66415,35570,2305,6227,22313,39414,28,6573,32813,68424,34377,1335,9987,22725,38623,27,6479,32117
Bermuda,35602,2025-02,58290,26874,1663,7442,22311,30381,65,7903,22413,50589,24639,1483,4389,20078,28471,53,5345,23073
Bermuda,35602,2025-01,57717,29740,1764,4461,21752,30650,16,5852,24782,57415,29959,989,3486,22981,32443,16,7331,25096
Bermuda,35602,2024-12,67981,31737,1444,10487,24313,35450,50,6456,28944,66378,33273,1481,5794,25830,34055,40,5571,28444
Bermuda,35602,2024-11,51457,22559,1930,6860,20108,29643,16,2982,26645,52823,22586,1619,8804,19814,29529,17,2781,26731
Bermuda,35602,2024-10,55229,26099,2452,6463,20215,30211,42,3749,26420,51196,26518,1634,5329,17715,30224,48,3609,26567
Bermuda,35602,2024-09,47636,23637,2521,5958,15520,31260,47,3787,27426,45546,23427,2514,4624,14981,31599,18,3691,27890
Bermuda,35602,2024-08,50595,22036,2836,7171,18552,24082,20,3249,20813,45206,21174,1892,3955,18185,23407,13,3666,19728
Bermuda,35602,2024-07,49994,22003,1806,5331,20854,27309,25,4369,22915,45852,21280,1222,4548,18802,27124,30,4034,23060
Bermuda,35602,2024-06,48481,21495,2011,5054,19921,25978,29,3493,22456,45819,21247,1572,4355,18645,28166,95,4152,23919
Bermuda,35602,2024-05,45908,19555,2321,5272,18760,33938,29,6586,27323,42753,19398,2040,3958,17357,34146,33,6255,27858
Bermuda,35602,2024-04,54047,24119,2894,5877,21157,27888,49,6085,21754,59959,25667,1440,5786,27066,27935,45,6345,21545
Bermuda,35602,2024-03,48287,21382,2443,7632,16830,27616,32,5137,22447,42275,18415,1459,3635,18766,26828,27,5137,21664
Bermuda,35602,2024-02,49947,22352,2015,6291,19289,23162,31,3215,19916,47748,23178,1379,3508,19683,24337,17,4162,20158
Bermuda,35602,2024-01,59605,26822,1621,5166,25996,24259,57,4856,19346,64624,28372,1288,5795,29169,24764,19,4995,19750
Bermuda,35602,2023-12,55509,27444,1638,4663,21764,31043,24,7426,23593,52512,25654,1053,2850,22955,31520,17,6329,25174
Bermuda,35602,2023-11,38396,19171,1652,7748,9825,22731,29,4031,18671,30210,17297,912,3056,8945,22193,16,4535,17642
Bermuda,35602,2023-10,37390,19312,1826,4608,11644,23274,43,3160,20071,44190,20803,1137,5573,16677,22655,33,4017,18605
Bermuda,35602,2023-09,62459,45387,2280,5808,8984,20711,34,3408,17269,63938,44709,1948,6370,10911,20808,36,3480,17292
Bermuda,35602,2023-08,59988,44460,1630,5064,8834,22041,19,3959,18063,57828,43891,1069,4397,8471,21646,10,4739,16897
Bermuda,35602,2023-07,54492,40476,1419,3882,8715,21466,53,4717,16696,52517,38230,1113,3781,9393,23569,32,5308,18229
Bermuda,35602,2023-06,78480,57231,3402,4442,13405,22292,78,5279,16935,72224,57186,956,2267,11815,23783,36,6973,16774
Bermuda,35602,2023-05,96234,73390,1978,5265,15601,22704,49,5144,17511,90583,73061,1225,4842,11455,22298,183,4881,17234
Bermuda,35602,2023-04,84500,64578,1294,4111,14517,16817,210,4813,11794,82320,64083,963,3942,13332,16546,11,4264,12271
Bermuda,35602,2023-03,88589,62705,985,6441,18458,29482,37,4485,24960,85357,62349,674,4150,18184,30746,6,4107,26633
Bermuda,35602,2023-02,70491,51734,1627,5051,12079,19777,35,3951,15791,72209,52124,1388,5462,13235,19857,19,3851,15987
British Virgin Islands,35807,2026-02,93027,7929,12834,2037,70227,6733,0,602,6131,95262,7618,12776,1643,73225,7221,0,673,6548
British Virgin Islands,35807,2026-01,161718,10824,20363,2872,127659,10656,0,935,9721,178655,11196,19138,2018,146303,9629,0,730,8899
British Virgin Islands,35807,2025-12,209508,16639,20455,1508,170906,6393,0,408,5985,186397,16169,19741,1597,148890,6720,0,439,6281
British Virgin Islands,35807,2025-11,95275,13523,18861,2622,60269,7540,0,895,6645,85764,11749,17668,1641,54706,8082,0,999,7083
British Virgin Islands,35807,2025-10,93796,14759,13325,2967,62745,11416,0,627,10789,87365,12705,13489,1794,59377,10960,0,548,10412
British Virgin Islands,35807,2025-09,112444,19048,22767,2375,68254,6943,0,1011,5932,105263,13853,22567,1724,67119,6510,0,667,5843
British Virgin Islands,35807,2025-08,85492,15423,18111,2285,49673,5908,0,845,5063,80543,15352,16260,1413,47518,6250,0,760,5490
British Virgin Islands,35807,2025-07,76731,16067,14119,1847,44698,6143,0,1306,4837,80159,15723,19282,1483,43671,5868,0,1099,4769
British Virgin Islands,35807,2025-06,85095,14276,22571,1965,46283,6033,0,829,5204,76936,13262,19881,1404,42389,6406,0,949,5457
British Virgin Islands,35807,2025-05,85078,20199,15481,2079,47319,6701,0,347,6354,82162,18291,13753,1572,48546,6972,0,377,6595
British Virgin Islands,35807,2025-04,86989,16274,11626,2500,56589,4858,0,609,4249,83846,14817,10587,3036,55406,4778,0,455,4323
British Virgin Islands,35807,2025-03,80787,14967,9658,1892,54270,5179,0,583,4596,80983,12222,9332,1964,57465,5039,0,549,4490
British Virgin Islands,35807,2025-02,76281,18252,14306,1996,41727,4218,0,581,3637,76659,15740,13571,1637,45711,4183,0,537,3646
British Virgin Islands,35807,2025-01,80186,15586,11493,2257,50850,5878,0,661,5217,77008,13775,11516,1751,49966,5215,0,578,4637
British Virgin Islands,35807,2024-12,83752,7716,11765,1414,62857,6099,0,522,5577,84801,8738,10732,1472,63859,5410,0,519,4891
British Virgin Islands,35807,2024-11,65209,10235,15423,1715,37836,6131,0,789,5342,67254,9223,15223,1400,41408,5526,0,585,4941
British Virgin Islands,35807,2024-10,59845,11203,2258,1907,44477,6389,0,762,5627,56591,11205,1480,1522,42384,5719,0,624,5095
British Virgin Islands,35807,2024-09,54262,8522,901,2062,42777,4074,0,851,3223,47898,5877,622,1430,39969,4245,0,731,3514
British Virgin Islands,35807,2024-08,41905,6766,41,2104,32994,3325,0,696,2629,46123,6828,98,1303,37894,3095,0,669,2426
British Virgin Islands,35807,2024-07,45990,6994,35,1443,37518,4040,0,529,3511,45515,5334,13,1684,38484,4103,0,451,3652
British Virgin Islands,35807,2024-06,38818,9263,88,1751,27716,3861,0,473,3388,42526,8738,41,1547,32200,3977,0,403,3574
British Virgin Islands,35807,2024-05,44523,9614,137,1973,32799,4562,0,760,3802,45884,11324,83,1283,33194,4218,0,588,3630
British Virgin Islands,35807,2024-04,45966,10847,119,2340,32660,4853,0,589,4264,41009,8999,54,1663,30293,4263,0,530,3733
British Virgin Islands,35807,2024-03,40967,9058,86,2039,29784,4388,0,827,3561,41304,8939,50,1721,30594,4128,0,630,3498
British Virgin Islands,35807,2024-02,43136,7262,159,2417,33298,3619,0,875,2744,38956,8357,159,1211,29229,3796,0,737,3059
British Virgin Islands,35807,2024-01,40356,10612,126,1960,27658,3330,0,547,2783,43205,10601,172,1212,31220,3576,0,487,3089
British Virgin Islands,35807,2023-12,35386,5728,97,1895,27666,3279,0,446,2833,39604,5534,75,1564,32431,3575,0,423,3152
British Virgin Islands,35807,2023-11,27173,8986,136,1532,16519,3172,0,658,2514,30253,8089,38,957,21169,2755,0,507,2248
British Virgin Islands,35807,2023-10,29489,10972,97,1581,16839,2798,0,460,2338,27863,10256,32,940,16635,2529,0,377,2152
British Virgin Islands,35807,2023-09,31542,11135,61,1380,18966,3353,0,361,2992,26470,8672,17,814,16967,2452,0,146,2306
British Virgin Islands,35807,2023-08,30894,8466,131,1693,20604,5052,0,416,4636,28325,8501,12,1199,18613,4601,0,256,4345
British Virgin Islands,35807,2023-07,26706,4680,164,1740,20122,1724,0,313,1411,26632,5763,9,1357,19503,1973,0,343,1630
British Virgin Islands,35807,2023-06,27840,6277,274,2899,18390,2824,15,534,2275,25712,5235,33,1733,18711,2310,0,389,1921
British Virgin Islands,35807,2023-05,23910,5624,144,2194,15948,3470,1,618,2851,24059,5416,11,1727,16905,3188,1,615,2572
British Virgin Islands,35807,2023-04,27451,8736,42,1971,16702,6006,2,745,5259,27340,8533,14,1819,16974,1939,2,356,1581
British Virgin Islands,35807,2023-03,39736,18666,58,2410,18602,4038,6,1085,2947,43122,17284,11,2081,23746,4157,1,402,3754
British Virgin Islands,35807,2023-02,36808,13757,106,2446,20499,2908,8,749,2151,30974,11162,24,1251,18537,3095,4,604,2487
Cayman Islands,36137,2026-02,2092128,692950,9280,77283,1312615,211918,95,39428,172395,2098038,694730,7413,74388,1321507,208760,130,38972,169658
Cayman Islands,36137,2026-01,1937986,591105,9302,72326,1265253,257434,43,39794,217597,1957809,604973,7343,78483,1267010,247384,210,31534,215640
Cayman Islands,36137,2025-12,1945279,509782,15076,59053,1361368,225586,59,38049,187478,1895644,496598,11906,65148,1321992,224373,162,50376,173835
Cayman Islands,36137,2025-11,1947423,616637,11825,78663,1240298,221594,120,30051,191423,1896200,616365,11467,69404,1198964,220888,194,35620,185074
Cayman Islands,36137,2025-10,2125572,650780,10225,73114,1391453,279073,81,57415,221577,2121153,673201,9766,76003,1362183,276051,110,52775,223166
Cayman Islands,36137,2025-09,1833051,734877,10650,62363,1025161,284312,119,53161,231032,1780023,717705,9950,59848,992520,291217,446,50478,240293
Cayman Islands,36137,2025-08,1691706,677304,7568,49913,956921,217295,44,44924,172327,1700814,705731,8353,51283,935447,229688,124,43004,186560
Cayman Islands,36137,2025-07,1739645,696934,8858,51355,982498,218014,50,43474,174490,1758309,706027,5212,51606,995464,212277,65,40344,171868
Cayman Islands,36137,2025-06,1659101,673416,14789,52815,918081,197089,33,27431,169625,1606152,670156,5045,45806,885145,201996,46,31766,170184
Cayman Islands,36137,2025-05,1820395,793314,21346,57213,948522,186408,50,26417,159941,1767506,801365,4602,49193,912346,201828,49,29637,172142
Cayman Islands,36137,2025-04,2023921,921636,6533,55688,1040064,249788,49,45531,204208,2038730,921550,6810,52245,1058125,231009,43,37724,193242
Cayman Islands,36137,2025-03,1831833,736403,3690,51946,1039794,252449,41,55858,196550,1799552,711331,3564,51983,1032674,265453,331,55497,209625
Cayman Islands,36137,2025-02,1529834,564809,4977,50001,910047,243646,13,51523,192110,1497001,553531,3705,50139,889626,245150,265,42725,202160
Cayman Islands,36137,2025-01,1655268,675508,3688,50154,925918,198792,29,50006,148757,1658104,673197,5610,45846,933451,179258,79,39613,139566
Cayman Islands,36137,2024-12,1572727,566979,5994,43576,956178,203254,33,48712,154509,1515745,566721,4118,40278,904628,203539,170,61766,141603
Cayman Islands,36137,2024-11,1544407,599292,5492,48193,891430,181990,86,41122,140782,1540026,621136,5583,46179,867128,178838,185,39813,138840
Cayman Islands,36137,2024-10,1585678,635749,6522,47333,896074,238200,27,56112,182061,1578277,632766,7105,48951,889455,224802,297,41874,182631
Cayman Islands,36137,2024-09,1458185,481332,10301,50502,916050,166248,25,38599,127624,1396556,457559,6196,46346,886455,169267,286,38787,130194
Cayman Islands,36137,2024-08,1632504,661671,13680,54116,903037,150397,33,41426,108938,1611922,643154,11266,53346,904156,150334,49,39920,110365
Cayman Islands,36137,2024-07,1437346,529316,5167,51678,851185,153781,44,49134,104603,1404944,479640,4401,54114,866789,140059,130,39312,100617
Cayman Islands,36137,2024-06,1284530,447684,6492,44691,785663,147006,65,44104,102837,1270284,456913,4667,49067,759637,145030,237,41708,103085
Cayman Islands,36137,2024-05,1505387,525817,4238,53113,922219,158962,22,40559,118381,1486692,521169,4289,45936,915298,170738,81,46597,124060
Cayman Islands,36137,2024-04,1431833,518769,4776,41708,866580,155275,16,40946,114313,1395497,500915,3972,43064,847546,144503,108,37646,106749
Cayman Islands,36137,2024-03,1264280,403256,4974,48674,807376,144234,37,35406,108791,1244737,412955,5145,45614,781023,148220,392,38037,109791
Cayman Islands,36137,2024-02,1224284,387756,4216,52509,779803,111344,49,24877,86418,1228011,404591,4919,44293,774208,115599,82,24709,90808
Cayman Islands,36137,2024-01,1123077,274150,4091,43017,801819,142227,47,26775,115405,1119377,257286,4388,38832,818871,136144,22,24326,111796
Cayman Islands,36137,2023-12,1191649,269887,6469,38734,876559,146443,38,19891,126514,1191954,279569,4270,37586,870529,137823,83,23257,114483
Cayman Islands,36137,2023-11,1022859,336308,3461,38616,644474,107962,27,34627,73308,1019701,330600,3053,34162,651886,107868,22,33198,74648
Cayman Islands,36137,2023-10,1244954,503432,5965,35943,699614,104760,33,33832,70895,1244839,501631,3243,32976,706989,105449,4,35310,70135
Cayman Islands,36137,2023-09,1099678,412379,5308,33208,648783,101324,83,28894,72347,1086336,415639,3360,29398,637939,91867,37,19205,72625
Cayman Islands,36137,2023-08,1283434,596363,4773,34329,647969,116057,19,27316,88722,1260502,595999,2831,30666,631006,102742,15,18032,84695
Cayman Islands,36137,2023-07,1170066,633990,5586,28585,501905,92753,93,21945,70715,1170326,633093,2818,32650,501765,89860,62,15828,73970
Cayman Islands,36137,2023-06,1079818,515186,4809,34928,524895,101121,128,21073,79920,1067669,518559,2782,32129,514199,105797,93,22369,83335
Cayman Islands,36137,2023-05,919033,380507,6271,38682,493573,99853,88,18680,81085,887581,381218,4221,27786,474356,106469,194,31074,75201
Cayman Islands,36137,2023-04,859347,318888,5357,35141,499961,117269,18,33824,83427,853754,316140,4012,29080,504522,113945,12,32994,80939
Cayman Islands,36137,2023-03,1236332,499155,3789,40066,693322,136000,64,28092,107844,1202486,490236,4478,37279,670493,130405,105,24259,106041
Cayman Islands,36137,2023-02,915986,403645,6960,34041,471340,112432,18,24565,87849,907211,414018,7262,28589,457342,118785,11,32536,86238
Curacao,36188,2026-02,1407,1095,4,191,117,9310,0,0,9310,1306,1185,0,47,74,9560,0,0,9560
Curacao,36188,2026-01,325,90,70,71,94,11991,0,0,11991,305,179,0,27,99,12903,0,0,12903
Curacao,36188,2025-12,606,235,51,79,241,9706,0,0,9706,502,251,0,17,234,9379,0,0,9379
Curacao,36188,2025-11,768,594,0,82,92,7292,0,0,7292,674,547,0,46,81,7682,0,0,7682
Curacao,36188,2025-10,543,365,1,55,122,8226,0,0,8226,524,389,0,43,92,8402,0,0,8402
Curacao,36188,2025-09,1466,1327,0,47,92,10222,0,0,10222,1347,1222,2,32,91,9515,0,0,9515
Curacao,36188,2025-08,1148,1002,3,54,89,5872,0,0,5872,1134,1031,0,17,86,6660,0,230,6430
Curacao,36188,2025-07,1364,1224,23,38,79,10020,0,0,10020,1089,1007,0,20,62,9913,0,0,9913
Curacao,36188,2025-06,730,595,3,52,80,7014,0,2,7012,871,748,5,47,71,7011,0,0,7011
Curacao,36188,2025-05,1317,1174,0,77,66,6281,0,5,6276,1300,1173,0,37,90,6017,0,0,6017
Curacao,36188,2025-04,674,533,2,59,80,7248,0,0,7248,586,451,0,36,99,6894,0,5,6889
Curacao,36188,2025-03,1259,1094,0,51,114,7640,0,15,7625,1347,1148,0,71,128,8636,0,15,8621
Curacao,36188,2025-02,1074,951,0,45,78,6244,0,0,6244,1119,958,0,66,95,6485,0,0,6485
Curacao,36188,2025-01,965,791,0,46,128,7241,0,0,7241,991,874,0,11,106,7488,0,0,7488
Curacao,36188,2024-12,844,653,0,55,136,8046,0,0,8046,869,694,0,57,118,7693,0,0,7693
Curacao,36188,2024-11,1478,1288,22,54,114,6336,0,0,6336,1239,1093,0,37,109,6401,0,1,6400
Curacao,36188,2024-10,497,332,2,56,107,6601,0,0,6601,317,162,0,32,123,6801,0,0,6801
Curacao,36188,2024-09,1137,1025,0,38,74,8983,0,0,8983,1069,950,0,25,94,8980,0,0,8980
Curacao,36188,2024-08,572,390,3,59,120,5412,0,3,5409,497,369,0,22,106,5469,0,0,5469
Curacao,36188,2024-07,499,359,0,47,93,5358,0,0,5358,458,259,0,58,141,5629,0,0,5629
Curacao,36188,2024-06,417,276,0,47,94,8211,0,307,7904,391,283,0,16,92,8176,0,2,8174
Curacao,36188,2024-05,522,386,8,49,79,7254,0,0,7254,449,311,1,21,116,6613,0,0,6613
Curacao,36188,2024-04,551,369,2,70,110,6741,0,9,6732,424,300,4,28,92,6504,0,1,6503
Curacao,36188,2024-03,387,221,1,76,89,5864,0,15,5849,353,197,0,27,129,6049,0,0,6049
Curacao,36188,2024-02,303,109,1,72,121,8913,0,21,8892,223,60,0,24,139,9781,0,0,9781
Curacao,36188,2024-01,992,879,1,42,70,8560,0,76,8484,802,625,0,46,131,8272,0,10,8262
Curacao,36188,2023-12,437,295,0,22,120,6231,0,0,6231,577,270,0,26,281,6023,0,0,6023
Curacao,36188,2023-11,517,373,0,63,81,4683,0,10,4673,495,360,0,35,100,3837,0,0,3837
Curacao,36188,2023-10,460,336,1,34,89,5000,0,319,4681,507,364,0,11,132,4671,0,2,4669
Curacao,36188,2023-09,624,538,0,40,46,6415,0,1,6414,470,302,0,13,155,6646,0,1,6645
Curacao,36188,2023-08,950,844,0,37,69,5303,0,16,5287,940,831,10,28,71,5351,0,0,5351
Curacao,36188,2023-07,438,263,3,29,143,6835,0,3,6832,444,232,0,34,178,8115,0,1,8114
Curacao,36188,2023-06,436,284,2,67,83,5236,0,2,5234,354,207,12,31,104,5856,0,2,5854
Curacao,36188,2023-05,505,180,4,46,275,7440,0,3,7437,692,204,34,50,404,7452,0,270,7182
Curacao,36188,2023-04,356,200,2,25,129,4556,0,277,4279,399,188,4,10,197,5302,0,31,5271
Curacao,36188,2023-03,828,102,58,28,640,8150,0,0,8150,886,183,22,32,649,7301,0,26,7275
Curacao,36188,2023-02,332,108,20,88,116,4978,0,4,4974,269,66,31,35,137,5004,0,45,4959
Saint Kitts and Nevis,37303,2026-02,792,53,3,96,640,0,0,0,0,527,27,0,31,469,0,0,0,0
Saint Kitts and Nevis,37303,2026-01,752,65,5,91,591,0,0,0,0,509,87,1,38,383,0,0,0,0
Saint Kitts and Nevis,37303,2025-12,669,85,5,103,476,0,0,0,0,453,63,0,37,353,0,0,0,0
Saint Kitts and Nevis,37303,2025-11,640,57,7,75,501,0,0,0,0,487,26,4,36,421,0,0,0,0
Saint Kitts and Nevis,37303,2025-10,842,75,5,107,655,0,0,0,0,652,82,0,48,522,0,0,0,0
Saint Kitts and Nevis,37303,2025-09,684,68,11,110,495,0,0,0,0,460,53,0,31,376,0,0,0,0
Saint Kitts and Nevis,37303,2025-08,634,80,5,114,435,0,0,0,0,546,119,0,37,390,0,0,0,0
Saint Kitts and Nevis,37303,2025-07,564,78,5,85,396,0,0,0,0,409,39,0,28,342,0,0,0,0
Saint Kitts and Nevis,37303,2025-06,572,55,5,83,429,0,0,0,0,405,21,0,40,344,0,0,0,0
Saint Kitts and Nevis,37303,2025-05,696,130,3,101,462,0,0,0,0,639,77,4,51,507,0,0,0,0
Saint Kitts and Nevis,37303,2025-04,607,53,7,128,419,0,0,0,0,489,51,3,68,367,0,0,0,0
Saint Kitts and Nevis,37303,2025-03,520,66,9,86,358,0,0,0,0,419,45,3,61,310,0,0,0,0
Saint Kitts and Nevis,37303,2025-02,599,72,7,126,394,0,0,0,0,496,55,3,86,352,0,0,0,0
Saint Kitts and Nevis,37303,2025-01,510,80,8,75,347,0,0,0,0,387,80,2,40,265,0,0,0,0
Saint Kitts and Nevis,37303,2024-12,643,103,8,77,455,0,0,0,0,494,59,1,41,393,0,0,0,0
Saint Kitts and Nevis,37303,2024-11,784,113,18,85,568,0,0,0,0,705,91,6,49,559,0,0,0,0
Saint Kitts and Nevis,37303,2024-10,590,88,15,106,381,0,0,0,0,465,41,14,87,324,0,0,0,0
Saint Kitts and Nevis,37303,2024-09,437,56,25,93,263,0,0,0,0,403,98,12,61,232,0,0,0,0
Saint Kitts and Nevis,37303,2024-08,508,69,17,94,328,0,0,0,0,492,56,16,73,347,0,0,0,0
Saint Kitts and Nevis,37303,2024-07,498,94,13,93,299,0,0,0,0,352,55,5,37,255,0,0,0,0
Saint Kitts and Nevis,37303,2024-06,461,86,3,77,295,0,0,0,0,358,25,2,38,293,0,0,0,0
Saint Kitts and Nevis,37303,2024-05,535,85,2,165,283,0,0,0,0,439,73,7,53,306,0,0,0,0
Saint Kitts and Nevis,37303,2024-04,446,78,2,84,282,0,0,0,0,321,53,1,34,233,0,0,0,0
Saint Kitts and Nevis,37303,2024-03,422,84,3,99,236,0,0,0,0,361,29,1,54,277,0,0,0,0
Saint Kitts and Nevis,37303,2024-02,460,149,7,85,219,0,0,0,0,394,123,3,42,226,0,0,0,0
Saint Kitts and Nevis,37303,2024-01,381,53,6,93,229,0,0,0,0,434,51,4,39,340,0,0,0,0
Saint Kitts and Nevis,37303,2023-12,430,147,7,68,208,0,0,0,0,361,36,4,34,287,0,0,0,0
Saint Kitts and Nevis,37303,2023-11,321,91,6,87,137,0,0,0,0,278,53,0,34,191,0,0,0,0
Saint Kitts and Nevis,37303,2023-10,312,90,1,60,161,0,0,0,0,384,66,5,33,280,0,0,0,0
Saint Kitts and Nevis,37303,2023-09,273,59,2,54,158,0,0,0,0,257,16,8,53,180,0,0,0,0
Saint Kitts and Nevis,37303,2023-08,506,96,2,70,338,0,0,0,0,378,45,1,48,284,0,0,0,0
Saint Kitts and Nevis,37303,2023-07,271,43,3,67,158,0,0,0,0,311,28,1,33,249,0,0,0,0
Saint Kitts and Nevis,37303,2023-06,310,47,0,78,185,0,0,0,0,269,36,2,16,215,0,0,0,0
Saint Kitts and Nevis,37303,2023-05,249,34,5,85,125,33,0,12,21,240,24,0,41,175,22,0,9,13
Saint Kitts and Nevis,37303,2023-04,204,22,12,61,109,53,0,4,49,218,9,7,32,170,43,0,5,38
Saint Kitts and Nevis,37303,2023-03,285,65,17,58,145,46,0,6,40,311,21,0,27,263,43,0,8,35
Saint Kitts and Nevis,37303,2023-02,242,53,4,51,134,41,0,2,39,221,35,1,26,159,30,0,8,22
Total Caribbean,34401,2026-02,2280942,749935,24483,88811,1417713,280581,1774,47665,231142,2288272,752239,21932,82545,1431556,274482,2266,46600,225616
Total Caribbean,34401,2026-01,2205012,657091,32849,85859,1429213,324325,1684,46184,276457,2239042,671202,29263,88797,1449780,315760,2053,38309,275398
Total Caribbean,34401,2025-12,2245622,562971,39533,70320,1572798,292257,928,47367,243962,2162322,546482,34831,74993,1506016,289809,1126,58738,229945
Total Caribbean,34401,2025-11,2120900,660274,33993,94804,1331829,278103,1037,36987,240079,2056383,659003,31259,82962,1283159,276518,1181,41928,233409
Total Caribbean,34401,2025-10,2320405,715920,26447,87928,1490110,344831,1506,67421,275904,2305875,735383,25857,89377,1455258,340742,1786,62523,276433
Total Caribbean,34401,2025-09,2028772,796981,36379,76467,1118945,346410,1311,62161,282938,1963383,772483,35052,69252,1086596,351627,1572,59880,290175
Total Caribbean,34401,2025-08,1856441,729618,30590,62681,1033552,266491,1279,51112,214100,1853007,756822,27039,59533,1009613,278725,1257,47931,229537
Total Caribbean,34401,2025-07,1891504,747086,25671,61290,1057457,275469,1823,51300,222346,1911936,753075,26761,61838,1070262,270042,1526,47565,220951
Total Caribbean,34401,2025-06,1808589,713570,39549,63778,991692,250234,1011,35601,213622,1742960,708975,26608,54284,953093,254788,1668,39073,214047
Total Caribbean,34401,2025-05,1985893,857996,39114,69067,1019716,242351,2135,36716,203500,1923262,863644,19712,57957,981949,255541,1910,38112,215519
Total Caribbean,34401,2025-04,2208771,995873,21356,68725,1122817,298326,1656,52750,243920,2217864,994709,19750,63012,1140393,278148,1579,44437,232132
Total Caribbean,34401,2025-03,1988557,790342,16157,61634,1120424,306707,1470,63163,242074,1957751,761121,14701,65007,1116922,319726,1632,62729,255365
Total Caribbean,34401,2025-02,1672221,612523,21602,60460,977636,286764,1697,60307,224760,1632451,596633,19290,57162,959366,287569,2776,49033,235760
Total Caribbean,34401,2025-01,1801603,724204,17568,57790,1002041,243824,912,56678,186234,1801916,721490,18664,51819,1009943,225525,840,47658,177027
Total Caribbean,34401,2024-12,1733415,609935,19873,56208,1047399,254256,1108,55804,197344,1674321,611128,16919,48197,998077,251946,1079,67981,182886
Total Caribbean,34401,2024-11,1671629,636244,23646,57815,953924,225705,1201,45120,179384,1669784,656483,22993,57010,933298,221759,1189,43409,177161
Total Caribbean,34401,2024-10,1710408,677498,12002,56722,964186,283562,1890,60783,220889,1694534,673896,10874,56656,953108,269470,1910,46301,221259
Total Caribbean,34401,2024-09,1579233,519769,15740,59489,984235,212023,1057,43549,167417,1511474,494481,11210,53169,952614,215593,1312,43510,170771
Total Caribbean,34401,2024-08,1776921,700582,18709,64676,992954,185086,1396,45698,137992,1754829,679599,15547,59458,1000225,184000,1260,44556,138184
Total Caribbean,34401,2024-07,1589919,568342,9230,59654,952693,192146,1190,54275,136681,1548606,512363,7624,61096,967523,179070,1647,44151,133272
Total Caribbean,34401,2024-06,1425762,485043,10491,52335,877893,186932,1181,48916,136835,1413064,493245,8112,55645,856062,187805,1966,46812,139027
Total Caribbean,34401,2024-05,1646143,560095,9733,61635,1014680,205874,817,48119,156938,1628595,554517,8464,52106,1013508,216803,749,53673,162381
Total Caribbean,34401,2024-04,1592992,558246,9872,51200,973674,195932,851,47761,147320,1561757,538561,8235,51421,963540,184298,888,44639,138771
Total Caribbean,34401,2024-03,1424864,436901,9864,59519,918580,183357,969,41529,140859,1398500,442734,8543,51825,895398,186454,1259,43955,141240
Total Caribbean,34401,2024-02,1387719,423216,8353,62711,893439,148186,835,29168,118183,1383173,439416,8448,49761,885548,154672,855,29818,123999
Total Caribbean,34401,2024-01,1291379,319279,8071,51535,912494,180223,1427,32608,146188,1297797,301076,7980,46615,942126,174358,1197,30111,143050
Total Caribbean,34401,2023-12,1362008,308626,11081,46102,996199,188246,1028,27842,159376,1359066,315766,7986,42695,992619,180070,944,30126,149000
Total Caribbean,34401,2023-11,1153662,370932,9084,48842,724804,140715,1629,39777,99309,1143708,359093,7176,38999,738440,139043,1725,38712,98606
Total Caribbean,34401,2023-10,1377945,540501,10341,43202,783901,137283,1241,37988,98054,1381554,536047,6017,40262,799228,136616,1139,39869,95608
Total Caribbean,34401,2023-09,1248223,474817,12620,41438,719348,132741,805,32818,99118,1227991,471996,9633,37398,708964,123042,1069,22962,99011
Total Caribbean,34401,2023-08,1432645,656968,9251,42360,724066,149375,654,31916,116805,1401855,652204,5244,36885,707522,135151,604,23151,111396
Total Caribbean,34401,2023-07,1306504,686912,9097,35190,575305,123763,900,27088,95775,1305445,679958,6008,38887,580592,124414,712,21636,102066
Total Caribbean,34401,2023-06,1249911,583002,12057,43702,611150,133443,1835,27118,104490,1228198,582495,6500,36863,602340,139031,1044,29939,108048
Total Caribbean,34401,2023-05,1100065,464328,10304,47739,577694,135117,929,24661,109527,1064620,461813,6633,37266,558908,141416,1132,37407,102877
Total Caribbean,34401,2023-04,1019265,393839,7698,42126,575602,146327,891,40084,105352,1009347,389520,5973,35391,578463,139222,565,37822,100835
Total Caribbean,34401,2023-03,1444668,582937,8201,50249,803281,180326,1790,34026,144510,1409401,572492,8368,44778,783763,174648,1127,29139,144382
Total Caribbean,34401,2023-02,1091402,471064,10224,42666,567448,142019,1236,29518,111265,1075495,479106,9866,36053,550470,150332,2873,37358,110101
"China, Mainland",41408,2026-02,51935,27538,1214,799,22384,227949,866,174,226909,60635,39360,1208,433,19634,232928,980,75,231873
"China, Mainland",41408,2026-01,77337,51303,1829,548,23657,303756,735,92,302929,65800,39377,6279,598,19546,312144,1145,65,310934
"China, Mainland",41408,2025-12,76287,55690,644,406,19547,198036,530,59,197447,79308,49984,9756,360,19208,200163,996,110,199057
"China, Mainland",41408,2025-11,73062,51414,635,549,20464,196335,878,51,195406,71496,48550,3942,235,18769,198183,1715,50,196418
"China, Mainland",41408,2025-10,52340,26719,2654,560,22407,126256,692,113,125451,63783,37977,2121,272,23413,125516,1080,75,124361
"China, Mainland",41408,2025-09,55235,37017,203,434,17581,175021,768,211,174042,65310,39983,7618,491,17218,171120,735,269,170116
"China, Mainland",41408,2025-08,47482,27835,1619,427,17601,144717,696,113,143908,76775,49602,10289,384,16500,149845,879,73,148893
"China, Mainland",41408,2025-07,53571,33343,820,635,18773,127397,569,123,126705,85629,56915,5742,1273,21699,134318,1254,63,133001
"China, Mainland",41408,2025-06,62528,45169,611,698,16050,103382,325,120,102937,76743,50558,5488,603,20094,99742,725,153,98864
"China, Mainland",41408,2025-05,56464,39323,380,803,15958,79649,945,1081,77623,62147,36864,5551,1016,18716,84223,1145,999,82079
"China, Mainland",41408,2025-04,65098,46087,606,605,17800,172383,1042,63,171278,102417,66823,6424,1610,27560,165059,873,45,164141
"China, Mainland",41408,2025-03,60082,37265,1025,2198,19594,109860,1424,97,108339,87947,64840,2846,990,19271,115567,519,42,115006
"China, Mainland",41408,2025-02,63116,46999,1109,1044,13964,204489,753,63,203673,78885,51780,9155,924,17026,206246,466,59,205721
"China, Mainland",41408,2025-01,81703,65346,139,919,15299,179665,558,64,179043,104735,68543,5716,1257,29219,178152,556,33,177563
"China, Mainland",41408,2024-12,59938,39087,1865,1059,17927,211488,419,224,210845,73855,49789,3769,573,19724,208190,774,17,207399
"China, Mainland",41408,2024-11,72173,49800,5418,611,16344,156697,703,141,155853,81892,53932,6380,2716,18864,153604,776,60,152768
"China, Mainland",41408,2024-10,99510,75132,9035,840,14503,278621,919,521,277181,105097,71994,12095,1088,19920,278434,549,471,277414
"China, Mainland",41408,2024-09,74411,49793,7448,1158,16012,134870,587,357,133926,95111,62147,10781,3830,18353,139962,540,310,139112
"China, Mainland",41408,2024-08,73794,55940,269,916,16669,121562,402,200,120960,93399,71806,2801,636,18156,121240,540,212,120488
"China, Mainland",41408,2024-07,76097,54863,625,744,19865,136499,515,140,135844,106980,77969,4754,831,23426,134098,659,217,133222
"China, Mainland",41408,2024-06,71658,51893,898,3004,15863,133428,284,251,132893,67896,45968,3418,622,17888,130144,469,170,129505
"China, Mainland",41408,2024-05,39946,26439,985,653,11869,150889,1331,289,149269,80022,50326,9212,648,19836,155130,1432,284,153414
"China, Mainland",41408,2024-04,98238,82815,1161,498,13764,182787,771,147,181869,84704,58920,8745,336,16703,182930,581,123,182226
"China, Mainland",41408,2024-03,126712,106017,3754,811,16130,143165,1715,84,141366,140895,115830,8843,522,15700,143186,490,107,142589
"China, Mainland",41408,2024-02,57798,43103,515,1047,13133,83298,513,120,82665,71519,56257,2276,563,12423,83699,775,168,82756
"China, Mainland",41408,2024-01,40512,25323,120,1138,13931,119306,192,155,118959,62864,47058,1828,524,13454,115960,1321,113,114526
"China, Mainland",41408,2023-12,44190,30434,124,400,13232,107774,329,115,107330,51420,33079,1525,230,16586,107878,374,84,107420
"China, Mainland",41408,2023-11,58372,43599,180,636,13957,70039,402,92,69545,75385,58645,2181,460,14099,68589,339,121,68129
"China, Mainland",41408,2023-10,54449,37300,6123,502,10524,74538,740,165,73633,50646,35448,1583,273,13342,72184,332,180,71672
"China, Mainland",41408,2023-09,66765,51593,3248,518,11406,81885,495,133,81257,69674,52597,2134,330,14613,81590,499,56,81035
"China, Mainland",41408,2023-08,59220,47149,592,559,10920,132148,214,111,131823,80430,62016,1932,451,16031,128099,520,78,127501
"China, Mainland",41408,2023-07,71377,56920,2227,816,11414,95957,227,101,95629,82755,68124,1845,502,12284,95151,265,64,94822
"China, Mainland",41408,2023-06,104247,76725,11683,720,15119,88747,419,62,88266,86168,68637,1860,702,14969,89575,608,151,88816
"China, Mainland",41408,2023-05,85314,66155,6194,896,12069,103035,337,63,102635,97303,79826,2140,976,14361,105286,855,335,104096
"China, Mainland",41408,2023-04,48770,38300,981,511,8978,110091,410,287,109394,53443,39297,2206,856,11084,115356,422,213,114721
"China, Mainland",41408,2023-03,80802,51732,14463,985,13622,107573,784,284,106505,82973,65548,3398,721,13306,102643,558,468,101617
"China, Mainland",41408,2023-02,70308,54715,1475,511,13607,176651,625,95,175931,66287,48709,2316,780,14482,178275,898,106,177271
Hong Kong,42005,2026-02,184271,94150,6384,4881,78856,8197,24,400,7773,180938,91967,5214,6789,76968,7941,28,343,7570
Hong Kong,42005,2026-01,209054,105670,5272,6908,91204,7916,42,460,7414,202950,109273,3735,2945,86997,8092,33,547,7512
Hong Kong,42005,2025-12,203759,117500,5007,3580,77672,4929,33,217,4679,192238,108041,3042,2593,78562,4565,22,146,4397
Hong Kong,42005,2025-11,178921,86395,4926,4484,83116,6160,67,323,5770,175125,84368,6213,2976,81568,7365,71,464,6830
Hong Kong,42005,2025-10,215496,102557,6857,3697,102385,5318,82,319,4917,202823,94323,4646,3229,100625,5793,71,280,5442
Hong Kong,42005,2025-09,179009,88425,4992,4145,81447,6634,76,455,6103,181717,98354,2715,2943,77705,6642,50,270,6322
Hong Kong,42005,2025-08,148316,68630,2162,3866,73658,4740,125,482,4133,135141,57422,1838,2960,72921,5866,113,399,5354
Hong Kong,42005,2025-07,161691,81083,3214,6792,70602,6073,67,419,5587,143416,68120,2407,2803,70086,7112,61,377,6674
Hong Kong,42005,2025-06,139792,55012,3049,4836,76895,5971,55,392,5524,147445,62971,2438,3862,78174,6921,176,334,6411
Hong Kong,42005,2025-05,140728,67652,1867,5278,65931,5298,45,747,4506,136928,62021,1937,3862,69108,6483,31,680,5772
Hong Kong,42005,2025-04,148288,70182,1915,5386,70805,7128,70,473,6585,139755,61655,2082,3083,72935,6739,21,500,6218
Hong Kong,42005,2025-03,112152,44038,2077,4159,61878,7758,53,552,7153,123142,53910,1144,4483,63605,8400,47,459,7894
Hong Kong,42005,2025-02,123444,51669,1563,6224,63988,6380,173,467,5740,117827,48789,1957,3313,63768,5978,117,401,5460
Hong Kong,42005,2025-01,119402,52415,1235,3398,62354,3947,66,452,3429,110659,47854,2499,2161,58145,3681,236,526,2919
Hong Kong,42005,2024-12,118992,42057,1228,4238,71469,5572,65,573,4934,112948,39079,980,2719,70170,5125,69,287,4769
Hong Kong,42005,2024-11,124879,49605,917,3196,71161,5960,25,338,5597,120866,48680,783,2835,68568,5637,59,381,5197
Hong Kong,42005,2024-10,138230,72248,1417,4334,60231,9986,35,698,9253,114420,49983,896,3364,60177,10787,38,636,10113
Hong Kong,42005,2024-09,120003,53463,1530,15946,49064,6761,21,823,5917,125369,58184,1896,9800,55489,6481,16,1014,5451
Hong Kong,42005,2024-08,112631,45797,625,4388,61821,7004,34,378,6592,110436,46501,697,2783,60455,5504,10,395,5099
Hong Kong,42005,2024-07,117779,50035,594,3040,64110,6788,67,464,6257,103503,39188,510,2531,61274,6061,49,554,5458
Hong Kong,42005,2024-06,93281,34974,2848,2986,52473,6050,37,162,5851,91442,32928,2906,3717,51891,4950,26,226,4698
Hong Kong,42005,2024-05,80272,26624,1995,5882,45771,7245,22,291,6932,76401,28296,1665,2741,43699,8210,20,257,7933
Hong Kong,42005,2024-04,101188,51104,1856,2765,45463,7023,32,480,6511,81704,32395,2041,2484,44784,6928,22,575,6331
Hong Kong,42005,2024-03,92507,29802,1633,3799,57273,6767,46,475,6246,95479,41020,991,2535,50933,6549,53,494,6002
Hong Kong,42005,2024-02,90047,38549,1187,4044,46267,5058,54,451,4553,84686,36390,862,2999,44435,5122,82,263,4777
Hong Kong,42005,2024-01,81613,39481,796,2642,38694,7341,17,305,7019,93135,44699,522,2455,45459,6529,22,309,6198
Hong Kong,42005,2023-12,78167,38601,764,2639,36163,6061,30,288,5743,60840,23465,512,2279,34584,5382,39,267,5076
Hong Kong,42005,2023-11,37811,20500,352,1847,15112,4047,4,465,3578,30177,13600,264,1279,15034,3761,3,457,3301
Hong Kong,42005,2023-10,48800,33080,390,1304,14026,4567,8,400,4159,44671,27814,384,1325,15148,4851,6,234,4611
Hong Kong,42005,2023-09,50639,32123,759,1428,16329,5855,3,201,5651,50342,31699,527,979,17137,4859,3,214,4642
Hong Kong,42005,2023-08,49610,25009,439,1581,22581,8806,28,305,8473,46173,20944,312,1191,23726,6945,4,183,6758
Hong Kong,42005,2023-07,43485,21212,349,2335,19589,4360,6,292,4062,41162,18965,144,2055,19998,4275,39,117,4119
Hong Kong,42005,2023-06,48099,26267,351,2484,18997,4648,26,303,4319,60669,38504,169,2363,19633,4577,40,188,4349
Hong Kong,42005,2023-05,43328,26853,695,2980,12800,4205,10,331,3864,38021,19593,393,2215,15820,3702,4,390,3308
Hong Kong,42005,2023-04,33342,19921,313,2102,11006,4717,14,472,4231,28235,15157,530,1876,10672,4141,11,210,3920
Hong Kong,42005,2023-03,44632,26482,409,1754,15987,7909,36,421,7452,43721,26795,560,2322,14044,6909,4,179,6726
Hong Kong,42005,2023-02,49943,30828,222,2212,16681,5510,80,286,5144,55273,36262,363,1251,17397,4545,42,120,4383
India,42102,2026-02,85624,83472,0,29,2123,19439,207,304,18928,83543,81181,0,82,2280,21211,336,373,20502
India,42102,2026-01,76926,75266,0,63,1597,23102,214,564,22324,71452,69654,0,18,1780,19292,469,317,18506
India,42102,2025-12,71555,70403,7,37,1108,17497,632,177,16688,76395,74687,0,17,1691,17756,314,122,17320
India,42102,2025-11,54592,53324,0,56,1212,16467,127,218,16122,56884,55355,0,73,1456,19254,340,153,18761
India,42102,2025-10,61411,59587,6,8,1810,16824,65,266,16493,75432,73223,0,10,2199,18357,747,275,17335
India,42102,2025-09,67615,66343,2,96,1174,17608,261,306,17041,82029,79829,0,46,2154,16801,293,350,16158
India,42102,2025-08,57076,56287,7,22,760,19053,145,512,18396,61696,60521,0,22,1153,17618,265,351,17002
India,42102,2025-07,48676,47806,0,26,844,18673,175,246,18252,55360,54233,0,37,1090,17183,260,223,16700
India,42102,2025-06,46919,46226,0,3,690,18138,750,465,16923,56363,54909,0,11,1443,19594,242,201,19151
India,42102,2025-05,52959,52256,0,33,670,13289,238,384,12667,51562,50544,0,1,1017,15827,125,315,15387
India,42102,2025-04,46286,45593,0,4,689,16133,283,261,15589,51846,51052,0,2,792,18673,226,266,18181
India,42102,2025-03,69928,69344,0,3,581,17533,190,416,16927,60632,59681,0,65,886,19630,624,512,18494
India,42102,2025-02,56707,56045,0,7,655,15682,350,323,15009,58499,57647,0,9,843,15054,301,353,14400
India,42102,2025-01,67649,67102,14,5,528,17818,538,307,16973,71204,70438,0,7,759,13520,393,406,12721
India,42102,2024-12,34967,34469,12,17,469,18899,134,325,18440,45660,44747,0,36,877,18129,329,209,17591
India,42102,2024-11,14761,14272,0,20,469,21726,162,413,21151,21619,20796,0,1,822,22223,111,324,21788
India,42102,2024-10,23811,23038,13,99,661,26138,94,434,25610,16707,15745,0,17,945,20724,141,447,20136
India,42102,2024-09,25602,24861,1,2,738,20668,139,395,20134,29849,28763,0,0,1086,28796,384,453,27959
India,42102,2024-08,14300,13420,0,46,834,17265,85,224,16956,13924,12795,0,5,1124,21312,325,234,20753
India,42102,2024-07,15015,14338,2,5,670,17170,8,406,16756,23654,22822,0,1,831,17933,129,293,17511
India,42102,2024-06,21663,21302,7,1,353,17747,23,225,17499,17349,16675,0,23,651,24027,190,287,23550
India,42102,2024-05,23522,23060,0,34,428,13428,39,263,13126,21754,21123,0,24,607,12643,27,322,12294
India,42102,2024-04,18293,17789,0,39,465,16785,74,329,16382,20394,19606,0,3,785,16143,41,330,15772
India,42102,2024-03,11220,10638,0,14,568,15113,227,576,14310,8986,8293,0,53,640,16499,122,774,15603
India,42102,2024-02,13514,12889,0,110,515,14975,293,479,14203,12020,11282,0,85,653,13623,123,404,13096
India,42102,2024-01,20409,20059,0,51,299,17940,12,375,17553,21364,20910,0,4,450,15628,38,459,15131
India,42102,2023-12,21390,21049,0,27,314,12646,29,337,12280,17290,16810,0,14,466,15140,9,274,14857
India,42102,2023-11,14992,14724,7,15,246,10097,94,367,9636,18986,18754,0,61,171,8999,17,310,8672
India,42102,2023-10,18002,17780,0,27,195,12955,17,474,12464,26168,25981,0,3,184,11008,20,427,10561
India,42102,2023-09,25507,25261,0,60,186,12017,45,206,11766,26052,25820,0,47,185,12032,27,186,11819
India,42102,2023-08,15261,15004,0,50,207,9960,29,301,9630,15780,15431,0,79,270,11747,58,224,11465
India,42102,2023-07,10973,10679,7,23,264,9675,28,170,9477,12119,11835,0,14,270,11865,42,260,11563
India,42102,2023-06,10068,9644,1,23,400,10638,100,369,10169,10850,10663,0,3,184,13839,18,381,13440
India,42102,2023-05,8186,7871,6,24,285,8638,39,412,8187,5861,5689,0,6,166,11025,139,847,10039
India,42102,2023-04,5362,5183,2,11,166,8595,279,790,7526,4443,4106,0,40,297,8999,251,373,8375
India,42102,2023-03,5500,5243,0,2,255,10246,102,358,9786,4162,3921,0,1,240,11907,159,319,11429
India,42102,2023-02,8878,8677,0,22,179,10281,116,844,9321,7024,6810,0,3,211,9125,388,663,8074
Indonesia,42218,2026-02,4451,2255,810,169,1217,3158,853,492,1813,7005,4911,805,64,1225,3438,1029,820,1589
Indonesia,42218,2026-01,6630,4662,1014,65,889,4087,2014,323,1750,2256,277,895,101,983,3719,1842,447,1430
Indonesia,42218,2025-12,4822,2682,1408,30,702,2321,632,225,1464,4002,1723,1436,24,819,2601,1010,245,1346
Indonesia,42218,2025-11,1990,11,888,118,973,3108,1084,245,1779,1660,31,667,53,909,3866,1073,221,2572
Indonesia,42218,2025-10,1914,203,1321,62,328,3430,1230,355,1845,2316,507,1379,72,358,4237,1703,362,2172
Indonesia,42218,2025-09,1571,111,1265,83,112,7464,1582,549,5333,2538,1221,989,68,260,6561,954,343,5264
Indonesia,42218,2025-08,824,115,556,60,93,3554,1408,325,1821,884,21,682,44,137,3854,1326,206,2322
Indonesia,42218,2025-07,1155,41,675,36,403,3647,1351,387,1909,3342,2060,705,72,505,3747,1772,356,1619
Indonesia,42218,2025-06,1466,70,746,73,577,3769,1371,302,2096,2984,857,967,343,817,2880,1060,282,1538
Indonesia,42218,2025-05,1426,322,814,110,180,2839,1144,657,1038,1123,176,605,99,243,2788,1032,565,1191
Indonesia,42218,2025-04,3841,2670,766,92,313,3106,1471,364,1271,1395,342,545,54,454,3172,1326,453,1393
Indonesia,42218,2025-03,1772,425,818,83,446,5743,2463,647,2633,1261,12,756,57,436,4745,1612,669,2464
Indonesia,42218,2025-02,1092,5,735,97,255,7025,1814,525,4686,1847,728,775,63,281,6499,1630,532,4337
Indonesia,42218,2025-01,1525,566,617,48,294,2542,1145,316,1081,1338,330,530,47,431,2873,1569,213,1091
Indonesia,42218,2024-12,1087,12,376,20,679,2802,804,442,1556,2381,1434,343,34,570,2582,763,357,1462
Indonesia,42218,2024-11,1314,507,290,61,456,3124,1193,306,1625,1780,296,327,31,1126,2889,1168,417,1304
Indonesia,42218,2024-10,3346,2091,596,47,612,3796,1366,517,1913,1006,168,216,93,529,3551,1309,498,1744
Indonesia,42218,2024-09,9836,8114,776,89,857,3433,1188,463,1782,708,35,307,75,291,3943,1411,487,2045
Indonesia,42218,2024-08,3083,1244,1004,45,790,2660,1236,416,1008,3380,622,1502,28,1228,3408,1273,348,1787
Indonesia,42218,2024-07,2490,337,1228,170,755,2534,898,282,1354,4185,620,2795,348,422,3070,1045,294,1731
Indonesia,42218,2024-06,1654,15,948,116,575,2704,724,306,1674,1076,71,744,31,230,3066,626,311,2129
Indonesia,42218,2024-05,1219,156,524,109,430,3298,729,615,1954,2437,708,626,41,1062,3248,1115,478,1655
Indonesia,42218,2024-04,1185,75,299,85,726,3515,1061,336,2118,1517,200,298,43,976,2655,764,354,1537
Indonesia,42218,2024-03,4535,3051,773,63,648,2692,1141,339,1212,942,224,489,17,212,2874,874,379,1621
Indonesia,42218,2024-02,4853,3827,683,144,199,2513,1290,400,823,1588,850,386,19,333,3013,1054,448,1511
Indonesia,42218,2024-01,6222,4919,586,53,664,2820,1199,410,1211,1517,924,281,18,294,3213,1354,391,1468
Indonesia,42218,2023-12,2725,1624,672,21,408,2730,1019,362,1349,1179,92,533,81,473,3395,1152,264,1979
Indonesia,42218,2023-11,1699,779,563,43,314,2812,1089,492,1231,1647,626,493,22,506,3148,1388,437,1323
Indonesia,42218,2023-10,1480,308,856,58,258,2932,1155,387,1390,2060,564,923,153,420,2488,720,341,1427
Indonesia,42218,2023-09,2290,207,1626,115,342,2362,1008,205,1149,2184,173,1549,55,407,2179,564,159,1456
Indonesia,42218,2023-08,1762,277,878,271,336,2320,1106,212,1002,2231,489,867,338,537,2078,669,243,1166
Indonesia,42218,2023-07,1199,241,640,47,271,1913,655,296,962,1552,649,436,25,442,2018,648,203,1167
Indonesia,42218,2023-06,1953,561,794,43,555,2842,941,424,1477,1667,493,577,77,520,2954,746,357,1851
Indonesia,42218,2023-05,1930,796,642,62,430,2915,973,484,1458,1999,1036,544,51,368,3103,1381,235,1487
Indonesia,42218,2023-04,3491,156,963,59,2313,3131,1729,269,1133,3480,151,753,42,2534,3121,1339,236,1546
Indonesia,42218,2023-03,1746,143,837,138,628,3122,1241,420,1461,1879,845,587,58,389,4508,1578,299,2631
Indonesia,42218,2023-02,1578,487,854,65,172,3271,1068,520,1683,2200,1131,514,60,495,3521,1239,602,1680
Israel,42501,2026-02,37671,13193,462,1379,22637,36503,731,1834,33938,34650,12803,475,1112,20260,34697,484,1873,32340
Israel,42501,2026-01,56538,33609,297,1421,21211,29552,1280,1674,26598,42406,18826,231,1235,22114,32539,3010,2461,27068
Israel,42501,2025-12,39957,21332,409,991,17225,29037,219,1020,27798,38429,22582,85,1104,14658,30406,234,1551,28621
Israel,42501,2025-11,37792,20108,208,1810,15666,29543,377,647,28519,34189,19665,164,878,13482,30456,193,524,29739
Israel,42501,2025-10,34858,14726,128,1114,18890,29689,751,835,28103,31290,13922,278,822,16268,28601,629,752,27220
Israel,42501,2025-09,36155,18579,509,2115,14952,33352,240,1738,31374,28780,14239,362,1841,12338,36060,240,2041,33779
Israel,42501,2025-08,25641,10424,267,1069,13881,34011,657,429,32925,25642,12870,390,1390,10992,32557,350,370,31837
Israel,42501,2025-07,28198,12552,347,1711,13588,27244,480,797,25967,23867,10512,305,1639,11411,24941,197,822,23922
Israel,42501,2025-06,27073,8937,271,1317,16548,23194,564,2248,20382,24178,11739,232,1250,10957,24403,328,2577,21498
Israel,42501,2025-05,26093,9278,181,1374,15260,19166,354,399,18413,17804,5064,166,1364,11210,20295,322,275,19698
Israel,42501,2025-04,26842,11364,1601,1249,12628,17319,510,123,16686,28009,7761,1575,1142,17531,17036,263,114,16659
Israel,42501,2025-03,20888,7213,844,1570,11261,20610,525,121,19964,21234,6791,609,1312,12522,20702,582,144,19976
Israel,42501,2025-02,20230,6392,183,2094,11561,24572,897,246,23429,22565,8781,202,1096,12486,25778,2571,271,22936
Israel,42501,2025-01,29608,12668,485,1341,15114,20414,427,242,19745,26282,7875,321,1348,16738,20359,243,201,19915
Israel,42501,2024-12,26179,9037,88,1329,15725,19502,811,231,18460,24157,8506,174,545,14932,20002,468,126,19408
Israel,42501,2024-11,25610,8817,141,814,15838,22463,1802,827,19834,23226,7784,151,1053,14238,21151,556,357,20238
Israel,42501,2024-10,16906,4933,484,1601,9888,15903,528,549,14826,13381,2864,192,692,9633,15943,341,230,15372
Israel,42501,2024-09,20425,7139,424,1008,11854,15529,451,747,14331,16289,5223,408,541,10117,15886,311,693,14882
Israel,42501,2024-08,16517,4140,1189,899,10289,16638,703,395,15540,20446,7097,1103,796,11450,16881,583,409,15889
Israel,42501,2024-07,17035,5895,285,603,10252,15410,379,285,14746,14912,4653,239,375,9645,15839,352,144,15343
Israel,42501,2024-06,18829,6481,181,710,11457,18508,238,198,18072,17482,5135,174,662,11511,18928,266,243,18419
Israel,42501,2024-05,14862,4569,165,724,9404,20048,461,266,19321,12234,2711,69,646,8808,20801,385,298,20118
Israel,42501,2024-04,22066,11605,240,715,9506,13421,590,303,12528,21051,8640,184,369,11858,13490,542,223,12725
Israel,42501,2024-03,20570,8586,345,1175,10464,22519,8596,307,13616,17803,7161,229,623,9790,26806,12100,360,14346
Israel,42501,2024-02,12295,2812,359,1150,7974,17797,304,348,17145,9753,1507,280,330,7636,18312,185,230,17897
Israel,42501,2024-01,28273,13033,570,860,13810,14053,157,538,13358,23547,12316,274,778,10179,14006,386,387,13233
Israel,42501,2023-12,15456,5936,502,753,8265,14644,248,399,13997,17677,7612,477,344,9244,13645,127,305,13213
Israel,42501,2023-11,22838,10014,5948,491,6385,13222,855,458,11909,17796,1334,6794,455,9213,13184,687,330,12167
Israel,42501,2023-10,12134,3841,2333,587,5373,12652,657,746,11249,21593,9276,3825,335,8157,11111,335,485,10291
Israel,42501,2023-09,19381,9604,2040,569,7168,9365,1299,265,7801,17008,7680,1875,382,7071,8921,560,310,8051
Israel,42501,2023-08,15279,6114,1927,527,6711,10448,323,283,9842,18113,7617,1817,751,7928,10714,420,210,10084
Israel,42501,2023-07,17431,7880,1892,494,7165,8700,234,302,8164,18116,6310,1681,397,9728,9878,826,478,8574
Israel,42501,2023-06,44100,17444,2715,643,23298,11772,368,460,10944,20505,9380,2212,360,8553,11615,538,311,10766
Israel,42501,2023-05,26410,11988,2310,727,11385,10648,633,378,9637,21218,11009,1945,525,7739,10154,202,197,9755
Israel,42501,2023-04,11741,3160,2490,338,5753,6775,202,467,6106,26783,5678,2332,216,18557,6281,637,298,5346
Israel,42501,2023-03,21781,9686,1705,554,9836,9236,921,380,7935,17447,5427,1522,489,10009,9949,240,1073,8636
Israel,42501,2023-02,18995,8248,1950,619,8178,8179,439,499,7241,21985,11360,1816,344,8465,8508,482,196,7830
Japan,42609,2026-02,160876,92278,17410,6408,44780,125519,8785,9939,106795,173283,102221,17660,7945,45457,139367,10632,11053,117682
Japan,42609,2026-01,175312,103151,18375,5540,48246,105549,11248,17030,77271,157408,80011,22269,7811,47317,118379,13758,18577,86044
Japan,42609,2025-12,145656,70801,18582,5387,50886,124896,12914,8164,103818,155796,81658,20479,5241,48418,124232,11845,8839,103548
Japan,42609,2025-11,166217,84468,26147,6215,49387,97887,13371,7392,77124,173926,85916,28685,5559,53766,102749,12658,8170,81921
Japan,42609,2025-10,193382,91696,42216,6981,52489,100966,13411,10510,77045,196066,84950,39242,8076,63798,110314,16106,10275,83933
Japan,42609,2025-09,190621,100110,33183,7638,49690,107686,18414,16905,72367,176842,94492,28212,5952,48186,110691,18899,17974,73818
Japan,42609,2025-08,220088,127660,29227,6998,56203,97551,19454,11881,66216,182890,112295,18005,4444,48146,102210,20832,11104,70274
Japan,42609,2025-07,153693,80208,15701,6468,51316,115916,20219,29099,66598,161076,76155,13239,5176,66506,135578,21553,35872,78153
Japan,42609,2025-06,153166,71645,9171,11973,60377,105508,12865,8419,84224,160021,75250,10446,11726,62599,107743,12658,10370,84715
Japan,42609,2025-05,169352,93824,20137,9234,46157,86320,13590,8979,63751,143158,80708,16967,6947,38536,93518,15656,7032,70830
Japan,42609,2025-04,259314,116648,71335,13914,57417,104106,22302,10114,71690,256775,119575,83911,13171,40118,108794,24920,12800,71074
Japan,42609,2025-03,189358,102388,15896,10312,60762,100379,13913,12405,74061,168168,99142,19728,6598,42700,97518,15859,12410,69249
Japan,42609,2025-02,201766,111870,42258,8841,38797,81563,9505,13808,58250,176870,80151,39260,8051,49408,84715,13173,13226,58316
Japan,42609,2025-01,113218,55583,10028,7594,40013,73183,12203,12075,48905,102433,51549,7342,6985,36557,81515,15703,12443,53369
Japan,42609,2024-12,121473,59110,6598,7556,48209,68496,11291,6277,50928,130551,69343,6317,4515,50376,68906,12151,5992,50763
Japan,42609,2024-11,165608,98802,12001,5947,48858,81617,9959,6429,65229,199650,118529,19554,6749,54818,83013,12721,5568,64724
Japan,42609,2024-10,250252,172572,13643,16784,47253,77023,11841,8842,56340,200955,141295,7259,5708,46693,77698,15270,8040,54388
Japan,42609,2024-09,171353,107451,15146,11997,36759,97725,28262,12637,56826,187666,136587,8047,9293,33739,91777,27124,11311,53342
Japan,42609,2024-08,188687,119728,18745,10925,39289,103486,30442,9152,63892,190013,142049,9550,5627,32787,103132,28004,8840,66288
Japan,42609,2024-07,145294,82082,14399,6005,42808,92376,19656,19169,53551,160406,92985,12909,8505,46007,96529,20128,19114,57287
Japan,42609,2024-06,129684,73755,9169,6413,40347,81651,11160,6579,63912,178115,110363,8861,9694,49197,75253,7735,6213,61305
Japan,42609,2024-05,154685,91914,20354,7157,35260,69986,5893,6749,57344,165644,91743,22718,7404,43779,78927,12311,6237,60379
Japan,42609,2024-04,151164,90565,16486,8496,35617,72775,1542,9661,61572,158090,90319,17948,8475,41348,68974,2301,11458,55215
Japan,42609,2024-03,165818,107484,10018,8217,40099,71698,2865,12008,56825,165938,94433,15530,7589,48386,71110,2527,9971,58612
Japan,42609,2024-02,153091,89336,11121,9157,43477,59696,2704,9933,47059,140070,70429,14079,9677,45885,64446,3588,10667,50191
Japan,42609,2024-01,165774,114693,15432,10177,25472,51912,2405,8098,41409,154580,94371,17679,12464,30066,50751,1938,7683,41130
Japan,42609,2023-12,138918,86828,9770,8465,33855,58844,3874,5242,49728,160843,106898,7063,5289,41593,57975,2907,4618,50450
Japan,42609,2023-11,123224,70571,15361,13114,24178,52348,3082,6417,42849,124566,70643,13599,12658,27666,56114,3980,5043,47091
Japan,42609,2023-10,117869,71078,10327,9929,26535,52377,2990,6025,43362,102391,44655,18740,13883,25113,49073,2293,5750,41030
Japan,42609,2023-09,111116,54556,16583,13416,26561,64655,7220,11549,45886,112005,68035,9253,10804,23913,55236,3414,8555,43267
Japan,42609,2023-08,116346,58082,12205,21274,24785,46367,1710,6679,37978,105592,57286,10579,10208,27519,49487,2475,6305,40707
Japan,42609,2023-07,110203,55687,10396,17312,26808,40638,2186,14030,24422,115271,52054,9419,17697,36101,45850,3146,12911,29793
Japan,42609,2023-06,134712,67346,12691,19789,34886,52216,1957,6170,44089,128591,65713,8013,18970,35895,61523,2485,4722,54316
Japan,42609,2023-05,123435,70380,12543,16219,24293,49580,2505,7591,39484,132681,78372,10428,14408,29473,49599,2069,5296,42234
Japan,42609,2023-04,129577,87008,10407,11282,20880,44644,3181,7534,33929,95972,51420,11536,10116,22900,49790,9289,8257,32244
Japan,42609,2023-03,153324,85609,17579,16438,33698,81088,8890,17562,54636,163656,102079,16662,16016,28899,81070,14408,16586,50076
Japan,42609,2023-02,145800,84780,15527,21393,24100,66453,11005,11101,44347,141566,80322,12201,11681,37362,60598,8518,13208,38872
"Korea, South",43001,2026-02,42393,12987,4171,2763,22472,31795,1476,887,29432,55436,24931,4339,2041,24125,29243,1823,818,26602
"Korea, South",43001,2026-01,52376,15097,3274,2289,31716,31033,1973,1529,27531,43711,18010,3254,2258,20189,24262,2065,1007,21190
"Korea, South",43001,2025-12,52588,19402,4548,2030,26608,14239,818,829,12592,49114,22928,5170,2057,18959,18779,1213,977,16589
"Korea, South",43001,2025-11,46456,21076,4288,2297,18795,21201,1110,1167,18924,39620,16824,3427,2528,16841,18408,1609,1194,15605
"Korea, South",43001,2025-10,51675,21600,3606,2636,23833,14338,1207,724,12407,39550,21603,3498,1720,12729,14224,1528,726,11970
"Korea, South",43001,2025-09,57012,26229,3921,2303,24559,14686,1340,1282,12064,38874,17244,3706,1958,15966,17093,1314,1867,13912
"Korea, South",43001,2025-08,37751,16001,3955,1625,16170,11404,933,1066,9405,31797,14607,3707,1796,11687,12545,1182,873,10490
"Korea, South",43001,2025-07,46753,20334,4081,2547,19791,12606,449,673,11484,36005,14492,3122,2335,16056,14823,299,732,13792
"Korea, South",43001,2025-06,49827,16082,3231,2221,28293,12512,650,963,10899,41054,17259,3032,2100,18663,15168,281,810,14077
"Korea, South",43001,2025-05,44080,16198,3044,2369,22469,8152,537,1328,6287,30268,11747,3954,1796,12771,9082,271,1133,7678
"Korea, South",43001,2025-04,56793,15835,3316,2648,34994,8760,420,986,7354,45842,17101,3264,2204,23273,7537,360,884,6293
"Korea, South",43001,2025-03,46428,19408,2964,2680,21376,9431,564,759,8108,39525,17610,2738,2321,16856,11046,755,1170,9121
"Korea, South",43001,2025-02,39244,17742,3129,1883,16490,9578,465,1074,8039,43805,19174,3879,1822,18930,8866,642,879,7345
"Korea, South",43001,2025-01,27493,8288,3228,1688,14289,6077,496,876,4705,28330,11407,4194,1353,11376,8226,985,863,6378
"Korea, South",43001,2024-12,43947,16826,2915,1997,22209,10460,785,1058,8617,37173,16237,2944,1336,16656,10464,416,905,9143
"Korea, South",43001,2024-11,30867,12816,3864,1251,12936,11890,551,708,10631,33698,12129,3062,3571,14936,11423,702,574,10147
"Korea, South",43001,2024-10,42542,19121,4544,2770,16107,12392,762,920,10710,42041,20450,3938,2223,15430,10962,494,1153,9315
"Korea, South",43001,2024-09,42338,18836,4456,1814,17232,12654,411,1095,11148,35862,13810,4349,1546,16157,10350,334,1004,9012
"Korea, South",43001,2024-08,30752,12880,3221,1857,12794,9361,316,807,8238,27412,12195,3487,1470,10260,9030,195,778,8057
"Korea, South",43001,2024-07,41767,17350,4271,1577,18569,9614,605,873,8136,35265,15532,4090,1152,14491,9964,609,1183,8172
"Korea, South",43001,2024-06,29928,11336,4073,1604,12915,8116,215,743,7158,32650,14496,4005,978,13171,9813,158,564,9091
"Korea, South",43001,2024-05,32165,12039,4058,1610,14458,9215,337,813,8065,30348,11170,3658,1578,13942,11493,594,900,9999
"Korea, South",43001,2024-04,42801,21306,2712,2226,16557,7832,211,834,6787,36379,14678,2768,2602,16331,10600,437,1149,9014
"Korea, South",43001,2024-03,37885,12075,2747,2071,20992,10593,1323,873,8397,44992,18070,2845,1626,22451,11704,711,949,10044
"Korea, South",43001,2024-02,38358,14932,2884,2021,18521,8748,569,1321,6858,30873,11475,3711,1450,14237,11264,980,1304,8980
"Korea, South",43001,2024-01,31397,9612,2916,1550,17319,9138,381,740,8017,27964,5498,3045,1788,17633,8439,408,1346,6685
"Korea, South",43001,2023-12,33847,11056,3043,1182,18566,7410,486,622,6302,33187,10858,3597,1098,17634,6823,149,657,6017
"Korea, South",43001,2023-11,39890,14973,4302,2056,18559,7828,769,1107,5952,35919,14056,4278,1302,16283,8538,589,1185,6764
"Korea, South",43001,2023-10,33638,12948,4177,1159,15354,9759,1000,869,7890,37179,13254,3903,1406,18616,8994,1105,915,6974
"Korea, South",43001,2023-09,35169,13165,4294,1159,16551,7828,684,933,6211,36189,13350,3938,1123,17778,8595,711,1060,6824
"Korea, South",43001,2023-08,42906,17424,4685,1752,19045,7448,443,597,6408,38783,13536,4042,1014,20191,8796,487,610,7699
"Korea, South",43001,2023-07,42919,16438,4997,1113,20371,8259,399,551,7309,35450,13911,4149,1277,16113,8547,699,982,6866
"Korea, South",43001,2023-06,52144,16831,4883,1403,29027,9744,834,1495,7415,48809,19439,4654,1982,22734,10274,992,707,8575
"Korea, South",43001,2023-05,47827,21893,4685,1468,19781,5920,274,657,4989,38573,15994,4703,1283,16593,8641,897,939,6805
"Korea, South",43001,2023-04,34770,13283,4890,1396,15201,7586,696,442,6448,35185,12946,5038,2045,15156,7876,280,1774,5822
"Korea, South",43001,2023-03,45275,17513,4501,3171,20090,8572,812,509,7251,42772,16859,4185,2249,19479,8817,334,235,8248
"Korea, South",43001,2023-02,40583,11872,4664,1926,22121,7896,252,734,6910,29966,5592,4237,2616,17521,7664,905,466,6293
Kuwait,43109,2026-02,37462,7849,2456,10869,16288,432,n.a.,n.a.,n.a.,38784,9695,2405,10031,16653,174,n.a.,n.a.,n.a.
Kuwait,43109,2026-01,35588,10257,2549,10063,12719,588,n.a.,n.a.,n.a.,35123,9540,2920,9730,12933,190,n.a.,n.a.,n.a.
Kuwait,43109,2025-12,36468,10537,2275,8868,14788,425,n.a.,n.a.,n.a.,34672,9094,2345,8076,15157,364,n.a.,n.a.,n.a.
Kuwait,43109,2025-11,34621,10687,2465,12048,9421,352,n.a.,n.a.,n.a.,39495,7344,2409,8951,20791,415,n.a.,n.a.,n.a.
Kuwait,43109,2025-10,37586,9611,2644,12029,13302,394,n.a.,n.a.,n.a.,36356,8869,2596,11330,13561,2289,n.a.,n.a.,n.a.
Kuwait,43109,2025-09,36890,8827,2221,11778,14064,183,n.a.,n.a.,n.a.,38822,8750,2243,11311,16518,177,n.a.,n.a.,n.a.
Kuwait,43109,2025-08,32375,8046,2402,9513,12414,141,n.a.,n.a.,n.a.,34925,7806,2397,8432,16290,175,n.a.,n.a.,n.a.
Kuwait,43109,2025-07,33632,8886,2392,13523,8831,117,n.a.,n.a.,n.a.,36629,8047,2508,10416,15658,230,n.a.,n.a.,n.a.
Kuwait,43109,2025-06,34992,7358,2842,10862,13930,129,n.a.,n.a.,n.a.,32311,6401,2785,9852,13273,197,n.a.,n.a.,n.a.
Kuwait,43109,2025-05,44005,12512,2780,10731,17982,167,n.a.,n.a.,n.a.,38232,8719,2861,8558,18094,213,n.a.,n.a.,n.a.
Kuwait,43109,2025-04,38609,11851,3048,12414,11296,158,n.a.,n.a.,n.a.,40670,9324,3091,10119,18136,218,n.a.,n.a.,n.a.
Kuwait,43109,2025-03,39716,9199,2722,9967,17828,160,n.a.,n.a.,n.a.,37174,7638,2638,9108,17790,246,n.a.,n.a.,n.a.
Kuwait,43109,2025-02,33914,6291,4104,7897,15622,42,n.a.,n.a.,n.a.,38013,7402,4010,8068,18533,172,n.a.,n.a.,n.a.
Kuwait,43109,2025-01,29082,6788,4584,6982,10728,39,n.a.,n.a.,n.a.,32158,7970,4648,6597,12943,95,n.a.,n.a.,n.a.
Kuwait,43109,2024-12,30125,6258,3565,8428,11874,82,n.a.,n.a.,n.a.,29150,5256,3370,7924,12600,176,n.a.,n.a.,n.a.
Kuwait,43109,2024-11,29454,6155,3411,8937,10951,128,n.a.,n.a.,n.a.,30838,6500,3480,8605,12253,299,n.a.,n.a.,n.a.
Kuwait,43109,2024-10,39309,12547,4434,12445,9883,106,n.a.,n.a.,n.a.,38352,8498,4063,7635,18156,225,n.a.,n.a.,n.a.
Kuwait,43109,2024-09,31702,7784,4716,6984,12218,88,n.a.,n.a.,n.a.,31931,7635,4799,7578,11919,238,n.a.,n.a.,n.a.
Kuwait,43109,2024-08,33680,9188,3539,6372,14581,65,n.a.,n.a.,n.a.,35056,10052,3537,6211,15256,149,n.a.,n.a.,n.a.
Kuwait,43109,2024-07,31840,7148,3607,5896,15189,69,n.a.,n.a.,n.a.,31315,6547,3401,5494,15873,100,n.a.,n.a.,n.a.
Kuwait,43109,2024-06,30721,6249,3211,5431,15830,133,n.a.,n.a.,n.a.,31545,7026,3167,5152,16200,254,n.a.,n.a.,n.a.
Kuwait,43109,2024-05,30482,6697,4001,5143,14641,74,n.a.,n.a.,n.a.,32722,6751,4084,4940,16947,127,n.a.,n.a.,n.a.
Kuwait,43109,2024-04,23088,5728,3567,5857,7936,149,n.a.,n.a.,n.a.,22920,5617,3478,5685,8140,111,n.a.,n.a.,n.a.
Kuwait,43109,2024-03,28099,5670,3802,5864,12763,129,n.a.,n.a.,n.a.,26343,5238,3536,5192,12377,184,n.a.,n.a.,n.a.
Kuwait,43109,2024-02,26819,6202,3515,5903,11199,83,n.a.,n.a.,n.a.,26528,6036,3403,5424,11665,143,n.a.,n.a.,n.a.
Kuwait,43109,2024-01,20133,4623,3432,5537,6541,52,n.a.,n.a.,n.a.,22520,5405,3494,6242,7379,389,n.a.,n.a.,n.a.
Kuwait,43109,2023-12,27274,8432,2912,5139,10791,88,n.a.,n.a.,n.a.,23424,5299,2467,4672,10986,129,n.a.,n.a.,n.a.
Kuwait,43109,2023-11,21194,5798,2152,4137,9107,57,n.a.,n.a.,n.a.,18655,4347,2045,3745,8518,70,n.a.,n.a.,n.a.
Kuwait,43109,2023-10,19201,5393,2120,3999,7689,69,n.a.,n.a.,n.a.,20718,6529,2302,3669,8218,72,n.a.,n.a.,n.a.
Kuwait,43109,2023-09,17717,3903,2406,3165,8243,145,n.a.,n.a.,n.a.,17906,3933,1869,3124,8980,89,n.a.,n.a.,n.a.
Kuwait,43109,2023-08,18664,3455,1788,3514,9907,61,n.a.,n.a.,n.a.,17113,3376,1613,3321,8803,83,n.a.,n.a.,n.a.
Kuwait,43109,2023-07,20780,4321,1327,3414,11718,54,n.a.,n.a.,n.a.,21737,4249,1103,3677,12708,136,n.a.,n.a.,n.a.
Kuwait,43109,2023-06,18342,1943,1690,3698,11011,296,n.a.,n.a.,n.a.,18811,2340,1447,3790,11234,101,n.a.,n.a.,n.a.
Kuwait,43109,2023-05,19644,3808,1638,3998,10200,152,n.a.,n.a.,n.a.,18069,3559,1466,3422,9622,322,n.a.,n.a.,n.a.
Kuwait,43109,2023-04,16272,2551,1568,3926,8227,200,n.a.,n.a.,n.a.,14559,1488,1483,3265,8323,96,n.a.,n.a.,n.a.
Kuwait,43109,2023-03,25142,4194,1967,4747,14234,292,n.a.,n.a.,n.a.,25697,3943,2266,3930,15558,315,n.a.,n.a.,n.a.
Kuwait,43109,2023-02,20373,4170,1988,3096,11119,144,n.a.,n.a.,n.a.,18605,5093,1845,3416,8251,119,n.a.,n.a.,n.a.
Lebanon,43419,2026-02,391,314,0,1,76,20,17,3,0,77,0,0,0,77,72,72,0,0
Lebanon,43419,2026-01,80,1,0,2,77,79,63,16,0,74,0,0,1,73,145,133,12,0
Lebanon,43419,2025-12,104,2,0,0,102,12,12,0,0,107,2,0,0,105,10,10,0,0
Lebanon,43419,2025-11,101,7,0,0,94,37,37,0,0,92,0,0,0,92,33,32,1,0
Lebanon,43419,2025-10,130,1,0,0,129,24,24,0,0,119,0,0,0,119,42,41,1,0
Lebanon,43419,2025-09,169,1,0,0,168,35,29,6,0,165,0,0,0,165,55,45,10,0
Lebanon,43419,2025-08,79,6,0,1,72,27,25,2,0,73,0,0,3,70,31,29,2,0
Lebanon,43419,2025-07,48,9,0,3,36,14,14,0,0,41,0,0,0,41,16,14,2,0
Lebanon,43419,2025-06,75,2,0,1,72,43,37,6,0,76,2,0,0,74,44,44,0,0
Lebanon,43419,2025-05,72,5,0,1,66,52,52,0,0,70,1,0,0,69,27,23,4,0
Lebanon,43419,2025-04,67,2,0,1,64,93,72,21,0,63,0,0,0,63,108,87,21,0
Lebanon,43419,2025-03,92,3,0,0,89,19,19,0,0,91,0,0,1,90,18,18,0,0
Lebanon,43419,2025-02,137,3,0,0,134,41,40,1,0,129,0,0,0,129,67,66,1,0
Lebanon,43419,2025-01,25,1,0,1,23,25,25,0,0,37,2,0,0,35,53,53,0,0
Lebanon,43419,2024-12,58,2,0,3,53,26,21,5,0,50,4,1,2,43,38,33,5,0
Lebanon,43419,2024-11,161,1,0,1,159,4,4,0,0,160,2,0,1,157,3,3,0,0
Lebanon,43419,2024-10,276,3,0,0,273,40,34,6,0,257,0,0,0,257,36,30,6,0
Lebanon,43419,2024-09,71,2,0,4,65,10,6,4,0,62,2,0,0,60,6,2,4,0
Lebanon,43419,2024-08,56,8,0,1,47,1,1,0,0,44,7,0,0,37,1,1,0,0
Lebanon,43419,2024-07,143,1,0,0,142,9,9,0,0,153,0,0,0,153,8,8,0,0
Lebanon,43419,2024-06,126,2,0,2,122,2,1,1,0,110,0,0,0,110,2,1,1,0
Lebanon,43419,2024-05,136,6,0,1,129,12,12,0,0,130,1,0,0,129,17,17,0,0
Lebanon,43419,2024-04,119,1,0,1,117,2,2,0,0,106,1,0,0,105,1,1,0,0
Lebanon,43419,2024-03,83,0,0,1,82,14,14,0,0,74,1,0,0,73,21,21,0,0
Lebanon,43419,2024-02,176,6,0,0,170,2,2,0,0,162,1,0,0,161,1,1,0,0
Lebanon,43419,2024-01,161,2,0,3,156,1,1,0,0,148,0,0,0,148,1,1,0,0
Lebanon,43419,2023-12,124,0,0,1,123,2,2,0,0,119,2,0,0,117,1,1,0,0
Lebanon,43419,2023-11,66,0,0,0,66,0,0,0,0,68,0,0,0,68,0,0,0,0
Lebanon,43419,2023-10,78,0,0,0,78,4,4,0,0,72,0,0,0,72,1,1,0,0
Lebanon,43419,2023-09,39,0,0,0,39,11,11,0,0,50,7,0,0,43,3,3,0,0
Lebanon,43419,2023-08,53,1,0,0,52,3,3,0,0,42,0,0,0,42,1,1,0,0
Lebanon,43419,2023-07,68,0,0,0,68,7,7,0,0,61,1,0,0,60,4,4,0,0
Lebanon,43419,2023-06,72,1,0,2,69,23,23,0,0,65,1,0,0,64,6,6,0,0
Lebanon,43419,2023-05,36,2,0,0,34,2,2,0,0,28,1,0,0,27,18,18,0,0
Lebanon,43419,2023-04,26,0,0,0,26,0,0,0,0,18,0,0,0,18,1,1,0,0
Lebanon,43419,2023-03,38,0,0,0,38,3,3,0,0,26,0,0,0,26,2,2,0,0
Lebanon,43419,2023-02,54,5,0,0,49,3,3,0,0,43,0,0,0,43,4,4,0,0
Malaysia,43605,2026-02,4193,323,153,22,3695,1164,282,289,593,5833,894,169,41,4729,1670,635,238,797
Malaysia,43605,2026-01,4516,315,32,61,4108,1260,503,279,478,5487,449,235,134,4669,1814,587,254,973
Malaysia,43605,2025-12,5318,1234,583,97,3404,1015,281,310,424,3810,175,236,33,3366,1300,321,294,685
Malaysia,43605,2025-11,6142,377,472,74,5219,1028,214,239,575,5661,158,405,12,5086,1349,324,187,838
Malaysia,43605,2025-10,6114,1117,321,30,4646,1549,550,468,531,6027,530,642,49,4806,1278,281,342,655
Malaysia,43605,2025-09,7059,2389,83,15,4572,1191,394,296,501,6464,1335,335,39,4755,1640,627,248,765
Malaysia,43605,2025-08,5928,1436,660,22,3810,1256,318,316,622,5400,603,177,445,4175,1081,279,214,588
Malaysia,43605,2025-07,6625,1360,136,28,5101,1382,434,435,513,5333,37,171,18,5107,1173,292,320,561
Malaysia,43605,2025-06,6461,126,76,103,6156,1343,229,231,883,5402,127,175,80,5020,1168,394,212,562
Malaysia,43605,2025-05,5479,1249,260,35,3935,1674,499,735,440,3544,103,185,24,3232,1696,577,579,540
Malaysia,43605,2025-04,4136,1406,398,57,2275,1839,649,568,622,2700,138,161,27,2374,3123,899,1751,473
Malaysia,43605,2025-03,4222,333,180,73,3636,1884,425,619,840,2716,407,136,27,2146,1621,468,457,696
Malaysia,43605,2025-02,4584,390,0,20,4174,1040,192,192,656,4804,632,131,12,4029,832,214,145,473
Malaysia,43605,2025-01,4330,572,144,135,3479,957,214,72,671,3944,89,146,404,3305,807,197,68,542
Malaysia,43605,2024-12,5358,35,0,142,5181,925,181,127,617,6384,1577,152,55,4600,953,226,170,557
Malaysia,43605,2024-11,4086,119,0,24,3943,977,208,152,617,4507,735,183,21,3568,1431,429,178,824
Malaysia,43605,2024-10,5537,894,1596,22,3025,1138,308,200,630,3500,97,873,45,2485,1477,251,209,1017
Malaysia,43605,2024-09,3547,515,545,50,2437,1355,420,196,739,3099,144,219,131,2605,1625,202,109,1314
Malaysia,43605,2024-08,6072,301,1340,81,4350,831,248,92,491,4179,153,640,75,3311,1328,292,69,967
Malaysia,43605,2024-07,3988,201,440,139,3208,753,216,188,349,3662,50,144,43,3425,1151,377,143,631
Malaysia,43605,2024-06,3055,113,15,42,2885,938,361,92,485,2974,137,155,24,2658,1323,344,96,883
Malaysia,43605,2024-05,2164,321,349,24,1470,709,172,137,400,1174,16,147,37,974,1075,345,118,612
Malaysia,43605,2024-04,3187,309,11,35,2832,941,256,261,424,2734,21,138,80,2495,825,217,198,410
Malaysia,43605,2024-03,4464,245,7,43,4169,1291,285,205,801,5856,634,335,77,4810,1397,319,150,928
Malaysia,43605,2024-02,5015,703,204,27,4081,768,221,179,368,3686,49,124,64,3449,982,260,196,526
Malaysia,43605,2024-01,3289,134,90,29,3036,761,81,306,374,3994,87,124,10,3773,1006,356,296,354
Malaysia,43605,2023-12,4497,822,603,83,2989,719,214,91,414,4590,1494,122,131,2843,1036,431,116,489
Malaysia,43605,2023-11,2433,156,48,108,2121,583,148,169,266,1947,50,132,100,1665,794,269,225,300
Malaysia,43605,2023-10,2439,189,11,126,2113,697,245,86,366,2115,50,132,81,1852,792,144,97,551
Malaysia,43605,2023-09,2098,116,5,26,1951,873,265,54,554,2359,198,160,29,1972,819,149,61,609
Malaysia,43605,2023-08,3498,728,339,108,2323,470,144,51,275,2634,61,142,8,2423,674,239,70,365
Malaysia,43605,2023-07,3813,244,15,53,3501,768,447,116,205,2936,27,158,38,2713,941,479,102,360
Malaysia,43605,2023-06,3368,170,3,174,3021,1010,391,83,536,3458,16,153,38,3251,1035,335,109,591
Malaysia,43605,2023-05,4367,964,239,110,3054,739,361,127,251,3484,379,249,84,2772,942,385,250,307
Malaysia,43605,2023-04,3146,229,537,24,2356,932,385,237,310,2932,387,140,112,2293,906,477,120,309
Malaysia,43605,2023-03,4641,334,745,36,3526,1293,361,170,762,2680,124,115,125,2316,1610,725,140,745
Malaysia,43605,2023-02,8363,2737,1417,93,4116,1001,243,126,632,1896,73,110,28,1685,1270,609,234,427
Pakistan,44709,2026-02,28,n.a.,n.a.,n.a.,n.a.,117,102,0,15,28,n.a.,n.a.,n.a.,n.a.,112,106,1,5
Pakistan,44709,2026-01,13,n.a.,n.a.,n.a.,n.a.,79,52,0,27,12,n.a.,n.a.,n.a.,n.a.,165,131,1,33
Pakistan,44709,2025-12,15,n.a.,n.a.,n.a.,n.a.,93,56,0,37,19,n.a.,n.a.,n.a.,n.a.,162,127,1,34
Pakistan,44709,2025-11,7,n.a.,n.a.,n.a.,n.a.,81,64,5,12,8,n.a.,n.a.,n.a.,n.a.,153,136,11,6
Pakistan,44709,2025-10,9,n.a.,n.a.,n.a.,n.a.,115,90,2,23,11,n.a.,n.a.,n.a.,n.a.,174,163,4,7
Pakistan,44709,2025-09,6,n.a.,n.a.,n.a.,n.a.,197,171,3,23,6,n.a.,n.a.,n.a.,n.a.,194,170,9,15
Pakistan,44709,2025-08,9,n.a.,n.a.,n.a.,n.a.,164,119,18,27,10,n.a.,n.a.,n.a.,n.a.,102,81,7,14
Pakistan,44709,2025-07,19,n.a.,n.a.,n.a.,n.a.,155,139,2,14,20,n.a.,n.a.,n.a.,n.a.,139,135,1,3
Pakistan,44709,2025-06,15,n.a.,n.a.,n.a.,n.a.,87,71,7,9,16,n.a.,n.a.,n.a.,n.a.,76,68,0,8
Pakistan,44709,2025-05,7,n.a.,n.a.,n.a.,n.a.,230,203,2,25,8,n.a.,n.a.,n.a.,n.a.,182,167,3,12
Pakistan,44709,2025-04,7,n.a.,n.a.,n.a.,n.a.,95,83,1,11,6,n.a.,n.a.,n.a.,n.a.,118,99,1,18
Pakistan,44709,2025-03,6,n.a.,n.a.,n.a.,n.a.,124,119,0,5,11,n.a.,n.a.,n.a.,n.a.,60,56,0,4
Pakistan,44709,2025-02,3,n.a.,n.a.,n.a.,n.a.,86,83,0,3,9,n.a.,n.a.,n.a.,n.a.,99,90,2,7
Pakistan,44709,2025-01,3,n.a.,n.a.,n.a.,n.a.,67,51,0,16,3,n.a.,n.a.,n.a.,n.a.,93,69,3,21
Pakistan,44709,2024-12,5,n.a.,n.a.,n.a.,n.a.,54,29,0,25,5,n.a.,n.a.,n.a.,n.a.,62,37,0,25
Pakistan,44709,2024-11,3,n.a.,n.a.,n.a.,n.a.,81,45,0,36,4,n.a.,n.a.,n.a.,n.a.,64,51,0,13
Pakistan,44709,2024-10,1,n.a.,n.a.,n.a.,n.a.,159,72,1,86,3,n.a.,n.a.,n.a.,n.a.,94,80,0,14
Pakistan,44709,2024-09,2,n.a.,n.a.,n.a.,n.a.,199,116,2,81,6,n.a.,n.a.,n.a.,n.a.,197,184,0,13
Pakistan,44709,2024-08,2,n.a.,n.a.,n.a.,n.a.,41,35,1,5,3,n.a.,n.a.,n.a.,n.a.,62,57,1,4
Pakistan,44709,2024-07,4,n.a.,n.a.,n.a.,n.a.,103,85,11,7,7,n.a.,n.a.,n.a.,n.a.,84,62,14,8
Pakistan,44709,2024-06,4,n.a.,n.a.,n.a.,n.a.,78,56,0,22,5,n.a.,n.a.,n.a.,n.a.,68,59,0,9
Pakistan,44709,2024-05,4,n.a.,n.a.,n.a.,n.a.,80,59,1,20,3,n.a.,n.a.,n.a.,n.a.,109,79,1,29
Pakistan,44709,2024-04,1,n.a.,n.a.,n.a.,n.a.,111,107,0,4,1,n.a.,n.a.,n.a.,n.a.,89,87,1,1
Pakistan,44709,2024-03,8,n.a.,n.a.,n.a.,n.a.,128,120,6,2,7,n.a.,n.a.,n.a.,n.a.,122,117,1,4
Pakistan,44709,2024-02,6,n.a.,n.a.,n.a.,n.a.,151,140,2,9,6,n.a.,n.a.,n.a.,n.a.,110,98,0,12
Pakistan,44709,2024-01,5,n.a.,n.a.,n.a.,n.a.,138,97,0,41,6,n.a.,n.a.,n.a.,n.a.,90,83,0,7
Pakistan,44709,2023-12,4,n.a.,n.a.,n.a.,n.a.,97,71,3,23,3,n.a.,n.a.,n.a.,n.a.,88,42,3,43
Pakistan,44709,2023-11,2,n.a.,n.a.,n.a.,n.a.,58,48,0,10,3,n.a.,n.a.,n.a.,n.a.,76,48,2,26
Pakistan,44709,2023-10,2,n.a.,n.a.,n.a.,n.a.,41,35,2,4,2,n.a.,n.a.,n.a.,n.a.,43,34,1,8
Pakistan,44709,2023-09,2,n.a.,n.a.,n.a.,n.a.,57,36,2,19,3,n.a.,n.a.,n.a.,n.a.,32,21,2,9
Pakistan,44709,2023-08,1,n.a.,n.a.,n.a.,n.a.,76,70,0,6,1,n.a.,n.a.,n.a.,n.a.,82,77,0,5
Pakistan,44709,2023-07,3,n.a.,n.a.,n.a.,n.a.,88,84,0,4,3,n.a.,n.a.,n.a.,n.a.,74,67,0,7
Pakistan,44709,2023-06,1,n.a.,n.a.,n.a.,n.a.,128,123,1,4,1,n.a.,n.a.,n.a.,n.a.,81,78,0,3
Pakistan,44709,2023-05,3,n.a.,n.a.,n.a.,n.a.,46,35,3,8,5,n.a.,n.a.,n.a.,n.a.,71,61,3,7
Pakistan,44709,2023-04,0,n.a.,n.a.,n.a.,n.a.,39,34,4,1,0,n.a.,n.a.,n.a.,n.a.,27,22,2,3
Pakistan,44709,2023-03,2,n.a.,n.a.,n.a.,n.a.,150,123,11,16,2,n.a.,n.a.,n.a.,n.a.,144,121,9,14
Pakistan,44709,2023-02,5,n.a.,n.a.,n.a.,n.a.,84,74,3,7,9,n.a.,n.a.,n.a.,n.a.,49,29,7,13
Philippines,44806,2026-02,11447,11374,23,10,40,1108,753,31,324,15918,15735,21,68,94,1330,800,33,497
Philippines,44806,2026-01,8563,8468,19,27,49,1384,959,113,312,8177,8050,22,19,86,2051,1579,62,410
Philippines,44806,2025-12,8829,8630,33,83,83,968,643,11,314,8876,8765,22,19,70,1230,885,16,329
Philippines,44806,2025-11,9637,9445,23,126,43,1102,685,11,406,9475,9369,13,58,35,1370,918,13,439
Philippines,44806,2025-10,13113,13006,47,22,38,1363,933,15,415,11511,11350,52,53,56,1255,809,9,437
Philippines,44806,2025-09,8749,8642,6,50,51,1136,757,33,346,8675,8438,8,36,193,1162,663,34,465
Philippines,44806,2025-08,15098,14986,24,54,34,911,552,65,294,12864,12609,37,125,93,960,593,33,334
Philippines,44806,2025-07,19473,19222,62,121,68,1396,744,83,569,17881,17716,50,38,77,1385,792,75,518
Philippines,44806,2025-06,17498,17378,33,34,53,1134,633,57,444,18583,18459,19,36,69,1179,796,50,333
Philippines,44806,2025-05,11015,10909,27,52,27,1268,857,53,358,10749,10648,37,13,51,1654,1188,72,394
Philippines,44806,2025-04,16343,16026,51,70,196,1635,1111,59,465,16178,16081,18,33,46,1307,933,93,281
Philippines,44806,2025-03,17087,16857,111,20,99,1491,1044,84,363,16279,16128,59,24,68,1198,786,51,361
Philippines,44806,2025-02,10719,10410,10,51,248,1306,929,25,352,9229,9096,54,23,56,2680,1882,43,755
Philippines,44806,2025-01,14638,14372,41,19,206,860,578,67,215,19721,19446,40,7,228,760,495,21,244
Philippines,44806,2024-12,8394,8325,3,8,58,737,297,64,376,10247,10149,21,30,47,843,510,23,310
Philippines,44806,2024-11,8150,8070,9,7,64,1190,812,28,350,7449,7326,22,26,75,1123,817,22,284
Philippines,44806,2024-10,15718,15567,41,69,41,1278,774,133,371,15326,15233,21,22,50,1109,656,67,386
Philippines,44806,2024-09,21954,21869,36,7,42,1049,669,66,314,20343,20197,66,36,44,1607,1106,39,462
Philippines,44806,2024-08,18974,18867,40,33,34,885,636,49,200,17762,17678,18,16,50,871,467,71,333
Philippines,44806,2024-07,16682,16608,24,13,37,906,666,24,216,15176,15049,18,72,37,1207,764,30,413
Philippines,44806,2024-06,11085,10987,33,20,45,721,379,31,311,9728,9652,11,15,50,760,425,49,286
Philippines,44806,2024-05,11437,11343,39,31,24,885,516,69,300,10269,10190,29,22,28,1356,970,96,290
Philippines,44806,2024-04,12004,11880,26,52,46,550,245,115,190,14690,14598,30,29,33,571,216,68,287
Philippines,44806,2024-03,13725,13557,13,99,56,1103,495,52,556,11358,11235,18,68,37,1113,513,172,428
Philippines,44806,2024-02,12581,12458,44,48,31,861,492,100,269,11381,11300,18,32,31,898,519,56,323
Philippines,44806,2024-01,10506,10376,69,39,22,733,494,53,186,10186,10092,27,34,33,848,426,56,366
Philippines,44806,2023-12,9555,9452,19,42,42,561,277,54,230,9352,9243,31,16,62,669,304,123,242
Philippines,44806,2023-11,14017,13865,44,38,70,468,208,79,181,9969,9827,73,16,53,514,171,95,248
Philippines,44806,2023-10,13729,13648,37,18,26,573,169,133,271,11942,11787,90,20,45,541,212,55,274
Philippines,44806,2023-09,12131,11997,80,18,36,637,266,26,345,11646,11501,35,19,91,481,231,10,240
Philippines,44806,2023-08,13475,13415,2,39,19,470,184,50,236,13746,13333,3,41,369,444,223,11,210
Philippines,44806,2023-07,11547,11446,4,29,68,572,350,37,185,10850,10681,1,21,147,692,443,33,216
Philippines,44806,2023-06,10221,10106,17,42,56,843,439,22,382,9952,9805,27,46,74,596,239,18,339
Philippines,44806,2023-05,10653,10586,1,35,31,702,435,12,255,9609,9476,23,29,81,760,246,213,301
Philippines,44806,2023-04,7702,7618,10,21,53,909,326,234,349,7533,7460,19,24,30,679,288,44,347
Philippines,44806,2023-03,15775,15654,0,34,87,1529,893,31,605,15943,15871,10,29,33,998,466,10,522
Philippines,44806,2023-02,10905,10827,0,48,30,1041,622,10,409,9941,9722,4,37,178,1124,700,33,391
Saudi Arabia,45608,2026-02,8782,2978,133,995,4676,2194,769,270,1155,29700,4141,465,1284,23810,4038,750,1462,1826
Saudi Arabia,45608,2026-01,7950,3218,38,998,3696,2174,783,372,1019,8214,4018,41,624,3531,4583,2680,358,1545
Saudi Arabia,45608,2025-12,12067,5402,29,523,6113,1331,251,232,848,10517,5005,24,597,4891,1464,142,151,1171
Saudi Arabia,45608,2025-11,8731,3537,51,764,4379,2704,440,454,1810,19500,3224,22,637,15617,3214,134,172,2908
Saudi Arabia,45608,2025-10,11120,4752,737,1086,4545,1730,574,221,935,9890,4547,51,669,4623,1973,238,152,1583
Saudi Arabia,45608,2025-09,12440,5145,21,735,6539,1766,269,389,1108,11937,4550,348,740,6299,2100,214,264,1622
Saudi Arabia,45608,2025-08,10352,4984,45,585,4738,1689,293,339,1057,10626,4875,8,539,5204,1568,132,145,1291
Saudi Arabia,45608,2025-07,10081,4464,225,1319,4073,2041,494,477,1070,9888,3244,427,972,5245,2248,340,287,1621
Saudi Arabia,45608,2025-06,10817,3744,335,691,6047,2379,623,514,1242,11068,2870,43,685,7470,4328,198,2202,1928
Saudi Arabia,45608,2025-05,10619,4931,30,1011,4647,2071,823,339,909,29190,8260,2173,2687,16070,1540,387,155,998
Saudi Arabia,45608,2025-04,8572,3785,169,812,3806,2400,1024,181,1195,7095,2171,113,822,3989,1338,369,58,911
Saudi Arabia,45608,2025-03,13014,5643,32,1009,6330,2439,654,203,1582,14414,6976,1238,1838,4362,2564,957,118,1489
Saudi Arabia,45608,2025-02,8918,3094,11,773,5040,1511,591,190,730,12931,5246,1182,1661,4842,1702,374,154,1174
Saudi Arabia,45608,2025-01,9111,3506,667,605,4333,1989,699,578,712,15750,9931,1077,688,4054,5378,3678,516,1184
Saudi Arabia,45608,2024-12,10330,3400,543,454,5933,1572,310,279,983,9017,3490,65,526,4936,2156,167,289,1700
Saudi Arabia,45608,2024-11,9101,4225,110,676,4090,2063,274,401,1388,12133,4214,153,550,7216,2192,156,224,1812
Saudi Arabia,45608,2024-10,13744,8046,278,759,4661,2384,509,388,1487,12234,7843,164,726,3501,2094,194,152,1748
Saudi Arabia,45608,2024-09,11348,3912,453,902,6081,1876,546,188,1142,9922,3721,510,924,4767,2566,148,171,2247
Saudi Arabia,45608,2024-08,8574,2727,109,856,4882,1332,389,176,767,8331,2493,180,718,4940,1645,222,197,1226
Saudi Arabia,45608,2024-07,8505,4666,156,776,2907,1602,556,368,678,8727,4218,165,639,3705,4059,253,2717,1089
Saudi Arabia,45608,2024-06,9072,4559,33,601,3879,1792,488,27,1277,7301,3411,70,545,3275,3010,214,13,2783
Saudi Arabia,45608,2024-05,7015,2762,137,601,3515,1581,487,73,1021,6718,2578,98,617,3425,1132,229,35,868
Saudi Arabia,45608,2024-04,9769,5780,198,731,3060,1505,452,134,919,8575,5385,124,677,2389,1137,153,54,930
Saudi Arabia,45608,2024-03,14723,4826,360,2005,7532,2372,898,70,1404,8064,3978,79,651,3356,2352,591,49,1712
Saudi Arabia,45608,2024-02,12534,4568,581,1718,5667,1635,628,197,810,12339,6467,195,1731,3946,2105,861,65,1179
Saudi Arabia,45608,2024-01,27033,7572,4107,4231,11123,1882,619,165,1098,20480,6312,91,637,13440,6400,4984,163,1253
Saudi Arabia,45608,2023-12,8344,3307,243,277,4517,1235,331,39,865,7726,2833,69,317,4507,1264,218,51,995
Saudi Arabia,45608,2023-11,11223,3822,93,492,6816,1257,385,73,799,11789,2871,1,382,8535,1289,179,66,1044
Saudi Arabia,45608,2023-10,7623,5240,262,298,1823,1703,323,106,1274,6623,4981,21,229,1392,1505,138,94,1273
Saudi Arabia,45608,2023-09,12589,9475,19,419,2676,1633,419,53,1161,10863,6055,7,336,4465,1390,95,33,1262
Saudi Arabia,45608,2023-08,11339,8409,69,260,2601,1245,190,69,986,12421,8640,21,296,3464,1695,186,28,1481
Saudi Arabia,45608,2023-07,11645,5350,138,498,5659,1016,209,104,703,10969,5166,101,322,5380,1557,148,61,1348
Saudi Arabia,45608,2023-06,12314,8879,177,424,2834,1472,388,128,956,13349,7268,12,471,5598,1557,153,34,1370
Saudi Arabia,45608,2023-05,11708,8805,99,791,2013,1337,363,180,794,11733,8129,71,436,3097,1906,144,492,1270
Saudi Arabia,45608,2023-04,11200,7805,785,544,2066,1382,288,539,555,14042,11138,661,614,1629,1162,174,157,831
Saudi Arabia,45608,2023-03,16786,10598,339,712,5137,2392,969,104,1319,14749,8660,47,546,5496,2342,379,473,1490
Saudi Arabia,45608,2023-02,18852,14444,963,685,2760,2005,558,286,1161,18486,14906,802,559,2219,1848,612,180,1056
Singapore,46019,2026-02,282409,212237,3857,4860,61455,9377,344,3009,6024,277310,214637,1372,5358,55943,8323,350,2611,5362
Singapore,46019,2026-01,374199,306567,2935,5705,58992,8231,30,2479,5722,380544,313654,1763,4103,61024,9103,452,2560,6091
Singapore,46019,2025-12,367823,285061,3952,4488,74322,16392,927,3877,11588,338545,279589,1580,3109,54267,15613,569,2202,12842
Singapore,46019,2025-11,309053,247940,5312,5387,50414,10969,598,2557,7814,300087,250046,1226,4416,44399,10520,188,3041,7291
Singapore,46019,2025-10,355265,286229,6916,4943,57177,10575,185,2379,8011,330539,273173,353,4118,52895,10138,117,2286,7735
Singapore,46019,2025-09,268591,201211,6615,6869,53896,11111,141,3100,7870,262768,208359,3144,4316,46949,10212,417,2844,6951
Singapore,46019,2025-08,311779,259956,3364,6827,41632,9983,554,1971,7458,297309,256423,522,2933,37431,9461,369,2191,6901
Singapore,46019,2025-07,367634,316973,2762,4297,43602,9451,328,2261,6862,361194,317880,519,3515,39280,10938,333,2290,8315
Singapore,46019,2025-06,383887,304253,914,3550,75170,11118,549,2570,7999,346158,299598,743,2597,43220,10647,512,2291,7844
Singapore,46019,2025-05,360430,301945,477,4556,53452,10690,756,4686,5248,346730,297732,238,3452,45308,10766,1951,3321,5494
Singapore,46019,2025-04,471918,406374,1290,4285,59969,9881,562,3365,5954,490532,412779,435,5692,71626,11809,2604,3600,5605
Singapore,46019,2025-03,386564,324868,861,5651,55184,8693,253,2899,5541,373035,322494,334,4948,45259,8011,187,3157,4667
Singapore,46019,2025-02,337747,289430,1938,3853,42526,7228,160,2671,4397,337456,283643,1531,3557,48725,7150,114,2499,4537
Singapore,46019,2025-01,386764,334734,2577,3564,45889,6961,132,2315,4514,383456,334613,839,3128,44876,6587,139,2449,3999
Singapore,46019,2024-12,356735,296312,1553,4465,54405,7174,78,2155,4941,342801,294932,518,2524,44827,7077,226,2094,4757
Singapore,46019,2024-11,331993,277939,2043,3859,48152,10606,86,3140,7380,318044,269605,641,4020,43778,12478,215,2900,9363
Singapore,46019,2024-10,360049,311882,2046,4962,41159,7537,177,3227,4133,353289,308632,532,3538,40587,7511,90,3127,4294
Singapore,46019,2024-09,324067,270525,1164,5083,47295,9110,113,3066,5931,303097,264192,408,2958,35539,10487,57,2959,7471
Singapore,46019,2024-08,327301,280840,934,4235,41292,6656,163,2310,4183,318244,278750,524,3886,35084,5986,141,2240,3605
Singapore,46019,2024-07,334707,290519,1576,3664,38948,7909,313,2562,5034,322185,282345,690,2839,36311,7425,117,2341,4967
Singapore,46019,2024-06,264992,217004,1069,3990,42929,9518,230,2767,6521,251917,214940,670,3700,32607,9221,483,2700,6038
Singapore,46019,2024-05,278180,237275,1510,5161,34234,10302,59,3523,6720,266997,233090,693,2829,30385,10350,233,3440,6677
Singapore,46019,2024-04,253923,209808,983,5180,37952,8716,304,3497,4915,242493,203615,705,2784,35389,7668,151,3242,4275
Singapore,46019,2024-03,231820,186503,1149,3858,40310,9813,56,4552,5205,221962,184657,713,2023,34569,9863,141,4569,5153
Singapore,46019,2024-02,264318,218845,1474,7503,36496,13505,81,8638,4786,254290,216258,505,8489,29038,16091,37,11446,4608
Singapore,46019,2024-01,242779,207703,825,5877,28374,8108,85,3643,4380,233269,205428,741,4015,23085,8149,171,3714,4264
Singapore,46019,2023-12,238905,205115,604,4823,28363,8763,117,4045,4601,242906,207965,426,3355,31160,8360,97,4021,4242
Singapore,46019,2023-11,274084,248169,591,3223,22101,8851,253,3210,5388,278140,250658,509,1879,25094,7410,67,2876,4467
Singapore,46019,2023-10,254328,229470,783,3197,20878,8164,170,3320,4674,247497,222339,436,2090,22632,7830,31,3425,4374
Singapore,46019,2023-09,240138,211082,817,3497,24742,5699,183,2156,3360,231898,202967,435,2214,26282,6276,191,2495,3590
Singapore,46019,2023-08,246971,205901,826,4013,36231,8542,105,3962,4475,240077,206083,648,2018,31328,8615,59,4065,4491
Singapore,46019,2023-07,233627,202081,374,4860,26312,6942,78,3560,3304,226858,203475,432,3363,19588,8669,71,5360,3238
Singapore,46019,2023-06,216923,186849,907,3632,25535,9196,58,4823,4315,225504,197313,418,2028,25745,10658,214,5996,4448
Singapore,46019,2023-05,209889,184478,1260,3869,20282,12342,298,7548,4496,205559,180973,551,2791,21244,26959,205,22027,4727
Singapore,46019,2023-04,183457,155426,1395,5052,21584,4064,110,667,3287,173827,149829,655,2112,21231,3416,252,150,3014
Singapore,46019,2023-03,294925,246913,600,6384,41028,5173,104,318,4751,280824,246705,725,4423,28971,5327,160,215,4952
Singapore,46019,2023-02,225040,187951,917,6063,30109,4612,71,512,4029,211032,181220,425,2782,26605,4563,165,370,4028
Syria,46205,2026-02,0,0,0,0,0,0,0,0,0,0,0,0,0,0,0,0,0,0
Syria,46205,2026-01,0,0,0,0,0,0,0,0,0,0,0,0,0,0,0,0,0,0
Syria,46205,2025-12,0,0,0,0,0,0,0,0,0,0,0,0,0,0,0,0,0,0
Syria,46205,2025-11,0,0,0,0,0,0,0,0,0,0,0,0,0,0,0,0,0,0
Syria,46205,2025-10,0,0,0,0,0,0,0,0,0,0,0,0,0,0,0,0,0,0
Syria,46205,2025-09,0,0,0,0,0,0,0,0,0,0,0,0,0,0,0,0,0,0
Syria,46205,2025-08,0,0,0,0,0,0,0,0,0,0,0,0,0,0,0,0,0,0
Syria,46205,2025-07,0,0,0,0,0,0,0,0,0,0,0,0,0,0,0,0,0,0
Syria,46205,2025-06,0,0,0,0,0,0,0,0,0,0,0,0,0,0,0,0,0,0
Syria,46205,2025-05,0,0,0,0,0,0,0,0,0,0,0,0,0,0,0,0,0,0
Syria,46205,2025-04,0,0,0,0,0,0,0,0,0,0,0,0,0,0,0,0,0,0
Syria,46205,2025-03,0,0,0,0,0,0,0,0,0,0,0,0,0,0,0,0,0,0
Syria,46205,2025-02,0,0,0,0,0,0,0,0,0,0,0,0,0,0,0,0,0,0
Syria,46205,2025-01,0,0,0,0,0,0,0,0,0,0,0,0,0,0,0,0,0,0
Syria,46205,2024-12,0,0,0,0,0,0,0,0,0,0,0,0,0,0,0,0,0,0
Syria,46205,2024-11,0,0,0,0,0,0,0,0,0,0,0,0,0,0,0,0,0,0
Syria,46205,2024-10,0,0,0,0,0,0,0,0,0,0,0,0,0,0,0,0,0,0
Syria,46205,2024-09,0,0,0,0,0,0,0,0,0,0,0,0,0,0,0,0,0,0
Syria,46205,2024-08,0,0,0,0,0,0,0,0,0,0,0,0,0,0,0,0,0,0
Syria,46205,2024-07,0,0,0,0,0,0,0,0,0,0,0,0,0,0,0,0,0,0
Syria,46205,2024-06,0,0,0,0,0,0,0,0,0,0,0,0,0,0,0,0,0,0
Syria,46205,2024-05,0,0,0,0,0,0,0,0,0,0,0,0,0,0,0,0,0,0
Syria,46205,2024-04,0,0,0,0,0,0,0,0,0,0,0,0,0,0,0,0,0,0
Syria,46205,2024-03,0,0,0,0,0,0,0,0,0,0,0,0,0,0,0,0,0,0
Syria,46205,2024-02,0,0,0,0,0,0,0,0,0,0,0,0,0,0,0,0,0,0
Syria,46205,2024-01,0,0,0,0,0,0,0,0,0,0,0,0,0,0,0,0,0,0
Syria,46205,2023-12,0,0,0,0,0,0,0,0,0,0,0,0,0,0,0,0,0,0
Syria,46205,2023-11,0,0,0,0,0,0,0,0,0,0,0,0,0,0,0,0,0,0
Syria,46205,2023-10,0,0,0,0,0,0,0,0,0,0,0,0,0,0,0,0,0,0
Syria,46205,2023-09,0,0,0,0,0,0,0,0,0,0,0,0,0,0,0,0,0,0
Syria,46205,2023-08,0,0,0,0,0,0,0,0,0,0,0,0,0,0,0,0,0,0
Syria,46205,2023-07,0,0,0,0,0,0,0,0,0,0,0,0,0,0,0,0,0,0
Syria,46205,2023-06,0,0,0,0,0,0,0,0,0,0,0,0,0,0,0,0,0,0
Syria,46205,2023-05,0,0,0,0,0,0,0,0,0,0,0,0,0,0,0,0,0,0
Syria,46205,2023-04,0,0,0,0,0,0,0,0,0,0,0,0,0,0,0,0,0,0
Syria,46205,2023-03,0,0,0,0,0,0,0,0,0,0,0,0,0,0,0,0,0,0
Syria,46205,2023-02,0,0,0,0,0,0,0,0,0,0,0,0,0,0,0,0,0,0
Taiwan,46302,2026-02,29628,3228,2270,4260,19870,58949,0,12,58937,36871,9601,1088,4538,21644,59771,0,7,59764
Taiwan,46302,2026-01,36304,3459,2275,5413,25157,66922,0,9,66913,30388,2548,1153,4115,22572,69319,0,2,69317
Taiwan,46302,2025-12,29296,2847,2284,4669,19496,51175,0,10,51165,24548,1974,981,2322,19271,53191,0,3,53188
Taiwan,46302,2025-11,31645,3073,3021,3675,21876,62374,0,3,62371,34374,7326,1353,2862,22833,63740,0,22,63718
Taiwan,46302,2025-10,28850,1310,2447,2138,22955,58381,0,10,58371,28872,2029,1145,2234,23464,60348,0,47,60301
Taiwan,46302,2025-09,29608,3496,2594,4598,18920,54755,0,10,54745,25557,2295,1437,1778,20047,53871,0,2,53869
Taiwan,46302,2025-08,28094,2681,2288,2586,20539,40332,0,3,40329,25889,4837,1061,1684,18307,43574,0,2,43572
Taiwan,46302,2025-07,27255,4806,1222,3914,17313,42210,0,0,42210,20676,716,881,1477,17602,44184,0,0,44184
Taiwan,46302,2025-06,28509,3840,1513,2638,20518,40573,0,3,40570,21713,1253,1272,1988,17200,43389,0,6,43383
Taiwan,46302,2025-05,22982,4696,1628,2043,14615,34075,0,2,34073,27119,7208,1315,1564,17032,39148,0,3,39145
Taiwan,46302,2025-04,29974,4691,1932,1874,21477,38042,0,4,38038,26620,3862,1747,2476,18535,36365,0,2,36363
Taiwan,46302,2025-03,27344,4337,1949,2498,18560,44661,0,15,44646,21834,1991,1936,2540,15367,42298,0,3,42295
Taiwan,46302,2025-02,28777,7456,2424,2028,16869,38341,0,22,38319,31358,11215,1814,1555,16774,36488,0,18,36470
Taiwan,46302,2025-01,33740,8735,3346,2238,19421,51953,0,14,51939,20330,1816,1549,1082,15883,52377,0,13,52364
Taiwan,46302,2024-12,36058,6989,2027,7947,19095,44272,0,13,44259,22934,1874,1502,1485,18073,43460,0,2,43458
Taiwan,46302,2024-11,35671,10352,1826,2597,20896,36916,0,14,36902,44961,12442,3105,6387,23027,36946,0,6,36940
Taiwan,46302,2024-10,34062,13840,2752,3383,14087,41364,0,16,41348,27779,9252,1972,1523,15032,45909,0,15,45894
Taiwan,46302,2024-09,28952,8337,2786,3770,14059,32273,0,21,32252,24482,6356,2411,2374,13341,33231,0,30,33201
Taiwan,46302,2024-08,37619,14615,1600,3047,18357,40845,0,7,40838,30033,9195,1112,2875,16851,39226,0,1,39225
Taiwan,46302,2024-07,33746,14038,1577,2654,15477,47357,0,7,47350,32336,10386,1225,1608,19117,45567,0,14,45553
Taiwan,46302,2024-06,31675,12060,1584,1591,16440,39039,0,10,39029,31609,11308,1730,1994,16577,38531,0,13,38518
Taiwan,46302,2024-05,28412,13768,1427,2601,10616,25082,0,2,25080,23543,11717,1248,743,9835,30506,0,11,30495
Taiwan,46302,2024-04,27558,10762,1120,2303,13373,28043,0,7,28036,19389,5351,844,1023,12171,29639,0,12,29627
Taiwan,46302,2024-03,34795,18937,933,2505,12420,35480,0,6,35474,29551,15649,750,1153,11999,37094,0,8,37086
Taiwan,46302,2024-02,26346,13712,940,2173,9521,20354,0,1,20353,19798,9155,630,1025,8988,22970,0,4,22966
Taiwan,46302,2024-01,32222,16791,816,3077,11538,21976,0,2,21974,25800,11522,585,2176,11517,24336,0,8,24328
Taiwan,46302,2023-12,20875,9361,640,2186,8688,16187,0,3,16184,14036,2746,479,1042,9769,17332,0,5,17327
Taiwan,46302,2023-11,18987,7442,1469,3027,7049,13839,0,17,13822,16926,8444,588,763,7131,14670,1,4,14665
Taiwan,46302,2023-10,25282,14027,1658,1479,8118,16798,0,10,16788,24629,15496,878,1217,7038,15315,0,4,15311
Taiwan,46302,2023-09,16065,5192,1988,1191,7694,14809,0,0,14809,12868,3169,900,1365,7434,13863,0,2,13861
Taiwan,46302,2023-08,35684,15955,6680,2546,10503,15257,0,2,15255,29203,15309,1109,738,12047,15112,0,5,15107
Taiwan,46302,2023-07,27057,13078,1657,1996,10326,11918,0,2,11916,21936,10974,685,923,9354,11256,0,1,11255
Taiwan,46302,2023-06,27144,8819,1848,2987,13490,14514,0,1,14513,20860,6342,729,1588,12201,15073,0,1,15072
Taiwan,46302,2023-05,33439,17693,2169,3038,10539,13650,0,11,13639,28390,16842,831,1200,9517,16454,0,11,16443
Taiwan,46302,2023-04,26804,15614,2151,1401,7638,10709,0,9,10700,21839,11239,1137,1006,8457,11283,0,7,11276
Taiwan,46302,2023-03,27951,13591,1643,2666,10051,14668,0,64,14604,22570,11674,373,1336,9187,17045,0,13,17032
Taiwan,46302,2023-02,30647,15776,1854,2608,10409,16165,0,12,16153,25516,12771,839,2336,9570,18449,0,18,18431
Thailand,46418,2026-02,3606,717,52,174,2663,2208,482,64,1662,2470,487,39,261,1683,2696,481,130,2085
Thailand,46418,2026-01,4765,1372,203,218,2972,2120,723,170,1227,3419,1459,49,104,1807,2018,641,146,1231
Thailand,46418,2025-12,4192,2092,141,143,1816,994,143,81,770,2765,1533,37,94,1101,1110,154,52,904
Thailand,46418,2025-11,2718,657,96,254,1711,1070,117,131,822,1399,25,120,195,1059,1511,395,135,981
Thailand,46418,2025-10,3283,753,40,177,2313,1132,84,179,869,2601,332,122,228,1919,1534,338,150,1046
Thailand,46418,2025-09,5222,3425,34,157,1606,1278,91,148,1039,3328,871,78,163,2216,1433,121,301,1011
Thailand,46418,2025-08,5654,4184,54,224,1192,1076,113,137,826,5241,3713,192,209,1127,1450,177,72,1201
Thailand,46418,2025-07,3503,1963,57,174,1309,1164,303,56,805,2395,1086,54,130,1125,1429,219,126,1084
Thailand,46418,2025-06,6118,3386,135,158,2439,1808,130,105,1573,1554,280,36,129,1109,1293,202,108,983
Thailand,46418,2025-05,8512,6825,76,358,1253,1536,242,150,1144,8219,6859,116,199,1045,1548,169,112,1267
Thailand,46418,2025-04,4618,2962,46,135,1475,1355,243,91,1021,4954,3375,29,217,1333,1361,336,119,906
Thailand,46418,2025-03,8005,6272,253,178,1302,1419,348,94,977,3521,1834,126,144,1417,1524,396,151,977
Thailand,46418,2025-02,2713,1634,82,183,814,1284,120,134,1030,3012,1693,144,149,1026,1106,58,118,930
Thailand,46418,2025-01,2558,1172,86,127,1173,1080,210,97,773,1719,683,151,106,779,1126,195,139,792
Thailand,46418,2024-12,2662,1122,82,200,1258,1184,147,63,974,2640,1652,17,58,913,1699,457,72,1170
Thailand,46418,2024-11,3111,1732,99,88,1192,1482,163,73,1246,3354,1753,26,117,1458,1350,244,113,993
Thailand,46418,2024-10,5219,4116,74,182,847,1755,232,125,1398,2337,1400,180,218,539,1587,275,149,1163
Thailand,46418,2024-09,8022,5309,545,203,1965,1643,207,90,1346,1626,323,234,179,890,2071,172,184,1715
Thailand,46418,2024-08,4186,3079,117,273,717,1630,335,74,1221,3851,2791,117,184,759,1882,200,50,1632
Thailand,46418,2024-07,4093,3264,176,88,565,1052,229,114,709,4252,3509,78,93,572,1179,259,123,797
Thailand,46418,2024-06,6124,5244,178,102,600,1415,160,241,1014,3893,2924,314,91,564,1163,94,248,821
Thailand,46418,2024-05,3424,3184,25,66,149,1211,131,85,995,3414,3141,12,86,175,1377,311,94,972
Thailand,46418,2024-04,2674,2379,14,61,220,1246,300,214,732,3171,2870,10,50,241,953,144,112,697
Thailand,46418,2024-03,12608,12294,7,94,213,1832,437,68,1327,9479,9180,8,90,201,1571,231,63,1277
Thailand,46418,2024-02,1595,1242,0,127,226,1337,196,194,947,1329,996,7,125,201,1607,335,139,1133
Thailand,46418,2024-01,541,247,0,124,170,1697,218,72,1407,1965,1619,8,153,185,1503,170,108,1225
Thailand,46418,2023-12,1983,1787,0,36,160,1421,294,68,1059,2953,2659,9,40,245,1269,244,67,958
Thailand,46418,2023-11,1207,1000,0,51,156,1599,227,70,1302,2184,1917,8,46,213,1352,210,101,1041
Thailand,46418,2023-10,876,603,11,30,232,1433,202,149,1082,1154,883,9,22,240,1431,317,109,1005
Thailand,46418,2023-09,2027,1648,46,70,263,1624,151,35,1438,4073,2988,10,65,1010,1495,177,35,1283
Thailand,46418,2023-08,4110,3270,343,86,411,1334,109,31,1194,5567,4481,285,67,734,1420,192,27,1201
Thailand,46418,2023-07,3196,1913,675,135,473,1207,100,18,1089,3456,2418,479,114,445,1162,196,20,946
Thailand,46418,2023-06,5221,3899,396,165,761,1966,314,48,1604,4581,3156,200,159,1066,1850,284,106,1460
Thailand,46418,2023-05,3071,1879,590,238,364,1308,106,85,1117,2372,1238,506,181,447,1562,121,176,1265
Thailand,46418,2023-04,5047,3663,731,314,339,1460,99,223,1138,1829,1272,112,188,257,1099,79,11,1009
Thailand,46418,2023-03,10146,9211,194,160,581,2280,175,37,2068,1044,334,183,158,369,1905,256,12,1637
Thailand,46418,2023-02,7479,6533,361,85,500,2354,287,69,1998,2019,1056,522,67,374,1625,201,53,1371
United Arab Emirates,46604,2026-02,69288,47539,892,536,20321,1686,120,532,1034,71810,45733,897,283,24897,2490,73,301,2116
United Arab Emirates,46604,2026-01,48509,28365,870,587,18687,1321,129,383,809,48955,25900,887,442,21726,2204,239,677,1288
United Arab Emirates,46604,2025-12,51811,29266,678,149,21718,920,127,167,626,57619,33477,689,223,23230,1522,79,133,1310
United Arab Emirates,46604,2025-11,85631,59961,938,245,24487,1876,110,266,1500,79984,57503,1282,205,20994,1967,34,252,1681
United Arab Emirates,46604,2025-10,78332,62126,1227,473,14506,1361,400,228,733,74799,59441,1003,226,14129,1671,347,385,939
United Arab Emirates,46604,2025-09,74767,56088,1067,353,17259,1427,116,298,1013,77537,61318,992,236,14991,1777,31,273,1473
United Arab Emirates,46604,2025-08,60012,39736,918,263,19095,1163,69,279,815,48919,29900,917,251,17851,1133,47,249,837
United Arab Emirates,46604,2025-07,60703,48624,182,612,11285,1408,148,185,1075,61044,49477,92,375,11100,1777,111,333,1333
United Arab Emirates,46604,2025-06,57865,40851,425,382,16207,1209,122,166,921,59015,41024,425,413,17153,2303,62,151,2090
United Arab Emirates,46604,2025-05,85578,65100,1914,560,18004,1194,156,411,627,84745,63303,1756,390,19296,1843,74,679,1090
United Arab Emirates,46604,2025-04,69246,56891,3049,405,8901,1206,190,292,724,74539,58256,3059,368,12856,1206,66,245,895
United Arab Emirates,46604,2025-03,59705,46306,3856,902,8641,1262,186,303,773,63711,51556,3656,591,7908,1574,122,270,1182
United Arab Emirates,46604,2025-02,57319,45886,3220,567,7646,1075,144,344,587,52070,41823,3207,252,6788,2162,180,346,1636
United Arab Emirates,46604,2025-01,80072,71274,3287,460,5051,975,236,199,540,84745,76285,3278,226,4956,1143,126,213,804
United Arab Emirates,46604,2024-12,43700,29779,2773,214,10934,978,56,231,691,50251,32251,2823,416,14761,1565,90,282,1193
United Arab Emirates,46604,2024-11,76704,67445,3187,359,5713,1097,170,311,616,76174,61496,3178,206,11294,2062,124,218,1720
United Arab Emirates,46604,2024-10,50757,40353,3718,210,6476,1131,304,366,461,53545,42854,3718,789,6184,2196,238,982,976
United Arab Emirates,46604,2024-09,52856,42245,3412,320,6879,1017,319,355,343,58342,47520,3409,256,7157,2238,199,1074,965
United Arab Emirates,46604,2024-08,68378,57874,5632,315,4557,843,275,176,392,67586,48352,8750,384,10100,1159,129,183,847
United Arab Emirates,46604,2024-07,35363,24255,5233,391,5484,608,137,209,262,34941,23471,5159,531,5780,1586,459,196,931
United Arab Emirates,46604,2024-06,57313,47660,3620,240,5793,704,146,170,388,59375,50244,3469,349,5313,1039,167,202,670
United Arab Emirates,46604,2024-05,75074,66869,3683,540,3982,1003,175,247,581,72727,64316,3715,323,4373,1632,171,600,861
United Arab Emirates,46604,2024-04,74039,66588,3226,151,4074,644,163,145,336,75957,66728,3290,123,5816,1253,730,152,371
United Arab Emirates,46604,2024-03,48371,40409,2479,397,5086,733,170,195,368,48803,41068,2475,188,5072,1055,265,185,605
United Arab Emirates,46604,2024-02,34206,26120,2931,257,4898,740,184,243,313,34001,19808,2757,198,11238,793,132,215,446
United Arab Emirates,46604,2024-01,15646,10411,2083,98,3054,769,102,261,406,21390,15801,2092,111,3386,762,105,228,429
United Arab Emirates,46604,2023-12,11866,6218,1585,97,3966,843,150,289,404,15060,8168,1523,314,5055,1712,88,216,1408
United Arab Emirates,46604,2023-11,7707,1859,1552,104,4192,994,130,364,500,6243,1174,1541,90,3438,1040,83,421,536
United Arab Emirates,46604,2023-10,7955,2252,1520,141,4042,1084,91,431,562,6449,1638,1324,81,3406,744,51,272,421
United Arab Emirates,46604,2023-09,9285,3863,1382,111,3929,879,191,291,397,8360,3352,1120,135,3753,1280,146,259,875
United Arab Emirates,46604,2023-08,54430,46449,2126,248,5607,516,91,211,214,44867,37472,1893,204,5298,735,77,197,461
United Arab Emirates,46604,2023-07,48378,42614,2008,252,3504,509,90,178,241,48525,42713,1975,240,3597,799,138,173,488
United Arab Emirates,46604,2023-06,38513,30955,1821,529,5208,847,206,236,405,39276,32439,1712,352,4773,1064,121,232,711
United Arab Emirates,46604,2023-05,35737,29702,993,257,4785,877,243,345,289,39480,32355,991,322,5812,1076,211,516,349
United Arab Emirates,46604,2023-04,35618,31044,1074,178,3322,546,135,186,225,31843,22729,804,1372,6938,731,90,300,341
United Arab Emirates,46604,2023-03,20233,13744,439,272,5778,1583,535,396,652,19268,13283,420,213,5352,1985,162,856,967
United Arab Emirates,46604,2023-02,30414,24552,522,311,5029,2141,419,680,1042,30915,24232,524,325,5834,1538,234,879,425
Total Asia,49999,2026-02,1022199,616642,41247,38511,325799,530970,16801,18338,495831,1084770,662378,37070,40522,344800,550887,19439,20288,511160
Total Asia,49999,2026-01,1180946,753356,39955,40344,347291,590053,21763,25565,542725,1112709,702925,44761,34484,330539,611079,29351,27578,554150
Total Asia,49999,2025-12,1119327,708340,41453,32240,337294,465232,18947,15642,430643,1084850,705271,46693,26440,306446,475520,18536,15039,441945
Total Asia,49999,2025-11,1054842,656861,50329,38682,308970,453432,20223,13967,419242,1050474,649911,50754,30019,319790,466003,20866,14841,430296
Total Asia,49999,2025-10,1153039,699956,72125,36525,344433,374553,21163,16806,336584,1120927,692346,58029,33603,336949,389092,27178,16400,345514
Total Asia,49999,2025-09,1040741,632658,57457,41670,308956,437130,25585,25979,385566,1020692,647338,53003,32201,288150,438604,25188,27324,386092
Total Asia,49999,2025-08,1012624,646010,48521,34603,283490,373202,26186,18121,328895,963024,631758,41200,25964,264102,385082,27253,16384,341445
Total Asia,49999,2025-07,1030229,685635,32815,42564,269215,372448,27028,35406,310014,1031819,685751,31167,30664,284237,402502,28332,41983,332187
Total Asia,49999,2025-06,1034382,628606,24086,39799,341891,333656,19949,16621,297086,1012890,648479,28758,35839,299814,342180,18395,19825,303960
Total Asia,49999,2025-05,1048416,692514,34573,39223,282106,268728,21170,20134,227424,999672,654151,38721,32196,274604,291841,23674,16057,252110
Total Asia,49999,2025-04,1257987,815881,90185,44180,307741,387276,31303,17074,338899,1297506,834658,107087,41252,314509,385199,34232,21033,329934
Total Asia,49999,2025-03,1067643,698106,34330,41553,293654,334529,22882,19286,292361,1044027,715208,38607,35245,254967,337743,23647,19693,294403
Total Asia,49999,2025-02,996362,658926,61499,35806,240131,402490,17109,20198,365183,995571,630922,68017,30782,265850,407013,22766,19174,365073
Total Asia,49999,2025-01,1006594,705454,31252,29437,240451,369394,18114,17786,333494,1012241,710981,33089,25663,242508,377690,25280,18191,334219
Total Asia,49999,2024-12,907401,556978,24425,38254,287744,395139,15956,12236,366947,906560,583366,23748,22866,276580,392284,17106,10952,364226
Total Asia,49999,2024-11,939852,614460,33839,28596,262957,359209,16843,13411,328955,986405,630111,41606,37055,277633,358733,18566,11422,328745
Total Asia,49999,2024-10,1106376,779749,45343,48767,232517,482350,18746,17092,446512,1007439,700361,36616,27964,242498,481727,20365,16310,445052
Total Asia,49999,2024-09,955045,635604,44181,49562,225698,341341,34015,20639,286687,951170,659546,38339,39685,213600,352529,32694,19905,299930
Total Asia,49999,2024-08,950954,643026,38893,34453,234582,332128,35783,14614,281731,948863,664984,34495,25879,223505,333730,32790,14124,286816
Total Asia,49999,2024-07,890515,588588,34722,25879,241326,342037,25125,25276,291636,910098,604735,36701,25214,243448,346860,25798,27469,293593
Total Asia,49999,2024-06,786514,505262,28441,27014,225797,323619,14946,11917,296756,811831,527615,30257,27778,226181,322367,11595,11434,299338
Total Asia,49999,2024-05,788665,530399,39903,30793,187570,315997,10953,13527,291517,814125,543352,48656,22903,199214,339002,18692,13295,307015
Total Asia,49999,2024-04,877799,622256,32579,29300,193664,347168,6658,16608,323902,820785,552996,41216,24920,201653,345024,6761,18123,320140
Total Asia,49999,2024-03,853233,562933,28639,31410,230251,326649,19111,19992,287546,840293,558661,37432,22532,221668,334826,19761,18330,296735
Total Asia,49999,2024-02,761665,495130,27126,35730,203679,234840,8222,25196,201422,719707,461941,29891,32364,195511,248847,9826,28233,210788
Total Asia,49999,2024-01,731195,487718,32598,35635,175244,259675,6669,15257,237749,731694,487060,31502,31562,181570,258729,12139,15409,231181
Total Asia,49999,2023-12,663486,443253,22154,26311,171768,241202,8169,12103,220930,666792,441275,19503,19455,186559,242999,6678,11190,225131
Total Asia,49999,2023-11,655028,459847,33547,29558,132076,189009,8268,13526,167215,657146,460713,33430,23405,139598,190356,8511,11820,170025
Total Asia,49999,2023-10,622545,449283,31519,23043,118700,201486,8434,13567,179485,612098,424557,35385,25017,127139,188868,6225,12539,170104
Total Asia,49999,2023-09,628847,435902,36330,25901,130714,211574,13076,16313,182185,619770,435918,24822,21187,137843,200148,7252,13681,179215
Total Asia,49999,2023-08,698053,473340,33936,36938,153839,246354,5202,12994,228158,682278,473186,26109,20825,162158,247608,6080,12361,229167
Total Asia,49999,2023-07,664363,454192,27574,33452,149145,193896,6091,19880,167925,661371,456510,23461,30820,150580,203790,7808,20840,175142
Total Asia,49999,2023-06,734862,470473,41251,36932,186206,212448,7553,14911,189984,702193,476566,23422,33044,169161,227836,7812,13449,206575
Total Asia,49999,2023-05,678522,471617,35821,34935,136149,217517,7472,18565,191480,664736,471177,25949,28049,139561,244081,8042,32713,203326
Total Asia,49999,2023-04,563930,395717,28571,27311,112331,207628,8752,13285,185591,522875,338185,27603,24011,133076,216424,14684,12367,189373
Total Asia,49999,2023-03,778363,518056,45571,38275,176461,259140,17192,21601,220347,749036,529419,31173,32749,155695,259195,20357,21619,217219
Total Asia,49999,2023-02,698414,474902,33155,39996,150361,310389,17003,16327,277059,651022,445277,26956,26408,152381,304289,15837,17396,271056
Liberia,53201,2026-02,1353,0,0,71,1282,9046,0,1567,7479,71,0,0,31,40,9859,0,3275,6584
Liberia,53201,2026-01,101,2,0,19,80,9075,0,995,8080,94,0,0,16,78,10009,0,1190,8819
Liberia,53201,2025-12,84,0,0,16,68,7661,0,566,7095,98,0,0,10,88,7738,0,547,7191
Liberia,53201,2025-11,94,2,0,21,71,6791,0,658,6133,64,0,0,14,50,7517,0,712,6805
Liberia,53201,2025-10,108,0,0,10,98,10014,0,1760,8254,104,0,0,9,95,10839,0,2912,7927
Liberia,53201,2025-09,96,1,0,19,76,11012,0,2189,8823,76,0,0,17,59,10041,0,2148,7893
Liberia,53201,2025-08,55,1,0,9,45,8913,0,1081,7832,93,0,0,31,62,8824,0,701,8123
Liberia,53201,2025-07,75,1,0,12,62,12802,0,1265,11537,79,0,0,14,65,11768,0,1156,10612
Liberia,53201,2025-06,63,2,0,8,53,12546,0,2936,9610,48,5,0,8,35,15103,0,2832,12271
Liberia,53201,2025-05,52,2,0,17,33,6167,0,2088,4079,55,0,0,13,42,5986,0,2013,3973
Liberia,53201,2025-04,65,7,0,15,43,6761,0,1243,5518,69,1,0,21,47,7177,0,1140,6037
Liberia,53201,2025-03,71,3,0,10,58,8441,0,1177,7264,53,3,0,7,43,8743,0,891,7852
Liberia,53201,2025-02,46,1,0,9,36,7960,0,1515,6445,53,0,0,13,40,7283,0,1245,6038
Liberia,53201,2025-01,95,2,0,11,82,7290,0,1156,6134,101,0,0,18,83,6524,0,1151,5373
Liberia,53201,2024-12,167,2,0,27,138,7298,0,886,6412,197,4,0,71,122,7188,0,822,6366
Liberia,53201,2024-11,121,2,0,26,93,5262,0,770,4492,137,0,4,11,122,5062,0,832,4230
Liberia,53201,2024-10,124,1,0,46,77,5067,0,921,4146,86,1,0,14,71,5046,0,822,4224
Liberia,53201,2024-09,94,1,0,17,76,4773,0,1273,3500,100,1,0,10,89,5037,0,1730,3307
Liberia,53201,2024-08,119,0,0,6,113,7123,0,2701,4422,108,0,0,10,98,7488,0,2655,4833
Liberia,53201,2024-07,121,2,0,14,105,5306,0,1344,3962,109,2,0,8,99,5313,0,1159,4154
Liberia,53201,2024-06,103,1,0,10,92,3780,0,667,3113,92,1,0,7,84,3423,0,580,2843
Liberia,53201,2024-05,118,3,4,25,86,4521,0,929,3592,106,5,0,14,87,4672,0,891,3781
Liberia,53201,2024-04,103,5,0,11,87,5241,0,1114,4127,110,1,0,9,100,5565,0,1148,4417
Liberia,53201,2024-03,121,1,0,12,108,4825,0,1473,3352,101,0,0,6,95,5247,0,1668,3579
Liberia,53201,2024-02,114,3,0,25,86,4672,0,1224,3448,95,0,0,12,83,5040,0,1130,3910
Liberia,53201,2024-01,115,10,0,32,73,3878,0,718,3160,152,12,0,35,105,3985,0,615,3370
Liberia,53201,2023-12,124,7,0,14,103,4971,0,939,4032,93,0,0,8,85,4926,0,898,4028
Liberia,53201,2023-11,98,0,3,17,78,3710,0,1251,2459,81,0,0,13,68,3515,0,982,2533
Liberia,53201,2023-10,90,6,0,8,76,3286,0,1150,2136,91,1,0,4,86,3544,0,1283,2261
Liberia,53201,2023-09,99,0,0,17,82,3229,0,822,2407,90,0,0,6,84,3246,0,820,2426
Liberia,53201,2023-08,109,0,0,9,100,3043,0,955,2088,99,0,0,6,93,3581,0,1179,2402
Liberia,53201,2023-07,83,6,0,9,68,3448,0,1051,2397,107,6,0,8,93,3519,0,1003,2516
Liberia,53201,2023-06,89,0,0,20,69,4839,0,1905,2934,72,0,0,8,64,4991,0,1671,3320
Liberia,53201,2023-05,76,3,0,9,64,3254,0,1227,2027,85,3,0,8,74,3569,0,1320,2249
Liberia,53201,2023-04,78,2,0,11,65,2483,0,1233,1250,67,0,0,6,61,2294,0,1129,1165
Liberia,53201,2023-03,108,0,0,11,97,3798,0,1172,2626,53,0,0,7,46,3752,0,1441,2311
Liberia,53201,2023-02,43,0,0,10,33,3176,0,1313,1863,39,0,0,8,31,3781,0,1786,1995
Mauritius,53805,2026-02,333,102,40,99,92,2172,0,222,1950,154,29,0,8,117,1799,0,138,1661
Mauritius,53805,2026-01,398,248,31,51,68,1794,0,282,1512,139,63,0,11,65,1799,0,296,1503
Mauritius,53805,2025-12,237,155,27,20,35,1309,0,57,1252,146,67,1,13,65,1216,0,93,1123
Mauritius,53805,2025-11,353,175,47,1,130,2498,0,293,2205,359,221,1,2,135,2207,0,77,2130
Mauritius,53805,2025-10,374,21,125,47,181,3799,0,385,3414,337,120,1,2,214,3307,0,289,3018
Mauritius,53805,2025-09,794,101,15,504,174,1226,0,298,928,262,101,1,2,158,1144,0,245,899
Mauritius,53805,2025-08,447,181,61,35,170,1144,0,225,919,293,114,1,14,164,1146,0,130,1016
Mauritius,53805,2025-07,918,606,26,17,269,2070,0,478,1592,560,258,0,26,276,1801,0,439,1362
Mauritius,53805,2025-06,475,116,1,55,303,2666,0,629,2037,374,53,0,23,298,3516,0,1043,2473
Mauritius,53805,2025-05,343,118,0,31,194,1045,0,234,811,184,16,0,27,141,949,0,106,843
Mauritius,53805,2025-04,211,30,1,86,94,1342,0,276,1066,153,16,0,14,123,1250,0,127,1123
Mauritius,53805,2025-03,259,61,0,10,188,1209,0,138,1071,170,16,0,5,149,1236,0,225,1011
Mauritius,53805,2025-02,291,108,0,24,159,990,0,118,872,177,1,1,12,163,923,0,85,838
Mauritius,53805,2025-01,173,37,0,12,124,1224,2,239,983,159,13,0,7,139,813,0,151,662
Mauritius,53805,2024-12,66,7,0,1,58,1459,0,82,1377,144,23,0,1,120,934,0,125,809
Mauritius,53805,2024-11,172,72,1,11,88,907,0,108,799,122,29,0,10,83,793,0,163,630
Mauritius,53805,2024-10,474,430,0,20,24,989,0,73,916,331,286,0,5,40,898,0,77,821
Mauritius,53805,2024-09,193,127,0,10,56,1130,0,98,1032,169,109,0,46,14,948,0,126,822
Mauritius,53805,2024-08,379,212,0,136,31,1073,0,104,969,138,98,0,3,37,855,0,134,721
Mauritius,53805,2024-07,208,101,0,76,31,1470,2,91,1377,288,166,0,37,85,1260,0,123,1137
Mauritius,53805,2024-06,252,223,0,6,23,1199,0,99,1100,230,179,0,21,30,960,0,249,711
Mauritius,53805,2024-05,19,8,0,2,9,1138,0,92,1046,32,5,0,5,22,1114,0,73,1041
Mauritius,53805,2024-04,26,5,0,5,16,978,0,126,852,11,0,0,0,11,961,0,94,867
Mauritius,53805,2024-03,107,8,0,3,96,813,0,80,733,27,3,0,0,24,742,0,62,680
Mauritius,53805,2024-02,31,9,0,15,7,696,0,140,556,34,16,0,7,11,691,0,79,612
Mauritius,53805,2024-01,35,3,0,13,19,560,0,73,487,62,40,0,4,18,397,0,111,286
Mauritius,53805,2023-12,52,14,0,17,21,481,0,71,410,52,17,0,2,33,478,0,105,373
Mauritius,53805,2023-11,133,8,0,0,125,405,0,159,246,61,5,0,0,56,338,0,82,256
Mauritius,53805,2023-10,54,32,0,0,22,508,0,154,354,81,13,0,1,67,414,0,84,330
Mauritius,53805,2023-09,99,33,0,0,66,386,0,71,315,73,8,0,2,63,316,0,55,261
Mauritius,53805,2023-08,178,143,1,5,29,373,0,91,282,107,71,0,0,36,403,0,64,339
Mauritius,53805,2023-07,99,52,0,15,32,523,0,98,425,21,1,0,0,20,286,0,38,248
Mauritius,53805,2023-06,100,82,0,2,16,438,0,162,276,70,17,0,10,43,440,0,79,361
Mauritius,53805,2023-05,35,21,0,3,11,268,0,116,152,61,2,0,2,57,283,0,169,114
Mauritius,53805,2023-04,50,35,0,2,13,373,0,133,240,380,11,0,11,358,156,0,81,75
Mauritius,53805,2023-03,560,122,1,2,435,304,0,135,169,172,67,0,9,96,296,0,77,219
Mauritius,53805,2023-02,40,6,0,1,33,299,0,92,207,79,16,0,0,63,171,0,63,108
Morocco,54003,2026-02,290,286,2,0,2,155,53,85,17,33,31,0,1,1,202,59,137,6
Morocco,54003,2026-01,260,258,0,0,2,133,58,67,8,381,361,18,0,2,121,59,53,9
Morocco,54003,2025-12,707,692,13,0,2,203,51,129,23,694,692,0,1,1,200,42,148,10
Morocco,54003,2025-11,262,254,0,0,8,160,37,119,4,70,59,7,0,4,253,56,191,6
Morocco,54003,2025-10,188,177,8,2,1,336,128,193,15,205,199,0,0,6,256,96,154,6
Morocco,54003,2025-09,270,268,0,0,2,189,52,130,7,398,394,0,0,4,154,47,94,13
Morocco,54003,2025-08,252,237,14,0,1,150,53,93,4,193,192,0,0,1,176,18,145,13
Morocco,54003,2025-07,189,183,0,0,6,224,119,102,3,105,94,10,0,1,166,65,93,8
Morocco,54003,2025-06,195,177,9,0,9,196,110,81,5,176,167,0,0,9,224,92,121,11
Morocco,54003,2025-05,212,206,5,0,1,226,84,139,3,244,242,0,0,2,271,107,157,7
Morocco,54003,2025-04,233,232,0,0,1,282,138,139,5,274,269,4,0,1,1426,485,929,12
Morocco,54003,2025-03,377,376,0,0,1,65,19,41,5,185,183,0,0,2,133,78,45,10
Morocco,54003,2025-02,433,407,24,0,2,80,35,42,3,350,348,0,0,2,180,36,132,12
Morocco,54003,2025-01,1056,1055,0,0,1,96,35,56,5,890,889,0,0,1,104,37,58,9
Morocco,54003,2024-12,386,386,0,0,0,101,34,65,2,337,335,0,0,2,81,35,41,5
Morocco,54003,2024-11,207,206,0,0,1,96,29,62,5,294,293,0,0,1,50,26,23,1
Morocco,54003,2024-10,438,437,0,0,1,126,50,74,2,301,300,0,0,1,64,20,41,3
Morocco,54003,2024-09,297,297,0,0,0,101,29,70,2,440,438,0,0,2,83,34,45,4
Morocco,54003,2024-08,511,507,0,0,4,81,33,46,2,170,165,0,0,5,71,21,45,5
Morocco,54003,2024-07,146,132,0,0,14,134,53,74,7,164,143,0,0,21,143,39,103,1
Morocco,54003,2024-06,108,105,0,0,3,144,30,93,21,82,78,0,0,4,155,34,118,3
Morocco,54003,2024-05,327,319,0,0,8,115,36,74,5,288,288,0,0,0,851,53,797,1
Morocco,54003,2024-04,104,104,0,0,0,130,43,84,3,142,142,0,0,0,89,63,25,1
Morocco,54003,2024-03,98,98,0,0,0,72,56,13,3,99,91,0,0,8,73,43,28,2
Morocco,54003,2024-02,220,219,0,0,1,105,81,19,5,165,165,0,0,0,33,15,17,1
Morocco,54003,2024-01,0,0,0,0,0,132,94,33,5,165,164,0,0,1,86,72,12,2
Morocco,54003,2023-12,8,6,0,0,2,76,39,22,15,154,152,0,0,2,50,25,18,7
Morocco,54003,2023-11,89,9,0,0,80,78,60,16,2,244,241,0,2,1,35,24,9,2
Morocco,54003,2023-10,11,11,0,0,0,135,99,31,5,169,149,0,0,20,91,49,40,2
Morocco,54003,2023-09,7,6,0,1,0,109,59,39,11,37,33,1,0,3,31,23,6,2
Morocco,54003,2023-08,11,0,2,0,9,62,31,11,20,80,79,0,0,1,64,44,18,2
Morocco,54003,2023-07,1,1,0,0,0,42,24,15,3,171,87,0,0,84,57,40,14,3
Morocco,54003,2023-06,509,1,0,0,508,331,205,112,14,1,0,0,0,1,101,67,31,3
Morocco,54003,2023-05,181,13,0,0,168,146,92,45,9,0,0,0,0,0,368,178,189,1
Morocco,54003,2023-04,0,0,0,0,0,282,63,216,3,562,8,0,0,554,39,28,9,2
Morocco,54003,2023-03,48,0,0,0,48,165,118,46,1,95,95,0,0,0,746,696,47,3
Morocco,54003,2023-02,127,0,0,0,127,136,106,29,1,14,14,0,0,0,70,33,31,6
South Africa,55719,2026-02,3075,1036,176,41,1822,8893,1604,33,7256,3041,1206,163,61,1611,8829,1328,208,7293
South Africa,55719,2026-01,4219,2900,132,38,1149,10433,1663,58,8712,4245,2868,143,65,1169,10970,2196,41,8733
South Africa,55719,2025-12,4953,2621,0,67,2265,10980,1760,27,9193,4751,2525,0,38,2188,9838,2717,40,7081
South Africa,55719,2025-11,4025,2036,10,11,1968,6644,1169,34,5441,4263,2165,0,48,2050,6350,1067,15,5268
South Africa,55719,2025-10,5865,3923,0,85,1857,10957,1377,12,9568,5153,3338,35,76,1704,11330,1184,49,10097
South Africa,55719,2025-09,2672,944,2,53,1673,8753,1413,47,7293,3478,1841,36,27,1574,10046,1839,28,8179
South Africa,55719,2025-08,4453,2690,16,29,1718,6842,1768,26,5048,3888,2135,2,60,1691,6831,1735,32,5064
South Africa,55719,2025-07,2694,1020,6,78,1590,6442,1468,14,4960,2090,374,4,20,1692,6811,1599,18,5194
South Africa,55719,2025-06,3674,1556,18,95,2005,6284,1297,203,4784,3376,1586,5,28,1757,7198,1676,39,5483
South Africa,55719,2025-05,4359,2790,13,58,1498,5069,1156,119,3794,5157,3577,0,22,1558,5152,1182,28,3942
South Africa,55719,2025-04,2461,436,0,79,1946,6518,1553,24,4941,2240,332,0,100,1808,6103,1194,49,4860
South Africa,55719,2025-03,3173,1037,6,115,2015,5150,998,25,4127,2428,481,6,22,1919,4797,977,34,3786
South Africa,55719,2025-02,2626,1002,33,35,1556,4616,828,511,3277,2996,1454,22,37,1483,4295,1258,52,2985
South Africa,55719,2025-01,3486,2311,7,58,1110,3761,1074,51,2636,3310,2152,9,27,1122,3996,1618,64,2314
South Africa,55719,2024-12,4130,2602,2,61,1465,3756,832,202,2722,3843,2332,0,19,1492,3589,761,25,2803
South Africa,55719,2024-11,5530,3503,3,28,1996,3924,909,70,2945,4065,2416,15,27,1607,5024,1972,80,2972
South Africa,55719,2024-10,4208,2934,0,45,1229,5141,1268,51,3822,3986,2581,15,21,1369,6123,1878,87,4158
South Africa,55719,2024-09,1950,563,0,54,1333,4376,1525,56,2795,2285,768,19,16,1482,4942,1936,44,2962
South Africa,55719,2024-08,2070,534,31,99,1406,5389,2881,36,2472,1987,545,32,29,1381,5450,2836,61,2553
South Africa,55719,2024-07,4645,3148,34,109,1354,4180,1620,13,2547,5289,3843,32,15,1399,4577,1737,61,2779
South Africa,55719,2024-06,5862,4507,20,102,1233,4572,1290,25,3257,5174,3934,20,24,1196,4280,949,19,3312
South Africa,55719,2024-05,1358,135,4,194,1025,3403,683,54,2666,1850,739,37,62,1012,3900,1033,56,2811
South Africa,55719,2024-04,979,124,25,25,805,3864,617,48,3199,2016,1119,2,9,886,4285,802,112,3371
South Africa,55719,2024-03,1458,152,19,42,1245,3404,753,64,2587,2055,586,19,65,1385,3329,634,20,2675
South Africa,55719,2024-02,1988,992,7,23,966,2652,652,63,1937,1072,95,11,10,956,2867,532,135,2200
South Africa,55719,2024-01,1024,174,41,24,785,3130,465,37,2628,1860,1086,13,5,756,2804,407,90,2307
South Africa,55719,2023-12,1096,148,29,16,903,3500,639,40,2821,1188,188,87,36,877,2982,493,29,2460
South Africa,55719,2023-11,982,176,9,55,742,2968,506,156,2306,844,48,34,58,704,2930,611,88,2231
South Africa,55719,2023-10,961,178,55,21,707,2718,610,23,2085,954,243,32,13,666,2429,348,51,2030
South Africa,55719,2023-09,1744,699,33,23,989,2845,545,37,2263,1039,95,10,31,903,2651,386,19,2246
South Africa,55719,2023-08,4281,3191,23,31,1036,3049,718,122,2209,3475,2469,0,21,985,3536,755,62,2719
South Africa,55719,2023-07,3857,2994,6,45,812,2581,774,54,1753,3977,3200,25,17,735,3329,755,135,2439
South Africa,55719,2023-06,4485,3170,6,76,1233,3340,388,49,2903,3595,2444,6,35,1110,3285,647,91,2547
South Africa,55719,2023-05,4154,2818,25,120,1191,3592,809,122,2661,3134,2296,9,18,811,3948,722,117,3109
South Africa,55719,2023-04,3374,2694,55,60,565,3895,726,136,3033,3272,2681,32,22,537,3198,628,79,2491
South Africa,55719,2023-03,2346,1397,47,97,805,5916,1163,204,4549,1861,1116,42,32,671,5361,723,287,4351
South Africa,55719,2023-02,3734,2963,25,32,714,3998,1163,177,2658,4249,3308,64,37,840,3608,977,424,2207
Egypt,57002,2026-02,191,128,2,0,61,605,462,23,120,208,127,1,5,75,540,384,0,156
Egypt,57002,2026-01,1085,1003,1,6,75,282,245,0,37,82,4,0,0,78,1547,1499,0,48
Egypt,57002,2025-12,50,4,0,0,46,268,193,10,65,57,2,1,0,54,262,202,13,47
Egypt,57002,2025-11,81,3,2,0,76,360,280,1,79,79,3,1,0,75,211,173,1,37
Egypt,57002,2025-10,128,3,2,1,122,471,419,10,42,134,0,1,3,130,564,530,12,22
Egypt,57002,2025-09,113,5,0,0,108,344,305,6,33,117,4,1,0,112,340,307,4,29
Egypt,57002,2025-08,72,3,1,2,66,224,177,0,47,123,2,2,0,119,171,130,3,38
Egypt,57002,2025-07,123,5,1,0,117,322,286,2,34,95,6,0,0,89,249,220,11,18
Egypt,57002,2025-06,67,4,1,0,62,530,436,6,88,78,4,0,0,74,334,290,1,43
Egypt,57002,2025-05,96,3,1,3,89,653,620,11,22,84,3,1,0,80,717,698,3,16
Egypt,57002,2025-04,78,5,1,1,71,351,332,0,19,90,6,1,1,82,386,359,12,15
Egypt,57002,2025-03,141,4,1,2,134,545,491,0,54,157,6,0,7,144,827,808,0,19
Egypt,57002,2025-02,119,5,2,5,107,653,621,0,32,67,6,1,0,60,1021,988,3,30
Egypt,57002,2025-01,115,7,1,5,102,222,204,3,15,103,5,1,1,96,276,246,0,30
Egypt,57002,2024-12,97,9,0,0,88,284,268,0,16,89,5,0,0,84,242,190,0,52
Egypt,57002,2024-11,83,6,1,3,73,206,181,3,22,85,6,1,0,78,292,255,3,34
Egypt,57002,2024-10,53,7,1,1,44,259,222,1,36,57,7,2,0,48,1066,1027,3,36
Egypt,57002,2024-09,49,10,0,1,38,187,140,0,47,51,8,2,0,41,289,244,0,45
Egypt,57002,2024-08,45,6,1,0,38,270,251,0,19,47,5,0,0,42,247,203,0,44
Egypt,57002,2024-07,67,5,1,1,60,212,147,0,65,65,4,1,0,60,213,194,0,19
Egypt,57002,2024-06,46,6,0,0,40,344,254,33,57,38,5,0,0,33,303,233,3,67
Egypt,57002,2024-05,45,6,0,1,38,195,146,7,42,43,4,0,0,39,245,207,7,31
Egypt,57002,2024-04,57,3,3,1,50,286,247,2,37,54,6,0,0,48,437,389,1,47
Egypt,57002,2024-03,74,8,1,2,63,1000,896,0,104,74,8,0,0,66,836,685,11,140
Egypt,57002,2024-02,102,55,0,1,46,331,294,0,37,54,6,1,0,47,622,588,2,32
Egypt,57002,2024-01,33,6,0,0,27,303,249,2,52,35,6,0,0,29,144,117,0,27
Egypt,57002,2023-12,43,8,0,1,34,233,208,2,23,42,7,0,0,35,216,200,2,14
Egypt,57002,2023-11,111,8,0,1,102,173,142,0,31,57,4,0,0,53,236,185,3,48
Egypt,57002,2023-10,172,3,0,0,169,170,140,2,28,36,6,0,0,30,164,140,12,12
Egypt,57002,2023-09,241,6,0,0,235,138,122,1,15,59,5,0,0,54,134,117,5,12
Egypt,57002,2023-08,289,13,1,0,275,199,169,1,29,133,12,0,0,121,169,142,0,27
Egypt,57002,2023-07,310,4,0,0,306,234,216,1,17,348,3,0,0,345,302,284,5,13
Egypt,57002,2023-06,771,7,0,0,764,272,248,1,23,106,7,0,0,99,246,221,1,24
Egypt,57002,2023-05,91,4,0,0,87,295,258,3,34,90,3,0,0,87,209,146,34,29
Egypt,57002,2023-04,117,6,0,0,111,422,375,28,19,825,7,0,0,818,215,184,5,26
Egypt,57002,2023-03,183,5,0,0,178,559,467,9,83,156,4,0,0,152,310,240,18,52
Egypt,57002,2023-02,60,6,0,0,54,463,318,3,142,1381,1021,0,0,360,507,421,7,79
Total Africa,59994,2026-02,8814,4378,269,314,3853,22549,3706,1989,16854,6509,3467,187,141,2714,23985,4360,3895,15730
Total Africa,59994,2026-01,7615,5384,280,171,1780,23273,3312,1587,18374,7787,5450,190,114,2033,26642,5550,1933,19159
Total Africa,59994,2025-12,8522,5320,197,152,2853,21411,2957,807,17647,7549,4388,25,134,3002,20392,4046,867,15479
Total Africa,59994,2025-11,7765,4760,81,91,2833,17814,2645,1264,13905,7287,4080,36,93,3078,18324,2927,1136,14261
Total Africa,59994,2025-10,9028,5465,169,223,3171,26770,3052,2405,21313,7746,4543,61,137,3005,28686,4133,3453,21100
Total Africa,59994,2025-09,6862,2921,30,625,3286,22774,2750,2931,17093,7144,4113,94,92,2845,22540,2907,2600,17033
Total Africa,59994,2025-08,7222,4602,135,123,2362,17990,2641,1456,13893,6028,3277,57,358,2336,17953,2602,1042,14309
Total Africa,59994,2025-07,6051,3271,58,154,2568,22954,2873,1917,18164,4319,1580,24,98,2617,21847,2852,1748,17247
Total Africa,59994,2025-06,6783,3084,61,199,3439,23287,2818,3908,16561,5953,2704,20,120,3109,27453,2955,4176,20322
Total Africa,59994,2025-05,7464,4920,43,158,2343,14773,3421,2618,8734,7269,4894,16,91,2268,14087,2931,2355,8801
Total Africa,59994,2025-04,5458,2301,37,243,2877,16606,3310,1734,11562,4660,1801,25,185,2649,18156,3766,2325,12065
Total Africa,59994,2025-03,6198,2701,45,235,3217,16847,2839,1473,12535,4870,1650,13,73,3134,17321,3182,1449,12690
Total Africa,59994,2025-02,5556,2758,88,132,2578,15877,2928,2261,10688,6130,2739,78,101,3212,15453,3852,1624,9977
Total Africa,59994,2025-01,6771,4461,42,162,2106,13848,2402,1660,9786,6440,4135,29,78,2198,13473,3014,2057,8402
Total Africa,59994,2024-12,7008,4255,6,161,2586,14173,2360,1273,10540,6603,3910,9,110,2574,13667,2544,1071,10052
Total Africa,59994,2024-11,8497,5546,23,98,2830,11514,2199,1045,8270,6130,3541,41,69,2479,12291,3275,1141,7875
Total Africa,59994,2024-10,7566,5601,32,221,1712,12891,2787,1176,8928,7267,5237,64,79,1887,14621,4128,1247,9246
Total Africa,59994,2024-09,5713,3270,60,122,2261,11680,2540,1751,7389,5105,2745,61,183,2116,12218,3071,2005,7142
Total Africa,59994,2024-08,4974,2810,63,321,1780,14976,4154,2918,7904,3847,1811,50,71,1915,14947,3858,2916,8173
Total Africa,59994,2024-07,7486,5175,72,261,1978,12221,2706,1544,7971,7133,4856,91,114,2072,12471,2847,1522,8102
Total Africa,59994,2024-06,7635,5831,45,193,1566,11020,2522,943,7555,6865,5166,28,139,1532,9941,1960,1033,6948
Total Africa,59994,2024-05,2911,1097,19,307,1488,10286,1695,1222,7369,3213,1593,72,121,1427,11498,1934,1887,7677
Total Africa,59994,2024-04,2653,1124,76,80,1373,11446,1734,1462,8250,3486,1994,12,42,1438,12253,2106,1431,8716
Total Africa,59994,2024-03,3953,1991,57,90,1815,11266,2788,1657,6821,3579,1558,29,102,1890,11345,2408,1840,7097
Total Africa,59994,2024-02,3569,2055,21,137,1356,9645,2157,1485,6003,2215,804,28,67,1316,11162,2988,1412,6762
Total Africa,59994,2024-01,2442,836,90,230,1286,8639,1389,884,6366,3190,1818,32,76,1264,8978,2131,851,5996
Total Africa,59994,2023-12,2665,996,45,79,1545,9900,1491,1088,7321,2611,897,96,73,1545,9119,1157,1073,6889
Total Africa,59994,2023-11,2236,659,119,97,1361,7916,1226,1620,5070,2111,900,49,97,1065,7678,1372,1230,5076
Total Africa,59994,2023-10,1976,669,67,54,1186,7450,1405,1396,4649,2100,969,50,44,1037,7250,1063,1517,4670
Total Africa,59994,2023-09,3542,1831,173,66,1472,7400,1354,998,5048,2488,1196,12,60,1220,6966,1063,923,4980
Total Africa,59994,2023-08,6661,4915,104,74,1568,7293,1398,1204,4691,5275,3855,2,40,1378,8335,1491,1342,5502
Total Africa,59994,2023-07,5766,3917,61,104,1684,7598,1637,1311,4650,5895,4125,42,57,1671,8182,1720,1213,5249
Total Africa,59994,2023-06,7740,4435,50,388,2867,10041,1567,2259,6215,5097,3424,15,67,1591,10001,1812,1921,6268
Total Africa,59994,2023-05,6187,3985,27,164,2011,8259,1797,1543,4919,4646,3026,16,75,1529,9446,1915,2016,5515
Total Africa,59994,2023-04,5280,4152,62,87,979,8314,1831,1922,4561,6668,3996,39,64,2569,6389,1264,1322,3803
Total Africa,59994,2023-03,5346,3004,71,137,2134,11689,2606,1610,7473,4664,3025,46,71,1522,11635,2773,1914,6948
Total Africa,59994,2023-02,5542,4041,28,62,1411,8955,2431,1638,4886,7309,5155,64,306,1784,8898,2154,2346,4398
Australia,60089,2026-02,295820,232693,719,5077,57331,33577,346,5702,27529,288357,232973,521,3285,51578,36046,539,6025,29482
Australia,60089,2026-01,289057,237619,365,3729,47344,39981,345,7640,31996,290410,242846,160,4026,43378,42333,1157,7430,33746
Australia,60089,2025-12,307183,239622,871,2803,63887,33588,418,8239,24931,299536,239677,434,2234,57191,33088,834,7082,25172
Australia,60089,2025-11,248037,200653,383,3001,44000,39493,293,6492,32708,244605,200315,359,2716,41215,38928,761,6191,31976
Australia,60089,2025-10,296372,238226,407,5034,52705,45006,596,9086,35324,289676,233656,217,4814,50989,44237,426,8402,35409
Australia,60089,2025-09,285849,226561,388,5465,53435,34540,633,7841,26066,273879,223842,632,2997,46408,36390,658,9393,26339
Australia,60089,2025-08,299004,255415,776,2215,40598,18567,149,6387,12031,301743,259812,275,2851,38805,19835,504,5667,13664
Australia,60089,2025-07,286958,245421,865,3869,36803,22814,361,8234,14219,277203,236051,323,3762,37067,24040,808,6912,16320
Australia,60089,2025-06,271053,228399,302,3373,38979,26547,347,10963,15237,269204,229246,1293,2772,35893,28273,397,11798,16078
Australia,60089,2025-05,249376,219657,207,3319,26193,18691,540,8223,9928,252260,224852,619,3423,23366,21981,331,9076,12574
Australia,60089,2025-04,258907,227881,1004,4878,25144,17788,818,6236,10734,260580,227171,1914,4939,26556,18456,729,5812,11915
Australia,60089,2025-03,252360,215631,711,4505,31513,28410,248,15216,12946,258502,217968,373,2742,37419,28086,578,15081,12427
Australia,60089,2025-02,238415,210798,189,2532,24896,16942,308,7119,9515,237684,208046,1212,3229,25197,16464,171,7573,8720
Australia,60089,2025-01,273836,251677,268,2783,19108,24308,387,15441,8480,281678,255536,495,3464,22183,24676,507,14758,9411
Australia,60089,2024-12,276602,239133,1075,5043,31351,16286,710,4514,11062,267877,236111,258,2251,29257,17517,589,5511,11417
Australia,60089,2024-11,226314,195011,328,2234,28741,19200,440,5621,13139,231476,200264,748,1974,28490,22432,792,6758,14882
Australia,60089,2024-10,231938,205271,463,3898,22306,19837,174,6362,13301,232952,206260,2705,3333,20654,18759,425,5888,12446
Australia,60089,2024-09,232161,196949,1438,2719,31055,19075,506,6441,12128,222123,195112,2863,2600,21548,22741,397,9342,13002
Australia,60089,2024-08,254506,225572,3093,2918,22923,15503,334,4398,10771,256533,230648,1873,2560,21452,14483,397,4477,9609
Australia,60089,2024-07,283814,255512,602,4556,23144,17673,288,6903,10482,269548,246272,1131,2644,19501,19041,455,7782,10804
Australia,60089,2024-06,242254,203840,1469,2305,34640,17958,613,3918,13427,237030,203781,661,1960,30628,19946,538,5965,13443
Australia,60089,2024-05,252699,224909,372,2185,25233,17071,303,4773,11995,251228,228608,1259,1876,19485,19315,616,6261,12438
Australia,60089,2024-04,266283,249261,171,1687,15164,16093,835,4766,10492,263790,245387,2046,2275,14082,16136,504,5487,10145
Australia,60089,2024-03,278676,244216,8157,3990,22313,18940,153,7141,11646,264734,244570,1901,3476,14787,21771,303,9501,11967
Australia,60089,2024-02,245563,228804,268,3457,13034,15602,288,6116,9198,244346,229093,534,1858,12861,14299,243,5155,8901
Australia,60089,2024-01,252529,239260,271,2127,10871,16162,343,5903,9916,243712,227694,3005,2232,10781,16150,250,6750,9150
Australia,60089,2023-12,219197,196384,4501,1398,16914,15879,347,4809,10723,214804,196812,2364,1115,14513,17692,294,5265,12133
Australia,60089,2023-11,215430,203478,1329,1623,9000,15703,525,5647,9531,215971,203385,1128,1569,9889,17167,424,6374,10369
Australia,60089,2023-10,222018,209258,4304,1539,6917,17226,297,4751,12178,234047,209694,4109,1394,18850,16261,699,5619,9943
Australia,60089,2023-09,221611,205144,4439,1599,10429,16983,187,7056,9740,221857,202196,3981,1138,14542,20638,260,10704,9674
Australia,60089,2023-08,234876,217626,1873,2846,12531,11945,355,2155,9435,233912,216674,2105,2453,12680,12795,256,2285,10254
Australia,60089,2023-07,214835,186418,1931,2800,23686,12231,327,2838,9066,216608,190555,433,2581,23039,12605,223,3304,9078
Australia,60089,2023-06,201467,169903,1245,2423,27896,15898,1104,4001,10793,194089,169837,132,1919,22201,17859,438,5300,12121
Australia,60089,2023-05,192701,173138,1190,1882,16491,11908,219,3787,7902,199495,173466,338,2115,23576,12427,295,3328,8804
Australia,60089,2023-04,199282,184392,310,1146,13434,11870,415,3392,8063,201544,184396,304,1801,15043,12721,391,2782,9548
Australia,60089,2023-03,257011,231245,696,2993,22077,19962,416,5219,14327,262874,232267,688,3111,26808,21062,499,7574,12989
Australia,60089,2023-02,173089,156728,245,1884,14232,20793,365,6327,14101,174631,158174,155,2461,13841,19128,660,5456,13012
New Zealand,61689,2026-02,7514,5329,8,160,2017,2995,2286,470,239,7277,5068,13,92,2104,3213,2449,497,267
New Zealand,61689,2026-01,7516,5527,34,116,1839,2877,2058,514,305,6009,4570,13,91,1335,3661,2447,1025,189
New Zealand,61689,2025-12,5262,3420,8,108,1726,2818,2156,418,244,4580,3053,7,115,1405,3172,2637,245,290
New Zealand,61689,2025-11,6472,3891,1,122,2458,3457,2654,315,488,6456,3968,32,143,2313,3761,3312,176,273
New Zealand,61689,2025-10,7095,5386,24,194,1491,3685,3000,290,395,6716,4684,12,168,1852,3875,3017,518,340
New Zealand,61689,2025-09,6538,4480,18,386,1654,3008,2307,251,450,5869,4092,14,123,1640,2913,2143,301,469
New Zealand,61689,2025-08,5404,4161,19,112,1112,2684,2155,193,336,5615,3944,13,105,1553,2723,2325,136,262
New Zealand,61689,2025-07,5696,4206,31,219,1240,2643,2084,229,330,6056,4270,8,211,1567,2864,2202,234,428
New Zealand,61689,2025-06,7205,4693,20,182,2310,1874,1345,157,372,6004,4501,9,122,1372,2321,1569,176,576
New Zealand,61689,2025-05,9519,7623,8,229,1659,3169,2590,289,290,7937,6370,9,117,1441,2957,2433,239,285
New Zealand,61689,2025-04,6052,4498,19,178,1357,2426,1730,400,296,5732,4145,35,147,1405,2415,1820,277,318
New Zealand,61689,2025-03,8296,6657,19,217,1403,1762,746,305,711,7156,5624,13,198,1321,2068,1022,308,738
New Zealand,61689,2025-02,6387,4265,6,319,1797,1831,811,730,290,7521,4045,26,158,3292,1971,956,601,414
New Zealand,61689,2025-01,4148,2734,28,258,1128,1755,1097,431,227,4655,3056,93,262,1244,1908,1178,444,286
New Zealand,61689,2024-12,6220,5114,15,184,907,1836,1189,210,437,6505,5137,5,132,1231,1970,1135,152,683
New Zealand,61689,2024-11,7171,5241,18,216,1696,2415,1552,126,737,7767,5434,42,262,2029,2875,1582,208,1085
New Zealand,61689,2024-10,8193,6750,22,269,1152,1844,1246,229,369,8177,6401,21,197,1558,1779,1131,262,386
New Zealand,61689,2024-09,9412,6954,74,175,2209,1702,932,238,532,7479,6179,48,147,1105,1904,1006,302,596
New Zealand,61689,2024-08,8213,6846,43,120,1204,1613,1151,152,310,7585,6154,10,129,1292,1707,1248,179,280
New Zealand,61689,2024-07,6592,3754,33,143,2662,1127,243,616,268,6822,4685,55,121,1961,1471,332,790,349
New Zealand,61689,2024-06,5570,3979,22,229,1340,991,167,200,624,4861,3577,18,121,1145,1011,159,204,648
New Zealand,61689,2024-05,5204,4404,6,38,756,1087,298,304,485,4689,4231,7,26,425,811,268,195,348
New Zealand,61689,2024-04,4841,4391,8,53,389,835,335,152,348,4297,3846,7,43,401,745,339,154,252
New Zealand,61689,2024-03,5065,4204,75,76,710,1375,665,318,392,4308,3966,35,19,288,1395,674,282,439
New Zealand,61689,2024-02,3878,3260,24,46,548,856,251,388,217,3440,2770,20,19,631,1389,398,769,222
New Zealand,61689,2024-01,3418,3036,28,92,262,767,304,212,251,2245,1818,48,21,358,804,233,418,153
New Zealand,61689,2023-12,2061,1406,47,81,527,650,94,168,388,2333,1508,14,27,784,551,82,158,311
New Zealand,61689,2023-11,3354,2770,31,94,459,618,183,184,251,3676,2718,14,95,849,567,87,241,239
New Zealand,61689,2023-10,4043,3239,26,48,730,731,211,280,240,4040,3195,33,60,752,550,185,89,276
New Zealand,61689,2023-09,5065,3811,28,104,1122,563,113,120,330,5285,2951,7,260,2067,639,213,109,317
New Zealand,61689,2023-08,1402,518,28,133,723,870,262,266,342,3475,329,10,344,2792,764,348,216,200
New Zealand,61689,2023-07,2402,754,26,198,1424,354,87,122,145,1864,722,9,165,968,612,277,159,176
New Zealand,61689,2023-06,1820,475,33,138,1174,864,128,329,407,1448,152,12,94,1190,853,143,275,435
New Zealand,61689,2023-05,1537,229,33,403,872,499,52,108,339,1590,288,5,168,1129,928,238,411,279
New Zealand,61689,2023-04,1450,733,6,175,536,1006,351,385,270,1561,431,5,328,797,414,138,72,204
New Zealand,61689,2023-03,1341,278,16,112,935,1244,269,533,442,2071,248,9,288,1526,1333,347,264,722
New Zealand,61689,2023-02,1494,502,5,120,867,686,205,240,241,1199,183,4,241,771,1203,235,706,262
Total Other,69906,2026-02,304412,238067,731,5265,60349,40932,2644,6219,32069,296735,238122,535,3386,54692,43737,2995,6585,34157
Total Other,69906,2026-01,297765,243160,402,3870,50333,46165,2410,8213,35542,297069,247419,178,4130,45342,49406,3607,8522,37277
Total Other,69906,2025-12,313322,243073,883,2943,66423,39805,2577,8721,28507,304739,242750,441,2367,59181,39628,3473,7392,28763
Total Other,69906,2025-11,255958,204699,386,3143,47730,46198,2962,6929,36307,252122,204422,394,2870,44436,46041,4089,6521,35431
Total Other,69906,2025-10,304479,243690,432,5266,55091,51393,3601,9579,38213,297014,238409,229,5021,53355,50912,3446,9216,38250
Total Other,69906,2025-09,293441,231108,409,5909,56015,40739,2953,8140,29646,280442,228030,646,3213,48553,42552,2808,9772,29972
Total Other,69906,2025-08,305177,259660,798,2362,42357,23982,2309,6647,15026,307807,263862,291,2971,40683,25281,2844,5860,16577
Total Other,69906,2025-07,293674,249740,896,4102,38936,28120,2464,8649,17007,284365,240387,331,4008,39639,29599,3037,7349,19213
Total Other,69906,2025-06,279178,233242,323,3580,42033,31632,1701,11148,18783,276159,233940,1302,2935,37982,33839,1971,11998,19870
Total Other,69906,2025-05,259566,227391,216,3587,28372,23999,3150,8565,12284,260681,231262,629,3563,25227,27019,2796,9364,14859
Total Other,69906,2025-04,265803,232654,1029,5102,27018,22302,2563,6675,13064,266943,231452,1954,5149,28388,22883,2558,6131,14194
Total Other,69906,2025-03,261309,222359,733,4799,33418,32812,1012,15624,16176,266289,223723,388,2961,39217,32738,1622,15491,15625
Total Other,69906,2025-02,246051,215558,197,2901,27395,21042,1124,7945,11973,246277,212603,1244,3409,29021,20735,1133,8295,11307
Total Other,69906,2025-01,278844,254623,298,3077,20846,28620,1496,15910,11214,287063,258760,589,3750,23964,29197,1697,15257,12243
Total Other,69906,2024-12,283470,244303,1091,5252,32824,21358,1902,4766,14690,275047,241330,263,2411,31043,22746,1732,5811,15203
Total Other,69906,2024-11,234100,200293,355,2508,30944,24649,2000,5781,16868,239684,205736,790,2261,30897,28401,2381,7010,19010
Total Other,69906,2024-10,240741,212160,489,4198,23894,24626,1438,6648,16540,241751,212794,2727,3541,22689,23278,1572,6181,15525
Total Other,69906,2024-09,242630,204411,1515,2931,33773,23635,1446,6722,15467,230533,201759,2916,2765,23093,27657,1406,9694,16557
Total Other,69906,2024-08,263383,232537,3138,3059,24649,20919,1488,4718,14713,264629,236896,1883,2706,23144,19860,1648,4690,13522
Total Other,69906,2024-07,290870,259348,643,4734,26145,22689,551,7653,14485,276984,251029,1191,2779,21985,24497,797,8708,14992
Total Other,69906,2024-06,248488,207881,1519,2590,36498,23506,795,4205,18506,242498,207483,680,2104,32231,25655,710,6261,18684
Total Other,69906,2024-05,259130,229669,379,2263,26819,22479,648,5131,16700,257121,233096,1266,1929,20830,24667,929,6529,17209
Total Other,69906,2024-04,271917,253690,194,1786,16247,20042,1183,4933,13926,268866,249338,2053,2342,15133,20289,887,5776,13626
Total Other,69906,2024-03,284314,248477,8251,4118,23468,23495,820,7501,15174,269769,248639,1953,3526,15651,26525,980,9834,15711
Total Other,69906,2024-02,250133,232074,310,3557,14192,19791,542,6529,12720,248455,231918,573,1893,14071,19186,643,5956,12587
Total Other,69906,2024-01,256504,242372,329,2252,11551,20620,648,6165,13807,246476,229629,3083,2270,11494,20778,486,7219,13073
Total Other,69906,2023-12,221914,197975,4576,1537,17826,19687,441,4998,14248,218057,198507,2405,1163,15982,21343,376,5446,15521
Total Other,69906,2023-11,219284,206568,1383,1742,9591,18737,709,5958,12070,220241,206443,1166,1691,10941,20021,514,6648,12859
Total Other,69906,2023-10,226278,212512,4358,1606,7802,20292,514,5081,14697,238498,213027,4169,1471,19831,19126,891,5719,12516
Total Other,69906,2023-09,227213,209041,4498,1711,11963,19429,304,7186,11939,227733,205197,4018,1400,17118,23144,477,10827,11840
Total Other,69906,2023-08,236541,218221,1924,2996,13400,15057,618,2448,11991,237593,217027,2134,2804,15628,15953,607,2543,12803
Total Other,69906,2023-07,217541,187267,1957,3022,25295,14242,414,3009,10819,218723,191296,442,2774,24211,14932,500,3512,10920
Total Other,69906,2023-06,203691,170475,1278,2582,29356,18649,1234,4358,13057,195831,170007,144,2023,23657,20647,582,5631,14434
Total Other,69906,2023-05,194610,173455,1223,2316,17616,14469,272,4005,10192,201470,173815,343,2297,25015,15558,536,3915,11107
Total Other,69906,2023-04,201024,185246,316,1339,14123,14585,770,3908,9907,203295,184900,309,2133,15953,14844,529,2918,11397
Total Other,69906,2023-03,258717,231645,716,3119,23237,25598,700,6549,18349,265803,232852,698,3407,28846,25683,864,7934,16885
Total Other,69906,2023-02,174919,157370,251,2015,15283,24196,579,6632,16985,175992,158374,159,2715,14744,23956,896,7193,15867
All Countries,69995,2026-02,9055265,3736142,122485,383669,4812969,2419592,415424,244135,1760033,8956020,3734081,101610,331102,4789227,2463296,428913,255440,1778943
All Countries,69995,2026-01,8418695,3699090,140626,335725,4243254,2495365,400038,265871,1829456,8371075,3664405,130771,324203,4251696,2540611,432726,275152,1832733
All Countries,69995,2025-12,8991460,3722512,141697,285693,4841558,2234546,368856,218823,1646867,8862583,3739551,132643,267372,4723017,2260299,377273,230832,1652194
All Countries,69995,2025-11,7768704,3402644,129839,335162,3901059,2058195,272344,220055,1565796,7565388,3335775,143287,278658,3807668,2072116,277871,237737,1556508
All Countries,69995,2025-10,8110745,3744337,165903,324721,3875784,2127754,264204,260525,1603025,8059473,3802939,140133,300691,3815710,2145574,287659,270083,1587832
All Countries,69995,2025-09,7755078,3660507,151136,314631,3628804,2132108,275797,282583,1573728,7556797,3634876,141433,280350,3500138,2160816,277620,293589,1589607
All Countries,69995,2025-08,6922191,3370528,126923,252774,3171966,1791567,248441,219910,1323216,6744643,3322775,112365,224661,3084842,1835999,257441,222658,1355900
All Countries,69995,2025-07,7014242,3621267,113066,274795,3005114,1933861,329971,268528,1335362,6949318,3577805,99239,249341,3022933,1963366,336622,269900,1356844
All Countries,69995,2025-06,7150179,3349917,100587,282335,3417340,1870510,300415,228039,1342056,6955993,3350245,104503,247014,3254231,1910201,312722,244010,1353469
All Countries,69995,2025-05,7271273,3697407,119903,305679,3148284,1661712,270945,238419,1152348,6960622,3563356,97401,267375,3032490,1718992,266360,249613,1203019
All Countries,69995,2025-04,7752847,4106012,174167,309675,3162993,1914024,296148,238438,1379438,7821996,4164702,185651,290962,3180681,1871598,299714,222628,1349256
All Countries,69995,2025-03,7513871,3679026,93285,330405,3411155,1948627,287129,268198,1393300,7334735,3553003,105356,270423,3405953,1966011,290863,276339,1398809
All Countries,69995,2025-02,6559774,3170495,137506,269033,2982740,1737909,269506,222965,1245438,6420012,3065446,138151,254137,2962278,1774820,282998,229750,1262072
All Countries,69995,2025-01,6164907,3027062,101145,250357,2786343,1611874,237239,244212,1130423,6163634,3030873,101740,227727,2803294,1648466,260191,254705,1133570
All Countries,69995,2024-12,6186785,2592232,64887,231800,3297866,1637641,222688,183494,1231459,6125233,2633709,52187,202155,3237182,1649772,225960,204614,1219198
All Countries,69995,2024-11,6302305,2852671,78760,232309,3138565,1640960,248079,184592,1208289,6205438,2887236,80440,240992,2996770,1683363,259379,195814,1228170
All Countries,69995,2024-10,6331089,3310885,88805,289780,2641619,1858534,291282,253064,1314188,6220214,3226570,68655,248560,2676429,1853670,298265,237522,1317883
All Countries,69995,2024-09,5982615,2808645,90232,296280,2787458,1641494,308839,226819,1105836,5735776,2746079,70108,256795,2662794,1676688,309208,245371,1122109
All Countries,69995,2024-08,6159695,3144693,77550,254139,2683313,1466942,282721,178793,1005428,6059453,3121698,67472,238974,2631309,1480873,279945,180788,1020140
All Countries,69995,2024-07,5724327,2920304,60726,237256,2506041,1549484,278246,223507,1047731,5612552,2867723,59254,201954,2483621,1561846,282580,219818,1059448
All Countries,69995,2024-06,5414939,2540100,59937,210005,2604897,1487898,199196,189590,1099112,5344513,2532323,51821,223708,2536661,1528201,205403,209182,1113616
All Countries,69995,2024-05,5379074,2546907,65354,257631,2509182,1476847,174790,204227,1097830,5310906,2503072,74089,217045,2516700,1557049,188232,229558,1139259
All Countries,69995,2024-04,5287728,2711903,60035,221024,2294766,1457734,178385,211765,1067584,5219959,2629511,69232,204284,2316932,1482813,184050,233602,1065161
All Countries,69995,2024-03,5242331,2392039,71629,250146,2528517,1436406,167837,213895,1054674,5100848,2346741,62092,207984,2484031,1491082,178279,238799,1074004
All Countries,69995,2024-02,5052105,2297683,61326,266502,2426594,1221418,155692,192348,873378,4940473,2210504,56901,222680,2450388,1285336,168461,217145,899730
All Countries,69995,2024-01,4843438,2306046,68655,229761,2238976,1283724,161937,206192,915595,4868530,2239156,56959,213447,2358968,1300280,167343,222050,910887
All Countries,69995,2023-12,4659223,1945787,51370,189875,2472191,1210564,106455,152289,951820,4631469,1937908,41536,176219,2475806,1201437,101710,162099,937628
All Countries,69995,2023-11,4280473,2160675,89345,204696,1825757,984562,112390,167964,704208,4123900,2056552,68647,171170,1827531,1005849,117115,170986,717748
All Countries,69995,2023-10,4113211,2212020,79387,166186,1655618,1006511,118614,152404,735493,4168975,2200142,68323,163439,1737071,985533,119813,157932,707788
All Countries,69995,2023-09,3994378,2057250,80084,169354,1687690,978438,107975,155250,715213,3974372,2050025,55364,153579,1715404,978441,98206,165704,714531
All Countries,69995,2023-08,4410498,2290681,71487,202786,1845544,971139,88481,131378,751280,4331922,2282044,54025,150023,1845830,965486,90737,126284,748465
All Countries,69995,2023-07,4109900,2293884,62560,182198,1571258,832927,87842,136041,609044,4064921,2303106,48600,168729,1544486,871390,92034,137364,641992
All Countries,69995,2023-06,4528001,2366198,83963,213011,1864829,978809,105720,157325,715764,4278523,2295425,55078,185371,1742649,1027866,106996,169294,751576
All Countries,69995,2023-05,4272592,2343690,90264,222379,1616259,941908,95197,140680,706031,4196445,2288115,78585,179243,1650502,978236,101839,164905,711492
All Countries,69995,2023-04,3707554,2046229,86155,177012,1398158,900518,94440,147796,658282,3605848,1931498,65983,168283,1440084,897284,98901,141320,657063
All Countries,69995,2023-03,4949814,2603118,107928,251058,1987710,1332460,153978,224019,954463,4762938,2508936,80055,214181,1959766,1305050,159539,229832,915679
All Countries,69995,2023-02,3936386,2031622,78324,232809,1593631,1105101,125333,172847,806921,3802595,1981575,62722,194230,1564068,1106408,127055,187241,792112
International,72907,2026-02,5154,2316,513,1224,1101,3136,0,3127,9,4075,2261,285,356,1173,3126,0,3109,17
International,72907,2026-01,7864,4897,686,921,1360,3374,0,3368,6,6501,3988,547,587,1379,3973,0,3960,13
International,72907,2025-12,7491,3614,811,621,2445,2969,0,2957,12,9209,6268,330,466,2145,3153,0,3143,10
International,72907,2025-11,10072,6494,359,1884,1335,4322,0,4319,3,6967,4170,583,903,1311,2791,0,2785,6
International,72907,2025-10,8261,4744,813,1370,1334,5380,0,5301,79,6711,4388,529,486,1308,6817,0,6807,10
International,72907,2025-09,6105,2388,903,1365,1449,4185,0,4172,13,4454,1861,391,414,1788,4079,0,4067,12
International,72907,2025-08,5205,2709,429,929,1138,22382,0,22378,4,4767,3003,410,414,940,23457,0,23450,7
International,72907,2025-07,7855,4753,799,1299,1004,8515,0,8497,18,5951,3436,553,484,1478,7761,0,7748,13
International,72907,2025-06,10587,6302,507,1825,1953,12577,0,12567,10,6896,3423,294,1730,1449,12879,0,12865,14
International,72907,2025-05,11639,6060,929,3268,1382,2395,0,2367,28,7433,3182,513,2293,1445,3814,0,3800,14
International,72907,2025-04,9253,5200,855,1571,1627,2867,0,2859,8,7342,3998,525,990,1829,2926,0,2917,9
International,72907,2025-03,9580,4534,1264,2029,1753,8608,0,8598,10,5789,2655,454,1208,1472,12899,0,12890,9
International,72907,2025-02,8234,4187,902,1662,1483,2841,0,2838,3,7443,4317,791,885,1450,3536,0,3531,5
International,72907,2025-01,8616,4314,1188,2030,1084,2473,0,2469,4,8734,5715,503,1068,1448,3813,0,3805,8
International,72907,2024-12,11169,7453,874,1110,1732,3271,0,3261,10,5452,2240,321,1162,1729,3757,0,3756,1
International,72907,2024-11,175391,172670,334,706,1681,3873,0,3867,6,176182,173739,424,538,1481,5117,0,5104,13
International,72907,2024-10,195337,190988,1438,1052,1859,4136,0,4121,15,187103,184557,347,830,1369,4380,0,4369,11
International,72907,2024-09,213816,210713,796,1184,1123,2817,0,2801,16,215062,211595,587,1370,1510,3578,0,3565,13
International,72907,2024-08,262106,259538,558,873,1137,7839,0,7822,17,265833,263272,188,673,1700,6323,0,6313,10
International,72907,2024-07,269419,265501,453,1595,1870,7552,0,7547,5,264806,261842,261,1303,1400,10363,0,10358,5
International,72907,2024-06,233617,231376,434,930,877,3157,0,3151,6,240693,238993,112,617,971,2680,0,2671,9
International,72907,2024-05,261794,258320,768,1425,1281,4272,0,4270,2,251814,249125,687,688,1314,4636,0,4630,6
International,72907,2024-04,159013,155932,729,962,1390,4497,0,4494,3,154650,153102,122,175,1251,6237,0,6229,8
International,72907,2024-03,155540,153146,508,681,1205,2306,0,2301,5,151334,149404,239,271,1420,1198,0,1186,12
International,72907,2024-02,133297,130852,595,958,892,5139,0,5131,8,127773,126311,276,285,901,6765,0,6746,19
International,72907,2024-01,132427,130093,301,707,1326,26564,0,26559,5,146723,144391,188,177,1967,28132,0,28121,11
International,72907,2023-12,163509,161105,210,521,1673,1083,0,1079,4,156964,154986,164,311,1503,3912,0,3892,20
International,72907,2023-11,180823,180196,82,309,236,6517,0,6475,42,179727,179307,9,148,263,8345,0,8334,11
International,72907,2023-10,210120,207551,138,581,1850,1811,0,1756,55,202255,199651,767,613,1224,4059,0,4007,52
International,72907,2023-09,198817,196270,716,495,1336,1896,0,1844,52,197243,195424,148,240,1431,2197,0,2195,2
International,72907,2023-08,235465,233536,207,550,1172,753,0,747,6,242604,240432,92,390,1690,2809,0,2804,5
International,72907,2023-07,221219,219082,536,282,1319,8787,0,8783,4,216874,215122,177,159,1416,9644,0,9641,3
International,72907,2023-06,178669,175394,726,1124,1425,4480,0,4472,8,171464,169136,76,886,1366,4444,0,4412,32
International,72907,2023-05,100413,97589,64,827,1933,1320,0,1315,5,91855,89637,119,482,1617,1221,0,1201,20
International,72907,2023-04,57599,56183,113,456,847,4195,0,4188,7,55582,54360,135,202,885,2010,0,2004,6
International,72907,2023-03,25298,23190,219,820,1069,4985,0,4833,152,23973,22354,50,377,1192,2388,0,2384,4
International,72907,2023-02,7224,6338,104,335,447,3173,0,3169,4,7657,6532,108,239,778,7227,0,7117,110
Total Regional Orgs.,76929,2026-02,17337,14951,27,1200,1159,12371,0,12295,76,16518,15083,13,211,1211,11242,0,11166,76
Total Regional Orgs.,76929,2026-01,14207,13114,17,515,561,14061,0,13971,90,12826,11896,83,467,380,16164,0,16066,98
Total Regional Orgs.,76929,2025-12,16917,15136,6,353,1422,7155,0,7068,87,18858,16684,21,989,1164,6223,0,6136,87
Total Regional Orgs.,76929,2025-11,17757,13185,32,1243,3297,6855,0,6756,99,15725,12864,26,655,2180,6551,0,6451,100
Total Regional Orgs.,76929,2025-10,15035,13772,9,305,949,4451,0,4364,87,15405,14037,110,436,822,6540,0,6456,84
Total Regional Orgs.,76929,2025-09,12469,11461,31,523,454,7661,0,7537,124,12642,11281,235,379,747,6673,0,6556,117
Total Regional Orgs.,76929,2025-08,6733,5453,3,1107,170,3494,0,3379,115,4504,3900,22,336,246,5541,0,5430,111
Total Regional Orgs.,76929,2025-07,7670,6116,27,554,973,4742,0,4667,75,8082,7017,101,446,518,4877,0,4807,70
Total Regional Orgs.,76929,2025-06,9137,7095,37,1610,395,5474,0,5407,67,8341,6886,206,951,298,6316,0,6254,62
Total Regional Orgs.,76929,2025-05,9017,7242,74,1424,277,11325,0,11253,72,7309,5477,337,1265,230,11961,0,11907,54
Total Regional Orgs.,76929,2025-04,7161,3917,36,1090,2118,7914,0,7844,70,6872,4743,81,1021,1027,7346,0,7279,67
Total Regional Orgs.,76929,2025-03,14046,12125,64,1153,704,8344,0,8281,63,13925,12054,98,943,830,8579,0,8514,65
Total Regional Orgs.,76929,2025-02,12818,11848,34,721,215,7511,0,7483,28,11870,11035,160,525,150,8325,0,8298,27
Total Regional Orgs.,76929,2025-01,13115,11000,194,1053,868,7229,0,7179,50,12454,10513,90,881,970,10853,0,10791,62
Total Regional Orgs.,76929,2024-12,6696,5569,139,907,81,5072,0,5018,54,6205,5141,94,887,83,4196,0,4134,62
Total Regional Orgs.,76929,2024-11,11050,9629,151,858,412,5110,0,5049,61,10522,9130,136,926,330,6644,0,6608,36
Total Regional Orgs.,76929,2024-10,7146,5296,191,1458,201,6995,0,6962,33,8493,7027,257,1121,88,10937,0,10901,36
Total Regional Orgs.,76929,2024-09,10978,8840,151,734,1253,6257,0,6216,41,10331,8733,157,754,687,6538,0,6498,40
Total Regional Orgs.,76929,2024-08,4663,2729,106,1759,69,10986,0,10952,34,3064,2272,25,626,141,5758,0,5729,29
Total Regional Orgs.,76929,2024-07,8387,7599,79,680,29,7067,0,7007,60,6515,5547,131,812,25,7296,0,7237,59
Total Regional Orgs.,76929,2024-06,8685,7054,52,961,618,5137,0,5117,20,7980,6632,30,988,330,5343,0,5323,20
Total Regional Orgs.,76929,2024-05,5802,4126,45,934,697,2475,0,2446,29,5283,4243,148,503,389,3925,0,3902,23
Total Regional Orgs.,76929,2024-04,4862,3701,98,836,227,4202,0,4169,33,4737,3574,69,827,267,6027,0,5990,37
Total Regional Orgs.,76929,2024-03,2829,1643,149,877,160,3006,0,2973,33,3030,2270,51,648,61,4390,0,4364,26
Total Regional Orgs.,76929,2024-02,9148,6687,155,775,1531,6613,0,6576,37,7839,6370,41,659,769,8082,0,8021,61
Total Regional Orgs.,76929,2024-01,4030,2677,115,1179,59,7469,0,7445,24,3454,2518,65,827,44,10395,0,10367,28
Total Regional Orgs.,76929,2023-12,2831,1627,46,974,184,2105,0,2073,32,2691,1335,135,918,303,3251,0,3224,27
Total Regional Orgs.,76929,2023-11,3590,2094,37,1262,197,5026,0,4961,65,3222,2096,71,818,237,4945,0,4919,26
Total Regional Orgs.,76929,2023-10,2335,1371,248,696,20,4394,0,4337,57,2277,1473,146,618,40,4849,0,4798,51
Total Regional Orgs.,76929,2023-09,5703,3769,95,782,1057,4508,0,4432,76,4575,3437,82,515,541,4564,0,4534,30
Total Regional Orgs.,76929,2023-08,5962,5202,155,481,124,2480,0,2461,19,4229,3747,90,339,53,3241,0,3222,19
Total Regional Orgs.,76929,2023-07,3422,2453,112,389,468,3918,0,3906,12,3252,2424,48,352,428,2972,0,2958,14
Total Regional Orgs.,76929,2023-06,5114,3784,82,409,839,2690,0,2677,13,3403,2597,59,367,380,2824,0,2770,54
Total Regional Orgs.,76929,2023-05,5207,3927,145,1030,105,2386,0,2376,10,6343,5205,150,828,160,2526,0,2509,17
Total Regional Orgs.,76929,2023-04,4329,1835,142,1085,1267,7567,0,7548,19,4174,2486,136,862,690,2612,0,2606,6
Total Regional Orgs.,76929,2023-03,6646,4678,108,1310,550,5316,0,5199,117,7578,4823,59,1239,1457,3327,0,3316,11
Total Regional Orgs.,76929,2023-02,5271,2908,191,952,1220,5710,0,5694,16,3309,1672,153,843,641,6238,0,6154,84
Total IROs,79995,2026-02,22491,17267,540,2424,2260,15507,0,15422,85,20593,17344,298,567,2384,14368,0,14275,93
Total IROs,79995,2026-01,22071,18011,703,1436,1921,17435,0,17339,96,19327,15884,630,1054,1759,20137,0,20026,111
Total IROs,79995,2025-12,24408,18750,817,974,3867,10124,0,10025,99,28067,22952,351,1455,3309,9376,0,9279,97
Total IROs,79995,2025-11,27829,19679,391,3127,4632,11177,0,11075,102,22692,17034,609,1558,3491,9342,0,9236,106
Total IROs,79995,2025-10,23296,18516,822,1675,2283,9831,0,9665,166,22116,18425,639,922,2130,13357,0,13263,94
Total IROs,79995,2025-09,18574,13849,934,1888,1903,11846,0,11709,137,17096,13142,626,793,2535,10752,0,10623,129
Total IROs,79995,2025-08,11938,8162,432,2036,1308,25876,0,25757,119,9271,6903,432,750,1186,28998,0,28880,118
Total IROs,79995,2025-07,15525,10869,826,1853,1977,13257,0,13164,93,14033,10453,654,930,1996,12638,0,12555,83
Total IROs,79995,2025-06,19724,13397,544,3435,2348,18051,0,17974,77,15237,10309,500,2681,1747,19195,0,19119,76
Total IROs,79995,2025-05,20656,13302,1003,4692,1659,13720,0,13620,100,14742,8659,850,3558,1675,15775,0,15707,68
Total IROs,79995,2025-04,16414,9117,891,2661,3745,10781,0,10703,78,14214,8741,606,2011,2856,10272,0,10196,76
Total IROs,79995,2025-03,23626,16659,1328,3182,2457,16952,0,16879,73,19714,14709,552,2151,2302,21478,0,21404,74
Total IROs,79995,2025-02,21052,16035,936,2383,1698,10352,0,10321,31,19313,15352,951,1410,1600,11861,0,11829,32
Total IROs,79995,2025-01,21731,15314,1382,3083,1952,9702,0,9648,54,21188,16228,593,1949,2418,14666,0,14596,70
Total IROs,79995,2024-12,17865,13022,1013,2017,1813,8343,0,8279,64,11657,7381,415,2049,1812,7953,0,7890,63
Total IROs,79995,2024-11,186441,182299,485,1564,2093,8983,0,8916,67,186704,182869,560,1464,1811,11761,0,11712,49
Total IROs,79995,2024-10,202483,196284,1629,2510,2060,11131,0,11083,48,195596,191584,604,1951,1457,15317,0,15270,47
Total IROs,79995,2024-09,224794,219553,947,1918,2376,9074,0,9017,57,225393,220328,744,2124,2197,10116,0,10063,53
Total IROs,79995,2024-08,266769,262267,664,2632,1206,18825,0,18774,51,268897,265544,213,1299,1841,12081,0,12042,39
Total IROs,79995,2024-07,277806,273100,532,2275,1899,14619,0,14554,65,271321,267389,392,2115,1425,17659,0,17595,64
Total IROs,79995,2024-06,242302,238430,486,1891,1495,8294,0,8268,26,248673,245625,142,1605,1301,8023,0,7994,29
Total IROs,79995,2024-05,267596,262446,813,2359,1978,6747,0,6716,31,257097,253368,835,1191,1703,8561,0,8532,29
Total IROs,79995,2024-04,163875,159633,827,1798,1617,8699,0,8663,36,159387,156676,191,1002,1518,12264,0,12219,45
Total IROs,79995,2024-03,158369,154789,657,1558,1365,5312,0,5274,38,154364,151674,290,919,1481,5588,0,5550,38
Total IROs,79995,2024-02,142445,137539,750,1733,2423,11752,0,11707,45,135612,132681,317,944,1670,14847,0,14767,80
Total IROs,79995,2024-01,136457,132770,416,1886,1385,34033,0,34004,29,150177,146909,253,1004,2011,38527,0,38488,39
Total IROs,79995,2023-12,166340,162732,256,1495,1857,3188,0,3152,36,159655,156321,299,1229,1806,7163,0,7116,47
Total IROs,79995,2023-11,184413,182290,119,1571,433,11543,0,11436,107,182949,181403,80,966,500,13290,0,13253,37
Total IROs,79995,2023-10,212455,208922,386,1277,1870,6205,0,6093,112,204532,201124,913,1231,1264,8908,0,8805,103
Total IROs,79995,2023-09,204520,200039,811,1277,2393,6404,0,6276,128,201818,198861,230,755,1972,6761,0,6729,32
Total IROs,79995,2023-08,241427,238738,362,1031,1296,3233,0,3208,25,246833,244179,182,729,1743,6050,0,6026,24
Total IROs,79995,2023-07,224641,221535,648,671,1787,12705,0,12689,16,220126,217546,225,511,1844,12616,0,12599,17
Total IROs,79995,2023-06,183783,179178,808,1533,2264,7170,0,7149,21,174867,171733,135,1253,1746,7268,0,7182,86
Total IROs,79995,2023-05,105620,101516,209,1857,2038,3706,0,3691,15,98198,94842,269,1310,1777,3747,0,3710,37
Total IROs,79995,2023-04,61928,58018,255,1541,2114,11762,0,11736,26,59756,56846,271,1064,1575,4622,0,4610,12
Total IROs,79995,2023-03,31944,27868,327,2130,1619,10301,0,10032,269,31551,27177,109,1616,2649,5715,0,5700,15
Total IROs,79995,2023-02,12495,9246,295,1287,1667,8883,0,8863,20,10966,8204,261,1082,1419,13465,0,13271,194
Grand Total,99996,2026-02,9077756,3753409,123025,386093,4815229,2435099,415424,259557,1760118,8976613,3751425,101908,331669,4791611,2477664,428913,269715,1779036
Grand Total,99996,2026-01,8440766,3717101,141329,337161,4245175,2512800,400038,283210,1829552,8390402,3680289,131401,325257,4253455,2560748,432726,295178,1832844
Grand Total,99996,2025-12,9015868,3741262,142514,286667,4845425,2244670,368856,228848,1646966,8890650,3762503,132994,268827,4726326,2269675,377273,240111,1652291
Grand Total,99996,2025-11,7796533,3422323,130230,338289,3905691,2069372,272344,231130,1565898,7588080,3352809,143896,280216,3811159,2081458,277871,246973,1556614
Grand Total,99996,2025-10,8134041,3762853,166725,326396,3878067,2137585,264204,270190,1603191,8081589,3821364,140772,301613,3817840,2158931,287659,283346,1587926
Grand Total,99996,2025-09,7773652,3674356,152070,316519,3630707,2143954,275797,294292,1573865,7573893,3648018,142059,281143,3502673,2171568,277620,304212,1589736
Grand Total,99996,2025-08,6934129,3378690,127355,254810,3173274,1817443,248441,245667,1323335,6753914,3329678,112797,225411,3086028,1864997,257441,251538,1356018
Grand Total,99996,2025-07,7029767,3632136,113892,276648,3007091,1947118,329971,281692,1335455,6963351,3588258,99893,250271,3024929,1976004,336622,282455,1356927
Grand Total,99996,2025-06,7169903,3363314,101131,285770,3419688,1888561,300415,246013,1342133,6971230,3360554,105003,249695,3255978,1929396,312722,263129,1353545
Grand Total,99996,2025-05,7291929,3710709,120906,310371,3149943,1675432,270945,252039,1152448,6975364,3572015,98251,270933,3034165,1734767,266360,265320,1203087
Grand Total,99996,2025-04,7769261,4115129,175058,312336,3166738,1924805,296148,249141,1379516,7836210,4173443,186257,292973,3183537,1881870,299714,232824,1349332
Grand Total,99996,2025-03,7537497,3695685,94613,333587,3413612,1965579,287129,285077,1393373,7354449,3567712,105908,272574,3408255,1987489,290863,297743,1398883
Grand Total,99996,2025-02,6580826,3186530,138442,271416,2984438,1748261,269506,233286,1245469,6439325,3080798,139102,255547,2963878,1786681,282998,241579,1262104
Grand Total,99996,2025-01,6186638,3042376,102527,253440,2788295,1621576,237239,253860,1130477,6184822,3047101,102333,229676,2805712,1663132,260191,269301,1133640
Grand Total,99996,2024-12,6204650,2605254,65900,233817,3299679,1645984,222688,191773,1231523,6136890,2641090,52602,204204,3238994,1657725,225960,212504,1219261
Grand Total,99996,2024-11,6488746,3034970,79245,233873,3140658,1649943,248079,193508,1208356,6392142,3070105,81000,242456,2998581,1695124,259379,207526,1228219
Grand Total,99996,2024-10,6533572,3507169,90434,292290,2643679,1869665,291282,264147,1314236,6415810,3418154,69259,250511,2677886,1868987,298265,252792,1317930
Grand Total,99996,2024-09,6207409,3028198,91179,298198,2789834,1650568,308839,235836,1105893,5961169,2966407,70852,258919,2664991,1686804,309208,255434,1122162
Grand Total,99996,2024-08,6426464,3406960,78214,256771,2684519,1485767,282721,197567,1005479,6328350,3387242,67685,240273,2633150,1492954,279945,192830,1020179
Grand Total,99996,2024-07,6002133,3193404,61258,239531,2507940,1564103,278246,238061,1047796,5883873,3135112,59646,204069,2485046,1579505,282580,237413,1059512
Grand Total,99996,2024-06,5657241,2778530,60423,211896,2606392,1496192,199196,197858,1099138,5593186,2777948,51963,225313,2537962,1536224,205403,217176,1113645
Grand Total,99996,2024-05,5646670,2809353,66167,259990,2511160,1483594,174790,210943,1097861,5568003,2756440,74924,218236,2518403,1565610,188232,238090,1139288
Grand Total,99996,2024-04,5451603,2871536,60862,222822,2296383,1466433,178385,220428,1067620,5379346,2786187,69423,205286,2318450,1495077,184050,245821,1065206
Grand Total,99996,2024-03,5400700,2546828,72286,251704,2529882,1441718,167837,219169,1054712,5255212,2498415,62382,208903,2485512,1496670,178279,244349,1074042
Grand Total,99996,2024-02,5194550,2435222,62076,268235,2429017,1233170,155692,204055,873423,5076085,2343185,57218,223624,2452058,1300183,168461,231912,899810
Grand Total,99996,2024-01,4979895,2438816,69071,231647,2240361,1317757,161937,240196,915624,5018707,2386065,57212,214451,2360979,1338807,167343,260538,910926
Grand Total,99996,2023-12,4825563,2108519,51626,191370,2474048,1213752,106455,155441,951856,4791124,2094229,41835,177448,2477612,1208600,101710,169215,937675
Grand Total,99996,2023-11,4464886,2342965,89464,206267,1826190,996105,112390,179400,704315,4306849,2237955,68727,172136,1828031,1019139,117115,184239,717785
Grand Total,99996,2023-10,4325666,2420942,79773,167463,1657488,1012716,118614,158497,735605,4373507,2401266,69236,164670,1738335,994441,119813,166737,707891
Grand Total,99996,2023-09,4198898,2257289,80895,170631,1690083,984842,107975,161526,715341,4176190,2248886,55594,154334,1717376,985202,98206,172433,714563
Grand Total,99996,2023-08,4651925,2529419,71849,203817,1846840,974372,88481,134586,751305,4578755,2526223,54207,150752,1847573,971536,90737,132310,748489
Grand Total,99996,2023-07,4334541,2515419,63208,182869,1573045,845632,87842,148730,609060,4285047,2520652,48825,169240,1546330,884006,92034,149963,642009
Grand Total,99996,2023-06,4711784,2545376,84771,214544,1867093,985979,105720,164474,715785,4453390,2467158,55213,186624,1744395,1035134,106996,176476,751662
Grand Total,99996,2023-05,4378212,2445206,90473,224236,1618297,945614,95197,144371,706046,4294643,2382957,78854,180553,1652279,981983,101839,168615,711529
Grand Total,99996,2023-04,3769482,2104247,86410,178553,1400272,912280,94440,159532,658308,3665604,1988344,66254,169347,1441659,901906,98901,145930,657075
Grand Total,99996,2023-03,4981758,2630986,108255,253188,1989329,1342761,153978,234051,954732,4794489,2536113,80164,215797,1962415,1310765,159539,235532,915694
Grand Total,99996,2023-02,3948881,2040868,78619,234096,1595298,1113984,125333,181710,806941,3813561,1989779,62983,195312,1565487,1119873,127055,200512,792306
Of Which: Foreign Official,99990,2026-02,1087345,933404,13401,28259,112281,n.a.,n.a.,n.a.,n.a.,1133473,959373,13111,22364,138625,n.a.,n.a.,n.a.,n.a.
Of Which: Foreign Official,99990,2026-01,1023846,886745,12151,23717,101233,n.a.,n.a.,n.a.,n.a.,1002010,836119,17311,22419,126161,n.a.,n.a.,n.a.,n.a.
Of Which: Foreign Official,99990,2025-12,1007074,840934,15528,18645,131967,n.a.,n.a.,n.a.,n.a.,999867,862029,19167,18112,100559,n.a.,n.a.,n.a.,n.a.
Of Which: Foreign Official,99990,2025-11,807945,641276,16555,29855,120259,n.a.,n.a.,n.a.,n.a.,743696,608108,19130,19507,96951,n.a.,n.a.,n.a.,n.a.
Of Which: Foreign Official,99990,2025-10,832001,700851,19785,23378,87987,n.a.,n.a.,n.a.,n.a.,842071,725619,14139,21629,80684,n.a.,n.a.,n.a.,n.a.
Of Which: Foreign Official,99990,2025-09,806845,671768,15181,23275,96621,n.a.,n.a.,n.a.,n.a.,809994,688104,20665,20476,80749,n.a.,n.a.,n.a.,n.a.
Of Which: Foreign Official,99990,2025-08,742421,634549,12937,18480,76455,n.a.,n.a.,n.a.,n.a.,758095,643248,20564,15005,79278,n.a.,n.a.,n.a.,n.a.
Of Which: Foreign Official,99990,2025-07,914594,810746,10409,22548,70891,n.a.,n.a.,n.a.,n.a.,918559,803722,14934,18670,81233,n.a.,n.a.,n.a.,n.a.
Of Which: Foreign Official,99990,2025-06,904761,744824,10489,20696,128752,n.a.,n.a.,n.a.,n.a.,866584,753608,13594,17414,81968,n.a.,n.a.,n.a.,n.a.
Of Which: Foreign Official,99990,2025-05,899995,768165,11652,22134,98044,n.a.,n.a.,n.a.,n.a.,878037,752223,19565,19942,86307,n.a.,n.a.,n.a.,n.a.
Of Which: Foreign Official,99990,2025-04,912735,793342,13149,23633,82611,n.a.,n.a.,n.a.,n.a.,954216,798785,19610,20047,115774,n.a.,n.a.,n.a.,n.a.
Of Which: Foreign Official,99990,2025-03,906096,774822,13880,25151,92243,n.a.,n.a.,n.a.,n.a.,869306,733918,21733,20614,93041,n.a.,n.a.,n.a.,n.a.
Of Which: Foreign Official,99990,2025-02,795958,673105,15383,21130,86340,n.a.,n.a.,n.a.,n.a.,820682,694774,23875,16708,85325,n.a.,n.a.,n.a.,n.a.
Of Which: Foreign Official,99990,2025-01,659262,565481,16969,13766,63046,n.a.,n.a.,n.a.,n.a.,718136,589679,22070,15327,91060,n.a.,n.a.,n.a.,n.a.
Of Which: Foreign Official,99990,2024-12,646730,550543,14138,14219,67830,n.a.,n.a.,n.a.,n.a.,694909,590630,16411,13217,74651,n.a.,n.a.,n.a.,n.a.
Of Which: Foreign Official,99990,2024-11,869298,748207,19316,16741,85034,n.a.,n.a.,n.a.,n.a.,861944,749271,20468,16930,75275,n.a.,n.a.,n.a.,n.a.
Of Which: Foreign Official,99990,2024-10,964035,845629,28361,23226,66819,n.a.,n.a.,n.a.,n.a.,948838,830536,29635,16017,72650,n.a.,n.a.,n.a.,n.a.
Of Which: Foreign Official,99990,2024-09,832426,714732,26114,16497,75083,n.a.,n.a.,n.a.,n.a.,827280,719494,29014,15178,63594,n.a.,n.a.,n.a.,n.a.
Of Which: Foreign Official,99990,2024-08,884751,783936,17954,15291,67570,n.a.,n.a.,n.a.,n.a.,917456,813768,23676,13777,66235,n.a.,n.a.,n.a.,n.a.
Of Which: Foreign Official,99990,2024-07,850447,754910,17684,15359,62494,n.a.,n.a.,n.a.,n.a.,888620,788256,22667,13091,64606,n.a.,n.a.,n.a.,n.a.
Of Which: Foreign Official,99990,2024-06,777885,672011,14791,13640,77443,n.a.,n.a.,n.a.,n.a.,779595,678663,18386,12520,70026,n.a.,n.a.,n.a.,n.a.
Of Which: Foreign Official,99990,2024-05,712717,619101,15053,18943,59620,n.a.,n.a.,n.a.,n.a.,723178,630385,18564,12055,62174,n.a.,n.a.,n.a.,n.a.
Of Which: Foreign Official,99990,2024-04,857199,774519,12382,14933,55365,n.a.,n.a.,n.a.,n.a.,822430,734975,18803,12096,56556,n.a.,n.a.,n.a.,n.a.
Of Which: Foreign Official,99990,2024-03,797779,692978,15221,18155,71425,n.a.,n.a.,n.a.,n.a.,752306,661260,22531,11583,56932,n.a.,n.a.,n.a.,n.a.
Of Which: Foreign Official,99990,2024-02,609209,516859,12693,16389,63268,n.a.,n.a.,n.a.,n.a.,595782,500158,17835,12131,65658,n.a.,n.a.,n.a.,n.a.
Of Which: Foreign Official,99990,2024-01,620853,524258,17412,17520,61663,n.a.,n.a.,n.a.,n.a.,616459,527043,17366,12132,59918,n.a.,n.a.,n.a.,n.a.
Of Which: Foreign Official,99990,2023-12,531288,446030,12072,11825,61361,n.a.,n.a.,n.a.,n.a.,500080,422322,13018,9019,55721,n.a.,n.a.,n.a.,n.a.
Of Which: Foreign Official,99990,2023-11,424499,355088,13018,11551,44842,n.a.,n.a.,n.a.,n.a.,459485,387415,17569,8838,45663,n.a.,n.a.,n.a.,n.a.
Of Which: Foreign Official,99990,2023-10,397015,332576,18431,9507,36501,n.a.,n.a.,n.a.,n.a.,421677,352668,12931,7693,48385,n.a.,n.a.,n.a.,n.a.
Of Which: Foreign Official,99990,2023-09,424161,359451,14486,8324,41900,n.a.,n.a.,n.a.,n.a.,423118,343729,14239,7502,57648,n.a.,n.a.,n.a.,n.a.
Of Which: Foreign Official,99990,2023-08,494820,415222,15020,14390,50188,n.a.,n.a.,n.a.,n.a.,489886,420570,13901,6995,48420,n.a.,n.a.,n.a.,n.a.
Of Which: Foreign Official,99990,2023-07,496713,424737,15223,11173,45580,n.a.,n.a.,n.a.,n.a.,510527,448207,13467,10766,38087,n.a.,n.a.,n.a.,n.a.
Of Which: Foreign Official,99990,2023-06,540239,438460,27540,10163,64076,n.a.,n.a.,n.a.,n.a.,483831,412406,15180,8834,47411,n.a.,n.a.,n.a.,n.a.
Of Which: Foreign Official,99990,2023-05,509742,433511,18498,11768,45965,n.a.,n.a.,n.a.,n.a.,472199,406680,12944,9659,42916,n.a.,n.a.,n.a.,n.a.
Of Which: Foreign Official,99990,2023-04,464888,398640,13713,9872,42663,n.a.,n.a.,n.a.,n.a.,429341,363179,12337,10343,43482,n.a.,n.a.,n.a.,n.a.
Of Which: Foreign Official,99990,2023-03,588900,481655,25698,16552,64995,n.a.,n.a.,n.a.,n.a.,556855,476438,11664,10119,58634,n.a.,n.a.,n.a.,n.a.
Of Which: Foreign Official,99990,2023-02,549677,471063,15177,9269,54168,n.a.,n.a.,n.a.,n.a.,487994,423654,12568,10184,41588,n.a.,n.a.,n.a.,n.a.
Of Which: Foreign Non-Official,99991,2026-02,7990411,2820005,109624,357834,4702948,n.a.,n.a.,n.a.,n.a.,7843140,2792052,88797,309305,4652986,n.a.,n.a.,n.a.,n.a.
Of Which: Foreign Non-Official,99991,2026-01,7416920,2830356,129178,313444,4143942,n.a.,n.a.,n.a.,n.a.,7388392,2844170,114090,302838,4127294,n.a.,n.a.,n.a.,n.a.
Of Which: Foreign Non-Official,99991,2025-12,8008794,2900328,126986,268022,4713458,n.a.,n.a.,n.a.,n.a.,7890783,2900474,113827,250715,4625767,n.a.,n.a.,n.a.,n.a.
Of Which: Foreign Non-Official,99991,2025-11,6988588,2781047,113675,308434,3785432,n.a.,n.a.,n.a.,n.a.,6844384,2744701,124766,260709,3714208,n.a.,n.a.,n.a.,n.a.
Of Which: Foreign Non-Official,99991,2025-10,7302040,3062002,146940,303018,3790080,n.a.,n.a.,n.a.,n.a.,7239518,3095745,126633,279984,3737156,n.a.,n.a.,n.a.,n.a.
Of Which: Foreign Non-Official,99991,2025-09,6966807,3002588,136889,293244,3534086,n.a.,n.a.,n.a.,n.a.,6763899,2959914,121394,260667,3421924,n.a.,n.a.,n.a.,n.a.
Of Which: Foreign Non-Official,99991,2025-08,6191708,2744141,114418,236330,3096819,n.a.,n.a.,n.a.,n.a.,5995819,2686430,92233,210406,3006750,n.a.,n.a.,n.a.,n.a.
Of Which: Foreign Non-Official,99991,2025-07,6115173,2821390,103483,254100,2936200,n.a.,n.a.,n.a.,n.a.,6044792,2784536,84959,231601,2943696,n.a.,n.a.,n.a.,n.a.
Of Which: Foreign Non-Official,99991,2025-06,6265142,2618490,90642,265074,3290936,n.a.,n.a.,n.a.,n.a.,6104646,2606946,91409,232281,3174010,n.a.,n.a.,n.a.,n.a.
Of Which: Foreign Non-Official,99991,2025-05,6391934,2942544,109254,288237,3051899,n.a.,n.a.,n.a.,n.a.,6097327,2819792,78686,250991,2947858,n.a.,n.a.,n.a.,n.a.
Of Which: Foreign Non-Official,99991,2025-04,6856526,3321787,161909,288703,3084127,n.a.,n.a.,n.a.,n.a.,6881994,3374658,166647,272926,3067763,n.a.,n.a.,n.a.,n.a.
Of Which: Foreign Non-Official,99991,2025-03,6631401,2920863,80733,308436,3321369,n.a.,n.a.,n.a.,n.a.,6485143,2833794,84175,251960,3315214,n.a.,n.a.,n.a.,n.a.
Of Which: Foreign Non-Official,99991,2025-02,5784868,2513425,123059,250286,2898098,n.a.,n.a.,n.a.,n.a.,5618643,2386024,115227,238839,2878553,n.a.,n.a.,n.a.,n.a.
Of Which: Foreign Non-Official,99991,2025-01,5527376,2476895,85558,239674,2725249,n.a.,n.a.,n.a.,n.a.,5466686,2457422,80263,214349,2714652,n.a.,n.a.,n.a.,n.a.
Of Which: Foreign Non-Official,99991,2024-12,5557920,2054711,51762,219598,3231849,n.a.,n.a.,n.a.,n.a.,5441981,2050460,36191,190987,3164343,n.a.,n.a.,n.a.,n.a.
Of Which: Foreign Non-Official,99991,2024-11,5619448,2286763,59929,217132,3055624,n.a.,n.a.,n.a.,n.a.,5530198,2320834,60532,225526,2923306,n.a.,n.a.,n.a.,n.a.
Of Which: Foreign Non-Official,99991,2024-10,5569537,2661540,62073,269064,2576860,n.a.,n.a.,n.a.,n.a.,5466972,2587618,39624,234494,2605236,n.a.,n.a.,n.a.,n.a.
Of Which: Foreign Non-Official,99991,2024-09,5374983,2313466,65065,281701,2714751,n.a.,n.a.,n.a.,n.a.,5133889,2246913,41838,243741,2601397,n.a.,n.a.,n.a.,n.a.
Of Which: Foreign Non-Official,99991,2024-08,5541713,2623024,60260,241480,2616949,n.a.,n.a.,n.a.,n.a.,5410894,2573474,44009,226496,2566915,n.a.,n.a.,n.a.,n.a.
Of Which: Foreign Non-Official,99991,2024-07,5151686,2438494,43574,224172,2445446,n.a.,n.a.,n.a.,n.a.,4995253,2346856,36979,190978,2420440,n.a.,n.a.,n.a.,n.a.
Of Which: Foreign Non-Official,99991,2024-06,4879356,2106519,45632,198256,2528949,n.a.,n.a.,n.a.,n.a.,4813591,2099285,33577,212793,2467936,n.a.,n.a.,n.a.,n.a.
Of Which: Foreign Non-Official,99991,2024-05,4933953,2190252,51114,241047,2451540,n.a.,n.a.,n.a.,n.a.,4844825,2126055,56360,206181,2456229,n.a.,n.a.,n.a.,n.a.
Of Which: Foreign Non-Official,99991,2024-04,4594404,2097017,48480,207889,2241018,n.a.,n.a.,n.a.,n.a.,4556916,2051212,50620,193190,2261894,n.a.,n.a.,n.a.,n.a.
Of Which: Foreign Non-Official,99991,2024-03,4602921,1853850,57065,233549,2458457,n.a.,n.a.,n.a.,n.a.,4502906,1837155,39851,197320,2428580,n.a.,n.a.,n.a.,n.a.
Of Which: Foreign Non-Official,99991,2024-02,4585341,1918363,49383,251846,2365749,n.a.,n.a.,n.a.,n.a.,4480303,1843027,39383,211493,2386400,n.a.,n.a.,n.a.,n.a.
Of Which: Foreign Non-Official,99991,2024-01,4359042,1914558,51659,214127,2178698,n.a.,n.a.,n.a.,n.a.,4402248,1859022,39846,202319,2301061,n.a.,n.a.,n.a.,n.a.
Of Which: Foreign Non-Official,99991,2023-12,4294275,1662489,39554,179545,2412687,n.a.,n.a.,n.a.,n.a.,4291044,1671907,28817,168429,2421891,n.a.,n.a.,n.a.,n.a.
Of Which: Foreign Non-Official,99991,2023-11,4040387,1987877,76446,194716,1781348,n.a.,n.a.,n.a.,n.a.,3847364,1850540,51158,163298,1782368,n.a.,n.a.,n.a.,n.a.
Of Which: Foreign Non-Official,99991,2023-10,3928651,2088366,61342,157956,1620987,n.a.,n.a.,n.a.,n.a.,3951830,2048598,56305,156977,1689950,n.a.,n.a.,n.a.,n.a.
Of Which: Foreign Non-Official,99991,2023-09,3774737,1897838,66409,162307,1648183,n.a.,n.a.,n.a.,n.a.,3753072,1905157,41355,146832,1659728,n.a.,n.a.,n.a.,n.a.
Of Which: Foreign Non-Official,99991,2023-08,4157105,2114197,56829,189427,1796652,n.a.,n.a.,n.a.,n.a.,4088869,2105653,40306,143757,1799153,n.a.,n.a.,n.a.,n.a.
Of Which: Foreign Non-Official,99991,2023-07,3837828,2090682,47985,171696,1527465,n.a.,n.a.,n.a.,n.a.,3774520,2072445,35358,158474,1508243,n.a.,n.a.,n.a.,n.a.
Of Which: Foreign Non-Official,99991,2023-06,4171545,2106916,57231,204381,1803017,n.a.,n.a.,n.a.,n.a.,3969559,2054752,40033,177790,1696984,n.a.,n.a.,n.a.,n.a.
Of Which: Foreign Non-Official,99991,2023-05,3868470,2011695,71975,212468,1572332,n.a.,n.a.,n.a.,n.a.,3822444,1976277,65910,170894,1609363,n.a.,n.a.,n.a.,n.a.
Of Which: Foreign Non-Official,99991,2023-04,3304594,1705607,72697,168681,1357609,n.a.,n.a.,n.a.,n.a.,3236263,1625165,53917,159004,1398177,n.a.,n.a.,n.a.,n.a.
Of Which: Foreign Non-Official,99991,2023-03,4392858,2149331,82557,236636,1924334,n.a.,n.a.,n.a.,n.a.,4237634,2059675,68500,205678,1903781,n.a.,n.a.,n.a.,n.a.
Of Which: Foreign Non-Official,99991,2023-02,3399204,1569805,63442,224827,1541130,n.a.,n.a.,n.a.,n.a.,3325567,1566125,50415,185128,1523899,n.a.,n.a.,n.a.,n.a.
Of Which: Asset-Backed Securities,89991,2026-02,124446,n.a.,107610,16836,n.a.,39077,0,39077,n.a.,101479,n.a.,88079,13400,n.a.,38504,180,38324,n.a.
Of Which: Asset-Backed Securities,89991,2026-01,134447,n.a.,118286,16161,n.a.,32622,19,32603,n.a.,126534,n.a.,109643,16891,n.a.,28379,32,28347,n.a.
Of Which: Asset-Backed Securities,89991,2025-12,131727,n.a.,114391,17336,n.a.,37869,4,37865,n.a.,118785,n.a.,107241,11544,n.a.,52113,133,51980,n.a.
Of Which: Asset-Backed Securities,89991,2025-11,123662,n.a.,105928,17734,n.a.,27953,0,27953,n.a.,136933,n.a.,121274,15659,n.a.,29652,56,29596,n.a.
Of Which: Asset-Backed Securities,89991,2025-10,165074,n.a.,145475,19599,n.a.,53190,16,53174,n.a.,136793,n.a.,120751,16042,n.a.,50180,4,50176,n.a.
Of Which: Asset-Backed Securities,89991,2025-09,149445,n.a.,130458,18987,n.a.,44501,0,44501,n.a.,133699,n.a.,120278,13421,n.a.,43624,16,43608,n.a.
Of Which: Asset-Backed Securities,89991,2025-08,128690,n.a.,109575,19115,n.a.,42308,0,42308,n.a.,108138,n.a.,95213,12925,n.a.,40198,100,40098,n.a.
Of Which: Asset-Backed Securities,89991,2025-07,114500,n.a.,96894,17606,n.a.,42977,19,42958,n.a.,97644,n.a.,84138,13506,n.a.,39214,25,39189,n.a.
Of Which: Asset-Backed Securities,89991,2025-06,96289,n.a.,80927,15362,n.a.,24387,2,24385,n.a.,98131,n.a.,85784,12347,n.a.,27288,97,27191,n.a.
Of Which: Asset-Backed Securities,89991,2025-05,124927,n.a.,105785,19142,n.a.,22826,0,22826,n.a.,97908,n.a.,83509,14399,n.a.,24255,0,24255,n.a.
Of Which: Asset-Backed Securities,89991,2025-04,178612,n.a.,162580,16032,n.a.,38761,15,38746,n.a.,189505,n.a.,172673,16832,n.a.,33084,2,33082,n.a.
Of Which: Asset-Backed Securities,89991,2025-03,101650,n.a.,83217,18433,n.a.,52202,1,52201,n.a.,107162,n.a.,94417,12745,n.a.,49719,220,49499,n.a.
Of Which: Asset-Backed Securities,89991,2025-02,136636,n.a.,120004,16632,n.a.,43591,0,43591,n.a.,134868,n.a.,119921,14947,n.a.,36172,8,36164,n.a.
Of Which: Asset-Backed Securities,89991,2025-01,106476,n.a.,87239,19237,n.a.,40409,17,40392,n.a.,106045,n.a.,87009,19036,n.a.,30640,54,30586,n.a.
Of Which: Asset-Backed Securities,89991,2024-12,60380,n.a.,47164,13216,n.a.,45311,2,45309,n.a.,49784,n.a.,39919,9865,n.a.,59624,155,59469,n.a.
Of Which: Asset-Backed Securities,89991,2024-11,69531,n.a.,58004,11527,n.a.,35267,1,35266,n.a.,73823,n.a.,62027,11796,n.a.,34023,158,33865,n.a.
Of Which: Asset-Backed Securities,89991,2024-10,87840,n.a.,72726,15114,n.a.,52111,31,52080,n.a.,70064,n.a.,56660,13404,n.a.,37825,248,37577,n.a.
Of Which: Asset-Backed Securities,89991,2024-09,94681,n.a.,78134,16547,n.a.,35556,2,35554,n.a.,74889,n.a.,63359,11530,n.a.,35133,324,34809,n.a.
Of Which: Asset-Backed Securities,89991,2024-08,90128,n.a.,71043,19085,n.a.,36669,1,36668,n.a.,78857,n.a.,61553,17304,n.a.,36334,4,36330,n.a.
Of Which: Asset-Backed Securities,89991,2024-07,72312,n.a.,55419,16893,n.a.,47352,27,47325,n.a.,68385,n.a.,54487,13898,n.a.,37545,187,37358,n.a.
Of Which: Asset-Backed Securities,89991,2024-06,63987,n.a.,50017,13970,n.a.,39499,0,39499,n.a.,56807,n.a.,45697,11110,n.a.,41818,165,41653,n.a.
Of Which: Asset-Backed Securities,89991,2024-05,72588,n.a.,59621,12967,n.a.,32632,0,32632,n.a.,84433,n.a.,70301,14132,n.a.,38998,63,38935,n.a.
Of Which: Asset-Backed Securities,89991,2024-04,70971,n.a.,55834,15137,n.a.,37041,30,37011,n.a.,84666,n.a.,64053,20613,n.a.,34125,113,34012,n.a.
Of Which: Asset-Backed Securities,89991,2024-03,85186,n.a.,67538,17648,n.a.,31530,0,31530,n.a.,73139,n.a.,58840,14299,n.a.,38246,382,37864,n.a.
Of Which: Asset-Backed Securities,89991,2024-02,73248,n.a.,52047,21201,n.a.,21951,0,21951,n.a.,66523,n.a.,50491,16032,n.a.,23634,54,23580,n.a.
Of Which: Asset-Backed Securities,89991,2024-01,70559,n.a.,51047,19512,n.a.,22887,47,22840,n.a.,70949,n.a.,52921,18028,n.a.,20746,2,20744,n.a.
Of Which: Asset-Backed Securities,89991,2023-12,60205,n.a.,48291,11914,n.a.,20050,2,20048,n.a.,48904,n.a.,38853,10051,n.a.,25032,61,24971,n.a.
Of Which: Asset-Backed Securities,89991,2023-11,91294,n.a.,76038,15256,n.a.,28609,5,28604,n.a.,73005,n.a.,62008,10997,n.a.,30422,28,30394,n.a.
Of Which: Asset-Backed Securities,89991,2023-10,75769,n.a.,63025,12744,n.a.,31820,3,31817,n.a.,69216,n.a.,59207,10009,n.a.,34264,0,34264,n.a.
Of Which: Asset-Backed Securities,89991,2023-09,77808,n.a.,65950,11858,n.a.,29922,3,29919,n.a.,53734,n.a.,43645,10089,n.a.,20549,1,20548,n.a.
Of Which: Asset-Backed Securities,89991,2023-08,76005,n.a.,57513,18492,n.a.,25516,2,25514,n.a.,58486,n.a.,43516,14970,n.a.,17825,0,17825,n.a.
Of Which: Asset-Backed Securities,89991,2023-07,64321,n.a.,48706,15615,n.a.,20753,52,20701,n.a.,53831,n.a.,39212,14619,n.a.,15296,1,15295,n.a.
Of Which: Asset-Backed Securities,89991,2023-06,88508,n.a.,71891,16617,n.a.,17178,22,17156,n.a.,53390,n.a.,38975,14415,n.a.,19497,60,19437,n.a.
Of Which: Asset-Backed Securities,89991,2023-05,79621,n.a.,61029,18592,n.a.,11551,3,11548,n.a.,57589,n.a.,44307,13282,n.a.,23599,2,23597,n.a.
Of Which: Asset-Backed Securities,89991,2023-04,61108,n.a.,51169,9939,n.a.,21505,3,21502,n.a.,54173,n.a.,41136,13037,n.a.,23158,31,23127,n.a.
Of Which: Asset-Backed Securities,89991,2023-03,91459,n.a.,59497,31962,n.a.,27214,54,27160,n.a.,59071,n.a.,42479,16592,n.a.,19625,103,19522,n.a.
Of Which: Asset-Backed Securities,89991,2023-02,63763,n.a.,48385,15378,n.a.,10217,37,10180,n.a.,46130,n.a.,35889,10241,n.a.,20605,0,20605,n.a.
Of Which: Fund Shares,84018,2026-02,839048,n.a.,n.a.,n.a.,839048,74313,n.a.,n.a.,74313,805511,n.a.,n.a.,n.a.,805511,85952,n.a.,n.a.,85952
Of Which: Fund Shares,84018,2026-01,887271,n.a.,n.a.,n.a.,887271,94106,n.a.,n.a.,94106,881604,n.a.,n.a.,n.a.,881604,93915,n.a.,n.a.,93915
Of Which: Fund Shares,84018,2025-12,980939,n.a.,n.a.,n.a.,980939,83260,n.a.,n.a.,83260,931296,n.a.,n.a.,n.a.,931296,85063,n.a.,n.a.,85063
Of Which: Fund Shares,84018,2025-11,685610,n.a.,n.a.,n.a.,685610,61912,n.a.,n.a.,61912,649510,n.a.,n.a.,n.a.,649510,61683,n.a.,n.a.,61683
Of Which: Fund Shares,84018,2025-10,763304,n.a.,n.a.,n.a.,763304,85475,n.a.,n.a.,85475,731420,n.a.,n.a.,n.a.,731420,82039,n.a.,n.a.,82039
Of Which: Fund Shares,84018,2025-09,738219,n.a.,n.a.,n.a.,738219,79683,n.a.,n.a.,79683,706147,n.a.,n.a.,n.a.,706147,85880,n.a.,n.a.,85880
Of Which: Fund Shares,84018,2025-08,638173,n.a.,n.a.,n.a.,638173,64663,n.a.,n.a.,64663,605687,n.a.,n.a.,n.a.,605687,74052,n.a.,n.a.,74052
Of Which: Fund Shares,84018,2025-07,675555,n.a.,n.a.,n.a.,675555,74558,n.a.,n.a.,74558,650740,n.a.,n.a.,n.a.,650740,71942,n.a.,n.a.,71942
Of Which: Fund Shares,84018,2025-06,707725,n.a.,n.a.,n.a.,707725,74934,n.a.,n.a.,74934,661358,n.a.,n.a.,n.a.,661358,70499,n.a.,n.a.,70499
Of Which: Fund Shares,84018,2025-05,639433,n.a.,n.a.,n.a.,639433,64060,n.a.,n.a.,64060,624062,n.a.,n.a.,n.a.,624062,70707,n.a.,n.a.,70707
Of Which: Fund Shares,84018,2025-04,776255,n.a.,n.a.,n.a.,776255,83450,n.a.,n.a.,83450,787005,n.a.,n.a.,n.a.,787005,83126,n.a.,n.a.,83126
Of Which: Fund Shares,84018,2025-03,747745,n.a.,n.a.,n.a.,747745,69708,n.a.,n.a.,69708,748591,n.a.,n.a.,n.a.,748591,73487,n.a.,n.a.,73487
Of Which: Fund Shares,84018,2025-02,590230,n.a.,n.a.,n.a.,590230,59188,n.a.,n.a.,59188,580635,n.a.,n.a.,n.a.,580635,64141,n.a.,n.a.,64141
Of Which: Fund Shares,84018,2025-01,636483,n.a.,n.a.,n.a.,636483,69463,n.a.,n.a.,69463,639426,n.a.,n.a.,n.a.,639426,67306,n.a.,n.a.,67306
Of Which: Fund Shares,84018,2024-12,799304,n.a.,n.a.,n.a.,799304,83905,n.a.,n.a.,83905,783985,n.a.,n.a.,n.a.,783985,70928,n.a.,n.a.,70928
Of Which: Fund Shares,84018,2024-11,657640,n.a.,n.a.,n.a.,657640,59106,n.a.,n.a.,59106,628033,n.a.,n.a.,n.a.,628033,61895,n.a.,n.a.,61895
Of Which: Fund Shares,84018,2024-10,630661,n.a.,n.a.,n.a.,630661,76396,n.a.,n.a.,76396,619654,n.a.,n.a.,n.a.,619654,70798,n.a.,n.a.,70798
Of Which: Fund Shares,84018,2024-09,693075,n.a.,n.a.,n.a.,693075,58294,n.a.,n.a.,58294,650504,n.a.,n.a.,n.a.,650504,61415,n.a.,n.a.,61415
Of Which: Fund Shares,84018,2024-08,686932,n.a.,n.a.,n.a.,686932,55748,n.a.,n.a.,55748,683015,n.a.,n.a.,n.a.,683015,57905,n.a.,n.a.,57905
Of Which: Fund Shares,84018,2024-07,643704,n.a.,n.a.,n.a.,643704,68498,n.a.,n.a.,68498,615497,n.a.,n.a.,n.a.,615497,61395,n.a.,n.a.,61395
Of Which: Fund Shares,84018,2024-06,604236,n.a.,n.a.,n.a.,604236,62314,n.a.,n.a.,62314,591776,n.a.,n.a.,n.a.,591776,63660,n.a.,n.a.,63660
Of Which: Fund Shares,84018,2024-05,571190,n.a.,n.a.,n.a.,571190,52571,n.a.,n.a.,52571,563990,n.a.,n.a.,n.a.,563990,62789,n.a.,n.a.,62789
Of Which: Fund Shares,84018,2024-04,597544,n.a.,n.a.,n.a.,597544,76493,n.a.,n.a.,76493,594014,n.a.,n.a.,n.a.,594014,66972,n.a.,n.a.,66972
Of Which: Fund Shares,84018,2024-03,590923,n.a.,n.a.,n.a.,590923,56593,n.a.,n.a.,56593,588993,n.a.,n.a.,n.a.,588993,54438,n.a.,n.a.,54438
Of Which: Fund Shares,84018,2024-02,544532,n.a.,n.a.,n.a.,544532,54771,n.a.,n.a.,54771,552575,n.a.,n.a.,n.a.,552575,57833,n.a.,n.a.,57833
Of Which: Fund Shares,84018,2024-01,625208,n.a.,n.a.,n.a.,625208,71803,n.a.,n.a.,71803,708542,n.a.,n.a.,n.a.,708542,67012,n.a.,n.a.,67012
Of Which: Fund Shares,84018,2023-12,705837,n.a.,n.a.,n.a.,705837,74851,n.a.,n.a.,74851,705122,n.a.,n.a.,n.a.,705122,64373,n.a.,n.a.,64373
Of Which: Fund Shares,84018,2023-11,522936,n.a.,n.a.,n.a.,522936,46135,n.a.,n.a.,46135,514173,n.a.,n.a.,n.a.,514173,47905,n.a.,n.a.,47905
Of Which: Fund Shares,84018,2023-10,521740,n.a.,n.a.,n.a.,521740,56947,n.a.,n.a.,56947,536232,n.a.,n.a.,n.a.,536232,53992,n.a.,n.a.,53992
Of Which: Fund Shares,84018,2023-09,505832,n.a.,n.a.,n.a.,505832,43736,n.a.,n.a.,43736,510990,n.a.,n.a.,n.a.,510990,45925,n.a.,n.a.,45925
Of Which: Fund Shares,84018,2023-08,509017,n.a.,n.a.,n.a.,509017,48611,n.a.,n.a.,48611,511063,n.a.,n.a.,n.a.,511063,48338,n.a.,n.a.,48338
Of Which: Fund Shares,84018,2023-07,500351,n.a.,n.a.,n.a.,500351,54438,n.a.,n.a.,54438,480655,n.a.,n.a.,n.a.,480655,56694,n.a.,n.a.,56694
Of Which: Fund Shares,84018,2023-06,455487,n.a.,n.a.,n.a.,455487,53223,n.a.,n.a.,53223,432597,n.a.,n.a.,n.a.,432597,47204,n.a.,n.a.,47204
Of Which: Fund Shares,84018,2023-05,378776,n.a.,n.a.,n.a.,378776,45258,n.a.,n.a.,45258,395050,n.a.,n.a.,n.a.,395050,44258,n.a.,n.a.,44258
Of Which: Fund Shares,84018,2023-04,341572,n.a.,n.a.,n.a.,341572,52241,n.a.,n.a.,52241,343723,n.a.,n.a.,n.a.,343723,47525,n.a.,n.a.,47525
Of Which: Fund Shares,84018,2023-03,491895,n.a.,n.a.,n.a.,491895,60040,n.a.,n.a.,60040,491736,n.a.,n.a.,n.a.,491736,54214,n.a.,n.a.,54214
Of Which: Fund Shares,84018,2023-02,360165,n.a.,n.a.,n.a.,360165,42939,n.a.,n.a.,42939,359514,n.a.,n.a.,n.a.,359514,84646,n.a.,n.a.,84646
Of Which: Depository Institutions,82643,2026-02,66213,n.a.,n.a.,15064,51149,0,n.a.,n.a.,n.a.,56675,n.a.,n.a.,10656,46019,0,n.a.,n.a.,n.a.
Of Which: Depository Institutions,82643,2026-01,71804,n.a.,n.a.,18559,53245,0,n.a.,n.a.,n.a.,68155,n.a.,n.a.,13393,54762,0,n.a.,n.a.,n.a.
Of Which: Depository Institutions,82643,2025-12,60941,n.a.,n.a.,9613,51328,0,n.a.,n.a.,n.a.,60084,n.a.,n.a.,9537,50547,0,n.a.,n.a.,n.a.
Of Which: Depository Institutions,82643,2025-11,47683,n.a.,n.a.,11045,36638,0,n.a.,n.a.,n.a.,43892,n.a.,n.a.,8844,35048,0,n.a.,n.a.,n.a.
Of Which: Depository Institutions,82643,2025-10,56076,n.a.,n.a.,12952,43124,0,n.a.,n.a.,n.a.,54350,n.a.,n.a.,10158,44192,0,n.a.,n.a.,n.a.
Of Which: Depository Institutions,82643,2025-09,58315,n.a.,n.a.,11290,47025,0,n.a.,n.a.,n.a.,56282,n.a.,n.a.,10853,45429,0,n.a.,n.a.,n.a.
Of Which: Depository Institutions,82643,2025-08,40484,n.a.,n.a.,9252,31232,0,n.a.,n.a.,n.a.,38992,n.a.,n.a.,8953,30039,0,n.a.,n.a.,n.a.
Of Which: Depository Institutions,82643,2025-07,50475,n.a.,n.a.,12029,38446,0,n.a.,n.a.,n.a.,49705,n.a.,n.a.,11379,38326,0,n.a.,n.a.,n.a.
Of Which: Depository Institutions,82643,2025-06,63341,n.a.,n.a.,14533,48808,0,n.a.,n.a.,n.a.,63016,n.a.,n.a.,12554,50462,0,n.a.,n.a.,n.a.
Of Which: Depository Institutions,82643,2025-05,64160,n.a.,n.a.,17979,46181,0,n.a.,n.a.,n.a.,57580,n.a.,n.a.,13509,44071,0,n.a.,n.a.,n.a.
Of Which: Depository Institutions,82643,2025-04,64283,n.a.,n.a.,14969,49314,0,n.a.,n.a.,n.a.,63085,n.a.,n.a.,15101,47984,0,n.a.,n.a.,n.a.
Of Which: Depository Institutions,82643,2025-03,64464,n.a.,n.a.,14825,49639,0,n.a.,n.a.,n.a.,63117,n.a.,n.a.,12133,50984,0,n.a.,n.a.,n.a.
Of Which: Depository Institutions,82643,2025-02,56676,n.a.,n.a.,12792,43884,0,n.a.,n.a.,n.a.,54283,n.a.,n.a.,12771,41512,0,n.a.,n.a.,n.a.
Of Which: Depository Institutions,82643,2025-01,60440,n.a.,n.a.,17527,42913,0,n.a.,n.a.,n.a.,59554,n.a.,n.a.,14547,45007,0,n.a.,n.a.,n.a.
Of Which: Depository Institutions,82643,2024-12,60843,n.a.,n.a.,13760,47083,0,n.a.,n.a.,n.a.,56584,n.a.,n.a.,11478,45106,0,n.a.,n.a.,n.a.
Of Which: Depository Institutions,82643,2024-11,66645,n.a.,n.a.,12895,53750,0,n.a.,n.a.,n.a.,62635,n.a.,n.a.,11920,50715,0,n.a.,n.a.,n.a.
Of Which: Depository Institutions,82643,2024-10,68400,n.a.,n.a.,16276,52124,0,n.a.,n.a.,n.a.,59367,n.a.,n.a.,13728,45639,0,n.a.,n.a.,n.a.
Of Which: Depository Institutions,82643,2024-09,56311,n.a.,n.a.,15430,40881,0,n.a.,n.a.,n.a.,54530,n.a.,n.a.,14219,40311,0,n.a.,n.a.,n.a.
Of Which: Depository Institutions,82643,2024-08,48092,n.a.,n.a.,12358,35734,0,n.a.,n.a.,n.a.,47283,n.a.,n.a.,11287,35996,0,n.a.,n.a.,n.a.
Of Which: Depository Institutions,82643,2024-07,58314,n.a.,n.a.,13943,44371,0,n.a.,n.a.,n.a.,51748,n.a.,n.a.,10708,41040,0,n.a.,n.a.,n.a.
Of Which: Depository Institutions,82643,2024-06,44516,n.a.,n.a.,10293,34223,0,n.a.,n.a.,n.a.,45533,n.a.,n.a.,10266,35267,0,n.a.,n.a.,n.a.
Of Which: Depository Institutions,82643,2024-05,59424,n.a.,n.a.,12889,46535,0,n.a.,n.a.,n.a.,52143,n.a.,n.a.,10909,41234,0,n.a.,n.a.,n.a.
Of Which: Depository Institutions,82643,2024-04,52030,n.a.,n.a.,15843,36187,0,n.a.,n.a.,n.a.,46058,n.a.,n.a.,11032,35026,0,n.a.,n.a.,n.a.
Of Which: Depository Institutions,82643,2024-03,59344,n.a.,n.a.,13709,45635,0,n.a.,n.a.,n.a.,54262,n.a.,n.a.,10599,43663,0,n.a.,n.a.,n.a.
Of Which: Depository Institutions,82643,2024-02,51721,n.a.,n.a.,12329,39392,0,n.a.,n.a.,n.a.,52215,n.a.,n.a.,12414,39801,0,n.a.,n.a.,n.a.
Of Which: Depository Institutions,82643,2024-01,57865,n.a.,n.a.,18859,39006,0,n.a.,n.a.,n.a.,53660,n.a.,n.a.,14136,39524,0,n.a.,n.a.,n.a.
Of Which: Depository Institutions,82643,2023-12,52295,n.a.,n.a.,10493,41802,0,n.a.,n.a.,n.a.,49233,n.a.,n.a.,8492,40741,0,n.a.,n.a.,n.a.
Of Which: Depository Institutions,82643,2023-11,38364,n.a.,n.a.,10523,27841,0,n.a.,n.a.,n.a.,37544,n.a.,n.a.,9997,27547,0,n.a.,n.a.,n.a.
Of Which: Depository Institutions,82643,2023-10,41794,n.a.,n.a.,12185,29609,0,n.a.,n.a.,n.a.,36443,n.a.,n.a.,8661,27782,0,n.a.,n.a.,n.a.
Of Which: Depository Institutions,82643,2023-09,44974,n.a.,n.a.,10875,34099,0,n.a.,n.a.,n.a.,39173,n.a.,n.a.,6817,32356,0,n.a.,n.a.,n.a.
Of Which: Depository Institutions,82643,2023-08,38585,n.a.,n.a.,9865,28720,0,n.a.,n.a.,n.a.,35378,n.a.,n.a.,9028,26350,0,n.a.,n.a.,n.a.
Of Which: Depository Institutions,82643,2023-07,40036,n.a.,n.a.,11352,28684,0,n.a.,n.a.,n.a.,36873,n.a.,n.a.,9508,27365,0,n.a.,n.a.,n.a.
Of Which: Depository Institutions,82643,2023-06,43258,n.a.,n.a.,14796,28462,0,n.a.,n.a.,n.a.,38379,n.a.,n.a.,9593,28786,0,n.a.,n.a.,n.a.
Of Which: Depository Institutions,82643,2023-05,37634,n.a.,n.a.,8992,28642,0,n.a.,n.a.,n.a.,38861,n.a.,n.a.,8761,30100,0,n.a.,n.a.,n.a.
Of Which: Depository Institutions,82643,2023-04,38833,n.a.,n.a.,9052,29781,0,n.a.,n.a.,n.a.,39327,n.a.,n.a.,9276,30051,0,n.a.,n.a.,n.a.
Of Which: Depository Institutions,82643,2023-03,56991,n.a.,n.a.,12593,44398,0,n.a.,n.a.,n.a.,62009,n.a.,n.a.,14135,47874,0,n.a.,n.a.,n.a.
Of Which: Depository Institutions,82643,2023-02,40106,n.a.,n.a.,10359,29747,0,n.a.,n.a.,n.a.,40904,n.a.,n.a.,10265,30639,0,n.a.,n.a.,n.a.
Of Which: Other Financial Organizations,82651,2026-02,1312462,n.a.,n.a.,114810,1197652,0,n.a.,n.a.,n.a.,1257541,n.a.,n.a.,91652,1165889,0,n.a.,n.a.,n.a.
Of Which: Other Financial Organizations,82651,2026-01,1322875,n.a.,n.a.,116795,1206080,0,n.a.,n.a.,n.a.,1304505,n.a.,n.a.,103407,1201098,0,n.a.,n.a.,n.a.
Of Which: Other Financial Organizations,82651,2025-12,1429637,n.a.,n.a.,85806,1343831,0,n.a.,n.a.,n.a.,1351104,n.a.,n.a.,70165,1280939,0,n.a.,n.a.,n.a.
Of Which: Other Financial Organizations,82651,2025-11,1063081,n.a.,n.a.,79487,983594,0,n.a.,n.a.,n.a.,1013495,n.a.,n.a.,69717,943778,0,n.a.,n.a.,n.a.
Of Which: Other Financial Organizations,82651,2025-10,1233161,n.a.,n.a.,100926,1132235,0,n.a.,n.a.,n.a.,1163683,n.a.,n.a.,90022,1073661,0,n.a.,n.a.,n.a.
Of Which: Other Financial Organizations,82651,2025-09,1085745,n.a.,n.a.,96389,989356,0,n.a.,n.a.,n.a.,1032493,n.a.,n.a.,81383,951110,0,n.a.,n.a.,n.a.
Of Which: Other Financial Organizations,82651,2025-08,961924,n.a.,n.a.,74966,886958,0,n.a.,n.a.,n.a.,909033,n.a.,n.a.,61544,847489,0,n.a.,n.a.,n.a.
Of Which: Other Financial Organizations,82651,2025-07,1014898,n.a.,n.a.,85783,929115,0,n.a.,n.a.,n.a.,985714,n.a.,n.a.,72076,913638,0,n.a.,n.a.,n.a.
Of Which: Other Financial Organizations,82651,2025-06,1064200,n.a.,n.a.,87436,976764,0,n.a.,n.a.,n.a.,965980,n.a.,n.a.,73008,892972,0,n.a.,n.a.,n.a.
Of Which: Other Financial Organizations,82651,2025-05,955065,n.a.,n.a.,93182,861883,0,n.a.,n.a.,n.a.,918517,n.a.,n.a.,77900,840617,0,n.a.,n.a.,n.a.
Of Which: Other Financial Organizations,82651,2025-04,1137802,n.a.,n.a.,98603,1039199,0,n.a.,n.a.,n.a.,1137352,n.a.,n.a.,86650,1050702,0,n.a.,n.a.,n.a.
Of Which: Other Financial Organizations,82651,2025-03,1113034,n.a.,n.a.,98793,1014241,0,n.a.,n.a.,n.a.,1075694,n.a.,n.a.,78582,997112,0,n.a.,n.a.,n.a.
Of Which: Other Financial Organizations,82651,2025-02,862422,n.a.,n.a.,70223,792199,0,n.a.,n.a.,n.a.,840495,n.a.,n.a.,73021,767474,0,n.a.,n.a.,n.a.
Of Which: Other Financial Organizations,82651,2025-01,929600,n.a.,n.a.,99717,829883,0,n.a.,n.a.,n.a.,895618,n.a.,n.a.,77409,818209,0,n.a.,n.a.,n.a.
Of Which: Other Financial Organizations,82651,2024-12,1074017,n.a.,n.a.,69863,1004154,0,n.a.,n.a.,n.a.,1039007,n.a.,n.a.,57330,981677,0,n.a.,n.a.,n.a.
Of Which: Other Financial Organizations,82651,2024-11,946501,n.a.,n.a.,65702,880799,0,n.a.,n.a.,n.a.,884870,n.a.,n.a.,65189,819681,0,n.a.,n.a.,n.a.
Of Which: Other Financial Organizations,82651,2024-10,905515,n.a.,n.a.,100883,804632,0,n.a.,n.a.,n.a.,873671,n.a.,n.a.,76312,797359,0,n.a.,n.a.,n.a.
Of Which: Other Financial Organizations,82651,2024-09,981241,n.a.,n.a.,107087,874154,0,n.a.,n.a.,n.a.,895060,n.a.,n.a.,90066,804994,0,n.a.,n.a.,n.a.
Of Which: Other Financial Organizations,82651,2024-08,900602,n.a.,n.a.,73097,827505,0,n.a.,n.a.,n.a.,892579,n.a.,n.a.,82558,810021,0,n.a.,n.a.,n.a.
Of Which: Other Financial Organizations,82651,2024-07,874647,n.a.,n.a.,89569,785078,0,n.a.,n.a.,n.a.,815067,n.a.,n.a.,63200,751867,0,n.a.,n.a.,n.a.
Of Which: Other Financial Organizations,82651,2024-06,819590,n.a.,n.a.,62057,757533,0,n.a.,n.a.,n.a.,827543,n.a.,n.a.,82422,745121,0,n.a.,n.a.,n.a.
Of Which: Other Financial Organizations,82651,2024-05,784599,n.a.,n.a.,88321,696278,0,n.a.,n.a.,n.a.,758035,n.a.,n.a.,70217,687818,0,n.a.,n.a.,n.a.
Of Which: Other Financial Organizations,82651,2024-04,793259,n.a.,n.a.,75562,717697,0,n.a.,n.a.,n.a.,784216,n.a.,n.a.,72163,712053,0,n.a.,n.a.,n.a.
Of Which: Other Financial Organizations,82651,2024-03,802115,n.a.,n.a.,83924,718191,0,n.a.,n.a.,n.a.,774094,n.a.,n.a.,64318,709776,0,n.a.,n.a.,n.a.
Of Which: Other Financial Organizations,82651,2024-02,742315,n.a.,n.a.,74995,667320,0,n.a.,n.a.,n.a.,735028,n.a.,n.a.,62551,672477,0,n.a.,n.a.,n.a.
Of Which: Other Financial Organizations,82651,2024-01,810696,n.a.,n.a.,71914,738782,0,n.a.,n.a.,n.a.,884211,n.a.,n.a.,65082,819129,0,n.a.,n.a.,n.a.
Of Which: Other Financial Organizations,82651,2023-12,892798,n.a.,n.a.,59334,833464,0,n.a.,n.a.,n.a.,889656,n.a.,n.a.,56051,833605,0,n.a.,n.a.,n.a.
Of Which: Other Financial Organizations,82651,2023-11,652554,n.a.,n.a.,58093,594461,0,n.a.,n.a.,n.a.,630289,n.a.,n.a.,48507,581782,0,n.a.,n.a.,n.a.
Of Which: Other Financial Organizations,82651,2023-10,626101,n.a.,n.a.,49970,576131,0,n.a.,n.a.,n.a.,652119,n.a.,n.a.,50349,601770,0,n.a.,n.a.,n.a.
Of Which: Other Financial Organizations,82651,2023-09,623347,n.a.,n.a.,47369,575978,0,n.a.,n.a.,n.a.,627624,n.a.,n.a.,42235,585389,0,n.a.,n.a.,n.a.
Of Which: Other Financial Organizations,82651,2023-08,638704,n.a.,n.a.,54690,584014,0,n.a.,n.a.,n.a.,628806,n.a.,n.a.,37117,591689,0,n.a.,n.a.,n.a.
Of Which: Other Financial Organizations,82651,2023-07,580298,n.a.,n.a.,56824,523474,0,n.a.,n.a.,n.a.,546536,n.a.,n.a.,46522,500014,0,n.a.,n.a.,n.a.
Of Which: Other Financial Organizations,82651,2023-06,653359,n.a.,n.a.,71618,581741,0,n.a.,n.a.,n.a.,554377,n.a.,n.a.,43116,511261,0,n.a.,n.a.,n.a.
Of Which: Other Financial Organizations,82651,2023-05,594966,n.a.,n.a.,61602,533364,0,n.a.,n.a.,n.a.,604960,n.a.,n.a.,51452,553508,0,n.a.,n.a.,n.a.
Of Which: Other Financial Organizations,82651,2023-04,524052,n.a.,n.a.,49319,474733,0,n.a.,n.a.,n.a.,536627,n.a.,n.a.,56109,480518,0,n.a.,n.a.,n.a.
Of Which: Other Financial Organizations,82651,2023-03,662400,n.a.,n.a.,57582,604818,0,n.a.,n.a.,n.a.,695392,n.a.,n.a.,64505,630887,0,n.a.,n.a.,n.a.
Of Which: Other Financial Organizations,82651,2023-02,559686,n.a.,n.a.,67914,491772,0,n.a.,n.a.,n.a.,537523,n.a.,n.a.,56388,481135,0,n.a.,n.a.,n.a.
Of Which: Non-Financial Organizations,82678,2026-02,3815237,n.a.,n.a.,253140,3562097,0,n.a.,n.a.,n.a.,3799669,n.a.,n.a.,225265,3574404,0,n.a.,n.a.,n.a.
Of Which: Non-Financial Organizations,82678,2026-01,3176482,n.a.,n.a.,196737,2979745,0,n.a.,n.a.,n.a.,3194519,n.a.,n.a.,202637,2991882,0,n.a.,n.a.,n.a.
Of Which: Non-Financial Organizations,82678,2025-12,3632801,n.a.,n.a.,185781,3447020,0,n.a.,n.a.,n.a.,3575511,n.a.,n.a.,184837,3390674,0,n.a.,n.a.,n.a.
Of Which: Non-Financial Organizations,82678,2025-11,3124416,n.a.,n.a.,243136,2881280,0,n.a.,n.a.,n.a.,3025000,n.a.,n.a.,196977,2828023,0,n.a.,n.a.,n.a.
Of Which: Non-Financial Organizations,82678,2025-10,2902478,n.a.,n.a.,207445,2695033,0,n.a.,n.a.,n.a.,2887131,n.a.,n.a.,195748,2691383,0,n.a.,n.a.,n.a.
Of Which: Non-Financial Organizations,82678,2025-09,2794597,n.a.,n.a.,203525,2591072,0,n.a.,n.a.,n.a.,2684890,n.a.,n.a.,182726,2502164,0,n.a.,n.a.,n.a.
Of Which: Non-Financial Organizations,82678,2025-08,2416923,n.a.,n.a.,165031,2251892,0,n.a.,n.a.,n.a.,2354794,n.a.,n.a.,149914,2204880,0,n.a.,n.a.,n.a.
Of Which: Non-Financial Organizations,82678,2025-07,2210079,n.a.,n.a.,173631,2036448,0,n.a.,n.a.,n.a.,2230258,n.a.,n.a.,161076,2069182,0,n.a.,n.a.,n.a.
Of Which: Non-Financial Organizations,82678,2025-06,2569273,n.a.,n.a.,178475,2390798,0,n.a.,n.a.,n.a.,2468842,n.a.,n.a.,159899,2308943,0,n.a.,n.a.,n.a.
Of Which: Non-Financial Organizations,82678,2025-05,2433389,n.a.,n.a.,194415,2238974,0,n.a.,n.a.,n.a.,2321275,n.a.,n.a.,175017,2146258,0,n.a.,n.a.,n.a.
Of Which: Non-Financial Organizations,82678,2025-04,2268288,n.a.,n.a.,193019,2075269,0,n.a.,n.a.,n.a.,2267741,n.a.,n.a.,185668,2082073,0,n.a.,n.a.,n.a.
Of Which: Non-Financial Organizations,82678,2025-03,2557464,n.a.,n.a.,210724,2346740,0,n.a.,n.a.,n.a.,2533328,n.a.,n.a.,176305,2357023,0,n.a.,n.a.,n.a.
Of Which: Non-Financial Organizations,82678,2025-02,2329150,n.a.,n.a.,183474,2145676,0,n.a.,n.a.,n.a.,2314876,n.a.,n.a.,163894,2150982,0,n.a.,n.a.,n.a.
Of Which: Non-Financial Organizations,82678,2025-01,2045975,n.a.,n.a.,132841,1913134,0,n.a.,n.a.,n.a.,2072119,n.a.,n.a.,132758,1939361,0,n.a.,n.a.,n.a.
Of Which: Non-Financial Organizations,82678,2024-12,2392255,n.a.,n.a.,146537,2245718,0,n.a.,n.a.,n.a.,2341256,n.a.,n.a.,132100,2209156,0,n.a.,n.a.,n.a.
Of Which: Non-Financial Organizations,82678,2024-11,2323764,n.a.,n.a.,151409,2172355,0,n.a.,n.a.,n.a.,2254112,n.a.,n.a.,161310,2092802,0,n.a.,n.a.,n.a.
Of Which: Non-Financial Organizations,82678,2024-10,1927287,n.a.,n.a.,170249,1757038,0,n.a.,n.a.,n.a.,1958040,n.a.,n.a.,155449,1802591,0,n.a.,n.a.,n.a.
Of Which: Non-Financial Organizations,82678,2024-09,2019074,n.a.,n.a.,172790,1846284,0,n.a.,n.a.,n.a.,1939923,n.a.,n.a.,150932,1788991,0,n.a.,n.a.,n.a.
Of Which: Non-Financial Organizations,82678,2024-08,1953581,n.a.,n.a.,168610,1784971,0,n.a.,n.a.,n.a.,1894225,n.a.,n.a.,143567,1750658,0,n.a.,n.a.,n.a.
Of Which: Non-Financial Organizations,82678,2024-07,1771552,n.a.,n.a.,133300,1638252,0,n.a.,n.a.,n.a.,1778907,n.a.,n.a.,126721,1652186,0,n.a.,n.a.,n.a.
Of Which: Non-Financial Organizations,82678,2024-06,1916625,n.a.,n.a.,134406,1782219,0,n.a.,n.a.,n.a.,1850439,n.a.,n.a.,127201,1723238,0,n.a.,n.a.,n.a.
Of Which: Non-Financial Organizations,82678,2024-05,1892144,n.a.,n.a.,152655,1739489,0,n.a.,n.a.,n.a.,1879567,n.a.,n.a.,132389,1747178,0,n.a.,n.a.,n.a.
Of Which: Non-Financial Organizations,82678,2024-04,1627360,n.a.,n.a.,126811,1500549,0,n.a.,n.a.,n.a.,1647231,n.a.,n.a.,116632,1530599,0,n.a.,n.a.,n.a.
Of Which: Non-Financial Organizations,82678,2024-03,1879378,n.a.,n.a.,150165,1729213,0,n.a.,n.a.,n.a.,1818535,n.a.,n.a.,126816,1691719,0,n.a.,n.a.,n.a.
Of Which: Non-Financial Organizations,82678,2024-02,1862572,n.a.,n.a.,174978,1687594,0,n.a.,n.a.,n.a.,1842524,n.a.,n.a.,143035,1699489,0,n.a.,n.a.,n.a.
Of Which: Non-Financial Organizations,82678,2024-01,1565861,n.a.,n.a.,137293,1428568,0,n.a.,n.a.,n.a.,1599779,n.a.,n.a.,131051,1468728,0,n.a.,n.a.,n.a.
Of Which: Non-Financial Organizations,82678,2023-12,1683623,n.a.,n.a.,117256,1566367,0,n.a.,n.a.,n.a.,1681041,n.a.,n.a.,109113,1571928,0,n.a.,n.a.,n.a.
Of Which: Non-Financial Organizations,82678,2023-11,1314149,n.a.,n.a.,133640,1180509,0,n.a.,n.a.,n.a.,1298837,n.a.,n.a.,108182,1190655,0,n.a.,n.a.,n.a.
Of Which: Non-Financial Organizations,82678,2023-10,1126653,n.a.,n.a.,101542,1025111,0,n.a.,n.a.,n.a.,1183231,n.a.,n.a.,100762,1082469,0,n.a.,n.a.,n.a.
Of Which: Non-Financial Organizations,82678,2023-09,1162367,n.a.,n.a.,108908,1053459,0,n.a.,n.a.,n.a.,1173762,n.a.,n.a.,101538,1072224,0,n.a.,n.a.,n.a.
Of Which: Non-Financial Organizations,82678,2023-08,1339620,n.a.,n.a.,135039,1204581,0,n.a.,n.a.,n.a.,1299957,n.a.,n.a.,99973,1199984,0,n.a.,n.a.,n.a.
Of Which: Non-Financial Organizations,82678,2023-07,1101377,n.a.,n.a.,111452,989925,0,n.a.,n.a.,n.a.,1092712,n.a.,n.a.,105723,986989,0,n.a.,n.a.,n.a.
Of Which: Non-Financial Organizations,82678,2023-06,1347006,n.a.,n.a.,123828,1223178,0,n.a.,n.a.,n.a.,1298255,n.a.,n.a.,129893,1168362,0,n.a.,n.a.,n.a.
Of Which: Non-Financial Organizations,82678,2023-05,1177214,n.a.,n.a.,149187,1028027,0,n.a.,n.a.,n.a.,1151964,n.a.,n.a.,115377,1036587,0,n.a.,n.a.,n.a.
Of Which: Non-Financial Organizations,82678,2023-04,987464,n.a.,n.a.,114864,872600,0,n.a.,n.a.,n.a.,1002575,n.a.,n.a.,95993,906582,0,n.a.,n.a.,n.a.
Of Which: Non-Financial Organizations,82678,2023-03,1480733,n.a.,n.a.,174681,1306052,0,n.a.,n.a.,n.a.,1378736,n.a.,n.a.,130604,1248132,0,n.a.,n.a.,n.a.
Of Which: Non-Financial Organizations,82678,2023-02,1193528,n.a.,n.a.,150292,1043236,0,n.a.,n.a.,n.a.,1144915,n.a.,n.a.,123250,1021665,0,n.a.,n.a.,n.a.
Of Which: State & Local General Government,82686,2026-02,2994,n.a.,n.a.,2994,n.a.,0,n.a.,n.a.,n.a.,3931,n.a.,n.a.,3931,n.a.,0,n.a.,n.a.,n.a.
Of Which: State & Local General Government,82686,2026-01,3445,n.a.,n.a.,3445,n.a.,0,n.a.,n.a.,n.a.,5216,n.a.,n.a.,5216,n.a.,0,n.a.,n.a.,n.a.
Of Which: State & Local General Government,82686,2025-12,4075,n.a.,n.a.,4075,n.a.,0,n.a.,n.a.,n.a.,4180,n.a.,n.a.,4180,n.a.,0,n.a.,n.a.,n.a.
Of Which: State & Local General Government,82686,2025-11,4497,n.a.,n.a.,4497,n.a.,0,n.a.,n.a.,n.a.,4607,n.a.,n.a.,4607,n.a.,0,n.a.,n.a.,n.a.
Of Which: State & Local General Government,82686,2025-10,4800,n.a.,n.a.,4800,n.a.,0,n.a.,n.a.,n.a.,5568,n.a.,n.a.,5568,n.a.,0,n.a.,n.a.,n.a.
Of Which: State & Local General Government,82686,2025-09,5186,n.a.,n.a.,5186,n.a.,0,n.a.,n.a.,n.a.,6138,n.a.,n.a.,6138,n.a.,0,n.a.,n.a.,n.a.
Of Which: State & Local General Government,82686,2025-08,5043,n.a.,n.a.,5043,n.a.,0,n.a.,n.a.,n.a.,4850,n.a.,n.a.,4850,n.a.,0,n.a.,n.a.,n.a.
Of Which: State & Local General Government,82686,2025-07,5097,n.a.,n.a.,5097,n.a.,0,n.a.,n.a.,n.a.,5500,n.a.,n.a.,5500,n.a.,0,n.a.,n.a.,n.a.
Of Which: State & Local General Government,82686,2025-06,5048,n.a.,n.a.,5048,n.a.,0,n.a.,n.a.,n.a.,3870,n.a.,n.a.,3870,n.a.,0,n.a.,n.a.,n.a.
Of Which: State & Local General Government,82686,2025-05,4500,n.a.,n.a.,4500,n.a.,0,n.a.,n.a.,n.a.,4099,n.a.,n.a.,4099,n.a.,0,n.a.,n.a.,n.a.
Of Which: State & Local General Government,82686,2025-04,5095,n.a.,n.a.,5095,n.a.,0,n.a.,n.a.,n.a.,4375,n.a.,n.a.,4375,n.a.,0,n.a.,n.a.,n.a.
Of Which: State & Local General Government,82686,2025-03,4378,n.a.,n.a.,4378,n.a.,0,n.a.,n.a.,n.a.,5093,n.a.,n.a.,5093,n.a.,0,n.a.,n.a.,n.a.
Of Which: State & Local General Government,82686,2025-02,4692,n.a.,n.a.,4692,n.a.,0,n.a.,n.a.,n.a.,5284,n.a.,n.a.,5284,n.a.,0,n.a.,n.a.,n.a.
Of Which: State & Local General Government,82686,2025-01,3029,n.a.,n.a.,3029,n.a.,0,n.a.,n.a.,n.a.,4569,n.a.,n.a.,4569,n.a.,0,n.a.,n.a.,n.a.
Of Which: State & Local General Government,82686,2024-12,3534,n.a.,n.a.,3534,n.a.,0,n.a.,n.a.,n.a.,3135,n.a.,n.a.,3135,n.a.,0,n.a.,n.a.,n.a.
Of Which: State & Local General Government,82686,2024-11,2676,n.a.,n.a.,2676,n.a.,0,n.a.,n.a.,n.a.,3532,n.a.,n.a.,3532,n.a.,0,n.a.,n.a.,n.a.
Of Which: State & Local General Government,82686,2024-10,4515,n.a.,n.a.,4515,n.a.,0,n.a.,n.a.,n.a.,4705,n.a.,n.a.,4705,n.a.,0,n.a.,n.a.,n.a.
Of Which: State & Local General Government,82686,2024-09,2437,n.a.,n.a.,2437,n.a.,0,n.a.,n.a.,n.a.,2811,n.a.,n.a.,2811,n.a.,0,n.a.,n.a.,n.a.
Of Which: State & Local General Government,82686,2024-08,2279,n.a.,n.a.,2279,n.a.,0,n.a.,n.a.,n.a.,2286,n.a.,n.a.,2286,n.a.,0,n.a.,n.a.,n.a.
Of Which: State & Local General Government,82686,2024-07,2319,n.a.,n.a.,2319,n.a.,0,n.a.,n.a.,n.a.,3201,n.a.,n.a.,3201,n.a.,0,n.a.,n.a.,n.a.
Of Which: State & Local General Government,82686,2024-06,3583,n.a.,n.a.,3583,n.a.,0,n.a.,n.a.,n.a.,3036,n.a.,n.a.,3036,n.a.,0,n.a.,n.a.,n.a.
Of Which: State & Local General Government,82686,2024-05,3277,n.a.,n.a.,3277,n.a.,0,n.a.,n.a.,n.a.,2387,n.a.,n.a.,2387,n.a.,0,n.a.,n.a.,n.a.
Of Which: State & Local General Government,82686,2024-04,2046,n.a.,n.a.,2046,n.a.,0,n.a.,n.a.,n.a.,3523,n.a.,n.a.,3523,n.a.,0,n.a.,n.a.,n.a.
Of Which: State & Local General Government,82686,2024-03,2439,n.a.,n.a.,2439,n.a.,0,n.a.,n.a.,n.a.,1886,n.a.,n.a.,1886,n.a.,0,n.a.,n.a.,n.a.
Of Which: State & Local General Government,82686,2024-02,1910,n.a.,n.a.,1910,n.a.,0,n.a.,n.a.,n.a.,2777,n.a.,n.a.,2777,n.a.,0,n.a.,n.a.,n.a.
Of Which: State & Local General Government,82686,2024-01,1754,n.a.,n.a.,1754,n.a.,0,n.a.,n.a.,n.a.,2678,n.a.,n.a.,2678,n.a.,0,n.a.,n.a.,n.a.
Of Which: State & Local General Government,82686,2023-12,2504,n.a.,n.a.,2504,n.a.,0,n.a.,n.a.,n.a.,2193,n.a.,n.a.,2193,n.a.,0,n.a.,n.a.,n.a.
Of Which: State & Local General Government,82686,2023-11,2556,n.a.,n.a.,2556,n.a.,0,n.a.,n.a.,n.a.,3496,n.a.,n.a.,3496,n.a.,0,n.a.,n.a.,n.a.
Of Which: State & Local General Government,82686,2023-10,2389,n.a.,n.a.,2389,n.a.,0,n.a.,n.a.,n.a.,3673,n.a.,n.a.,3673,n.a.,0,n.a.,n.a.,n.a.
Of Which: State & Local General Government,82686,2023-09,1979,n.a.,n.a.,1979,n.a.,0,n.a.,n.a.,n.a.,2300,n.a.,n.a.,2300,n.a.,0,n.a.,n.a.,n.a.
Of Which: State & Local General Government,82686,2023-08,2849,n.a.,n.a.,2849,n.a.,0,n.a.,n.a.,n.a.,2806,n.a.,n.a.,2806,n.a.,0,n.a.,n.a.,n.a.
Of Which: State & Local General Government,82686,2023-07,1957,n.a.,n.a.,1957,n.a.,0,n.a.,n.a.,n.a.,2539,n.a.,n.a.,2539,n.a.,0,n.a.,n.a.,n.a.
Of Which: State & Local General Government,82686,2023-06,3029,n.a.,n.a.,3029,n.a.,0,n.a.,n.a.,n.a.,2345,n.a.,n.a.,2345,n.a.,0,n.a.,n.a.,n.a.
Of Which: State & Local General Government,82686,2023-05,3144,n.a.,n.a.,3144,n.a.,0,n.a.,n.a.,n.a.,2388,n.a.,n.a.,2388,n.a.,0,n.a.,n.a.,n.a.
Of Which: State & Local General Government,82686,2023-04,3313,n.a.,n.a.,3313,n.a.,0,n.a.,n.a.,n.a.,3471,n.a.,n.a.,3471,n.a.,0,n.a.,n.a.,n.a.
Of Which: State & Local General Government,82686,2023-03,6318,n.a.,n.a.,6318,n.a.,0,n.a.,n.a.,n.a.,5398,n.a.,n.a.,5398,n.a.,0,n.a.,n.a.,n.a.
Of Which: State & Local General Government,82686,2023-02,4247,n.a.,n.a.,4247,n.a.,0,n.a.,n.a.,n.a.,3942,n.a.,n.a.,3942,n.a.,0,n.a.,n.a.,n.a.
Of Which: Depository Institutions,81663,2026-02,0,n.a.,n.a.,n.a.,n.a.,236373,14092,10417,211864,0,n.a.,n.a.,n.a.,n.a.,227252,12709,4904,209639
Of Which: Depository Institutions,81663,2026-01,0,n.a.,n.a.,n.a.,n.a.,293907,14358,15643,263906,0,n.a.,n.a.,n.a.,n.a.,285623,14996,7184,263443
Of Which: Depository Institutions,81663,2025-12,0,n.a.,n.a.,n.a.,n.a.,188947,7704,8985,172258,0,n.a.,n.a.,n.a.,n.a.,189201,7082,9152,172967
Of Which: Depository Institutions,81663,2025-11,0,n.a.,n.a.,n.a.,n.a.,188219,12102,8264,167853,0,n.a.,n.a.,n.a.,n.a.,186988,9704,13865,163419
Of Which: Depository Institutions,81663,2025-10,0,n.a.,n.a.,n.a.,n.a.,122607,7961,10276,104370,0,n.a.,n.a.,n.a.,n.a.,127763,10509,10383,106871
Of Which: Depository Institutions,81663,2025-09,0,n.a.,n.a.,n.a.,n.a.,169640,12786,13098,143756,0,n.a.,n.a.,n.a.,n.a.,159939,8773,8342,142824
Of Which: Depository Institutions,81663,2025-08,0,n.a.,n.a.,n.a.,n.a.,140208,9017,10576,120615,0,n.a.,n.a.,n.a.,n.a.,144684,10684,8087,125913
Of Which: Depository Institutions,81663,2025-07,0,n.a.,n.a.,n.a.,n.a.,129530,10192,12794,106544,0,n.a.,n.a.,n.a.,n.a.,131841,13296,8933,109612
Of Which: Depository Institutions,81663,2025-06,0,n.a.,n.a.,n.a.,n.a.,104033,8386,11167,84480,0,n.a.,n.a.,n.a.,n.a.,93936,6888,7892,79156
Of Which: Depository Institutions,81663,2025-05,0,n.a.,n.a.,n.a.,n.a.,88124,11672,10668,65784,0,n.a.,n.a.,n.a.,n.a.,88569,12793,10340,65436
Of Which: Depository Institutions,81663,2025-04,0,n.a.,n.a.,n.a.,n.a.,172100,8677,10101,153322,0,n.a.,n.a.,n.a.,n.a.,162611,10798,5602,146211
Of Which: Depository Institutions,81663,2025-03,0,n.a.,n.a.,n.a.,n.a.,108987,10694,11822,86471,0,n.a.,n.a.,n.a.,n.a.,123811,17174,6959,99678
Of Which: Depository Institutions,81663,2025-02,0,n.a.,n.a.,n.a.,n.a.,210532,9311,11591,189630,0,n.a.,n.a.,n.a.,n.a.,205954,10131,4619,191204
Of Which: Depository Institutions,81663,2025-01,0,n.a.,n.a.,n.a.,n.a.,178568,8502,7094,162972,0,n.a.,n.a.,n.a.,n.a.,183655,12495,5729,165431
Of Which: Depository Institutions,81663,2024-12,0,n.a.,n.a.,n.a.,n.a.,205491,7470,5603,192418,0,n.a.,n.a.,n.a.,n.a.,202766,5694,10409,186663
Of Which: Depository Institutions,81663,2024-11,0,n.a.,n.a.,n.a.,n.a.,149232,12472,4820,131940,0,n.a.,n.a.,n.a.,n.a.,142656,11485,5460,125711
Of Which: Depository Institutions,81663,2024-10,0,n.a.,n.a.,n.a.,n.a.,257030,9025,15338,232667,0,n.a.,n.a.,n.a.,n.a.,249945,13200,8975,227770
Of Which: Depository Institutions,81663,2024-09,0,n.a.,n.a.,n.a.,n.a.,116053,9653,5758,100642,0,n.a.,n.a.,n.a.,n.a.,121173,9934,4699,106540
Of Which: Depository Institutions,81663,2024-08,0,n.a.,n.a.,n.a.,n.a.,124528,23367,4091,97070,0,n.a.,n.a.,n.a.,n.a.,114461,12718,4755,96988
Of Which: Depository Institutions,81663,2024-07,0,n.a.,n.a.,n.a.,n.a.,122890,12485,5758,104647,0,n.a.,n.a.,n.a.,n.a.,123299,14718,4254,104327
Of Which: Depository Institutions,81663,2024-06,0,n.a.,n.a.,n.a.,n.a.,124828,16230,7599,100999,0,n.a.,n.a.,n.a.,n.a.,115516,13702,4156,97658
Of Which: Depository Institutions,81663,2024-05,0,n.a.,n.a.,n.a.,n.a.,121820,11105,4414,106301,0,n.a.,n.a.,n.a.,n.a.,130181,16200,3764,110217
Of Which: Depository Institutions,81663,2024-04,0,n.a.,n.a.,n.a.,n.a.,160834,7598,4159,149077,0,n.a.,n.a.,n.a.,n.a.,158389,7620,4058,146711
Of Which: Depository Institutions,81663,2024-03,0,n.a.,n.a.,n.a.,n.a.,125961,7507,6135,112319,0,n.a.,n.a.,n.a.,n.a.,124897,9328,4143,111426
Of Which: Depository Institutions,81663,2024-02,0,n.a.,n.a.,n.a.,n.a.,76468,6825,8199,61444,0,n.a.,n.a.,n.a.,n.a.,80839,7048,4146,69645
Of Which: Depository Institutions,81663,2024-01,0,n.a.,n.a.,n.a.,n.a.,110340,11889,5346,93105,0,n.a.,n.a.,n.a.,n.a.,102326,7136,2821,92369
Of Which: Depository Institutions,81663,2023-12,0,n.a.,n.a.,n.a.,n.a.,96577,5915,2464,88198,0,n.a.,n.a.,n.a.,n.a.,100351,7529,3594,89228
Of Which: Depository Institutions,81663,2023-11,0,n.a.,n.a.,n.a.,n.a.,66848,5827,7861,53160,0,n.a.,n.a.,n.a.,n.a.,59949,6292,3014,50643
Of Which: Depository Institutions,81663,2023-10,0,n.a.,n.a.,n.a.,n.a.,62133,1706,5887,54540,0,n.a.,n.a.,n.a.,n.a.,71510,2814,12065,56631
Of Which: Depository Institutions,81663,2023-09,0,n.a.,n.a.,n.a.,n.a.,78041,5518,4069,68454,0,n.a.,n.a.,n.a.,n.a.,72325,3620,4839,63866
Of Which: Depository Institutions,81663,2023-08,0,n.a.,n.a.,n.a.,n.a.,113462,3411,2124,107927,0,n.a.,n.a.,n.a.,n.a.,109782,2798,2457,104527
Of Which: Depository Institutions,81663,2023-07,0,n.a.,n.a.,n.a.,n.a.,85586,4241,4433,76912,0,n.a.,n.a.,n.a.,n.a.,85526,4508,3610,77408
Of Which: Depository Institutions,81663,2023-06,0,n.a.,n.a.,n.a.,n.a.,71131,4057,3692,63382,0,n.a.,n.a.,n.a.,n.a.,78016,5364,9028,63624
Of Which: Depository Institutions,81663,2023-05,0,n.a.,n.a.,n.a.,n.a.,87122,3330,2265,81527,0,n.a.,n.a.,n.a.,n.a.,90717,3627,4977,82113
Of Which: Depository Institutions,81663,2023-04,0,n.a.,n.a.,n.a.,n.a.,136683,14344,32259,90080,0,n.a.,n.a.,n.a.,n.a.,95801,5324,5092,85385
Of Which: Depository Institutions,81663,2023-03,0,n.a.,n.a.,n.a.,n.a.,100633,10740,4456,85437,0,n.a.,n.a.,n.a.,n.a.,113800,7861,22183,83756
Of Which: Depository Institutions,81663,2023-02,0,n.a.,n.a.,n.a.,n.a.,75499,5686,5464,64349,0,n.a.,n.a.,n.a.,n.a.,74456,3612,5739,65105
Of Which: Other Financial Organizations,81647,2026-02,0,n.a.,n.a.,n.a.,n.a.,1600846,122086,167602,1311158,0,n.a.,n.a.,n.a.,n.a.,1636692,131037,173997,1331658
Of Which: Other Financial Organizations,81647,2026-01,0,n.a.,n.a.,n.a.,n.a.,1697635,128744,184561,1384330,0,n.a.,n.a.,n.a.,n.a.,1738836,159936,193159,1385741
Of Which: Other Financial Organizations,81647,2025-12,0,n.a.,n.a.,n.a.,n.a.,1642966,169194,156407,1317365,0,n.a.,n.a.,n.a.,n.a.,1655989,175927,163422,1316640
Of Which: Other Financial Organizations,81647,2025-11,0,n.a.,n.a.,n.a.,n.a.,1537331,127656,171433,1238242,0,n.a.,n.a.,n.a.,n.a.,1539828,133707,171929,1234192
Of Which: Other Financial Organizations,81647,2025-10,0,n.a.,n.a.,n.a.,n.a.,1626631,110348,202881,1313402,0,n.a.,n.a.,n.a.,n.a.,1632713,133122,204015,1295576
Of Which: Other Financial Organizations,81647,2025-09,0,n.a.,n.a.,n.a.,n.a.,1605328,122022,220593,1262713,0,n.a.,n.a.,n.a.,n.a.,1635202,124856,229527,1280819
Of Which: Other Financial Organizations,81647,2025-08,0,n.a.,n.a.,n.a.,n.a.,1344797,114475,170124,1060198,0,n.a.,n.a.,n.a.,n.a.,1374745,124043,170214,1080488
Of Which: Other Financial Organizations,81647,2025-07,0,n.a.,n.a.,n.a.,n.a.,1411481,127303,213150,1071028,0,n.a.,n.a.,n.a.,n.a.,1419317,129455,208568,1081294
Of Which: Other Financial Organizations,81647,2025-06,0,n.a.,n.a.,n.a.,n.a.,1405748,114630,177523,1113595,0,n.a.,n.a.,n.a.,n.a.,1450661,128509,187471,1134681
Of Which: Other Financial Organizations,81647,2025-05,0,n.a.,n.a.,n.a.,n.a.,1253214,124145,187262,941807,0,n.a.,n.a.,n.a.,n.a.,1291808,120373,191906,979529
Of Which: Other Financial Organizations,81647,2025-04,0,n.a.,n.a.,n.a.,n.a.,1402171,145425,187409,1069337,0,n.a.,n.a.,n.a.,n.a.,1364646,145362,170994,1048290
Of Which: Other Financial Organizations,81647,2025-03,0,n.a.,n.a.,n.a.,n.a.,1487492,130693,210722,1146077,0,n.a.,n.a.,n.a.,n.a.,1473941,132116,215393,1126432
Of Which: Other Financial Organizations,81647,2025-02,0,n.a.,n.a.,n.a.,n.a.,1197601,119590,168684,909327,0,n.a.,n.a.,n.a.,n.a.,1226237,130220,175059,920958
Of Which: Other Financial Organizations,81647,2025-01,0,n.a.,n.a.,n.a.,n.a.,1134578,101159,197842,835577,0,n.a.,n.a.,n.a.,n.a.,1156689,117184,205572,833933
Of Which: Other Financial Organizations,81647,2024-12,0,n.a.,n.a.,n.a.,n.a.,1154576,92492,147792,914292,0,n.a.,n.a.,n.a.,n.a.,1167398,97054,161766,908578
Of Which: Other Financial Organizations,81647,2024-11,0,n.a.,n.a.,n.a.,n.a.,1204593,109369,147322,947902,0,n.a.,n.a.,n.a.,n.a.,1249787,124063,152681,973043
Of Which: Other Financial Organizations,81647,2024-10,0,n.a.,n.a.,n.a.,n.a.,1251727,118026,192334,941367,0,n.a.,n.a.,n.a.,n.a.,1247402,124649,181921,940832
Of Which: Other Financial Organizations,81647,2024-09,0,n.a.,n.a.,n.a.,n.a.,1168232,102399,182421,883412,0,n.a.,n.a.,n.a.,n.a.,1194282,102702,194015,897565
Of Which: Other Financial Organizations,81647,2024-08,0,n.a.,n.a.,n.a.,n.a.,1043044,103755,144422,794867,0,n.a.,n.a.,n.a.,n.a.,1054841,103742,142989,808110
Of Which: Other Financial Organizations,81647,2024-07,0,n.a.,n.a.,n.a.,n.a.,1132511,136926,177224,818361,0,n.a.,n.a.,n.a.,n.a.,1144519,141004,171205,832310
Of Which: Other Financial Organizations,81647,2024-06,0,n.a.,n.a.,n.a.,n.a.,1161063,134701,147387,878975,0,n.a.,n.a.,n.a.,n.a.,1197200,142089,162311,892800
Of Which: Other Financial Organizations,81647,2024-05,0,n.a.,n.a.,n.a.,n.a.,1140305,107928,165401,866976,0,n.a.,n.a.,n.a.,n.a.,1206432,116710,183844,905878
Of Which: Other Financial Organizations,81647,2024-04,0,n.a.,n.a.,n.a.,n.a.,1072295,107198,165969,799128,0,n.a.,n.a.,n.a.,n.a.,1093153,113185,179325,800643
Of Which: Other Financial Organizations,81647,2024-03,0,n.a.,n.a.,n.a.,n.a.,1104840,105290,164867,834683,0,n.a.,n.a.,n.a.,n.a.,1142448,112965,181343,848140
Of Which: Other Financial Organizations,81647,2024-02,0,n.a.,n.a.,n.a.,n.a.,952642,103378,143218,706046,0,n.a.,n.a.,n.a.,n.a.,1003000,117730,165853,719417
Of Which: Other Financial Organizations,81647,2024-01,0,n.a.,n.a.,n.a.,n.a.,1001790,131719,162114,707957,0,n.a.,n.a.,n.a.,n.a.,1029731,142541,175993,711197
Of Which: Other Financial Organizations,81647,2023-12,0,n.a.,n.a.,n.a.,n.a.,931641,71337,120401,739903,0,n.a.,n.a.,n.a.,n.a.,924785,67505,124375,732905
Of Which: Other Financial Organizations,81647,2023-11,0,n.a.,n.a.,n.a.,n.a.,764817,70448,134665,559704,0,n.a.,n.a.,n.a.,n.a.,791971,75120,139702,577149
Of Which: Other Financial Organizations,81647,2023-10,0,n.a.,n.a.,n.a.,n.a.,792111,68759,127086,596266,0,n.a.,n.a.,n.a.,n.a.,759302,70882,124484,563936
Of Which: Other Financial Organizations,81647,2023-09,0,n.a.,n.a.,n.a.,n.a.,747096,57850,126570,562676,0,n.a.,n.a.,n.a.,n.a.,750592,53298,129405,567889
Of Which: Other Financial Organizations,81647,2023-08,0,n.a.,n.a.,n.a.,n.a.,732618,54408,110657,567553,0,n.a.,n.a.,n.a.,n.a.,724820,57175,102206,565439
Of Which: Other Financial Organizations,81647,2023-07,0,n.a.,n.a.,n.a.,n.a.,631713,58621,112892,460200,0,n.a.,n.a.,n.a.,n.a.,659062,59484,109313,490265
Of Which: Other Financial Organizations,81647,2023-06,0,n.a.,n.a.,n.a.,n.a.,784928,68607,131635,584686,0,n.a.,n.a.,n.a.,n.a.,821921,69162,138244,614515
Of Which: Other Financial Organizations,81647,2023-05,0,n.a.,n.a.,n.a.,n.a.,728143,51378,120932,555833,0,n.a.,n.a.,n.a.,n.a.,760452,56910,137350,566192
Of Which: Other Financial Organizations,81647,2023-04,0,n.a.,n.a.,n.a.,n.a.,639832,51316,95478,493038,0,n.a.,n.a.,n.a.,n.a.,676899,60653,115221,501025
Of Which: Other Financial Organizations,81647,2023-03,0,n.a.,n.a.,n.a.,n.a.,1000107,83166,171344,745597,0,n.a.,n.a.,n.a.,n.a.,961446,85825,164812,710809
Of Which: Other Financial Organizations,81647,2023-02,0,n.a.,n.a.,n.a.,n.a.,842096,71073,130021,641002,0,n.a.,n.a.,n.a.,n.a.,828373,75973,129064,623336
Of Which: Non-Financial Organizations,81655,2026-02,0,n.a.,n.a.,n.a.,n.a.,594334,294462,66246,233626,0,n.a.,n.a.,n.a.,n.a.,610547,299195,76632,234720
Of Which: Non-Financial Organizations,81655,2026-01,0,n.a.,n.a.,n.a.,n.a.,519761,274155,65748,179858,0,n.a.,n.a.,n.a.,n.a.,534567,277641,74846,182080
Of Which: Non-Financial Organizations,81655,2025-12,0,n.a.,n.a.,n.a.,n.a.,411411,201663,53697,156051,0,n.a.,n.a.,n.a.,n.a.,422536,203029,58550,160957
Of Which: Non-Financial Organizations,81655,2025-11,0,n.a.,n.a.,n.a.,n.a.,342457,143532,40442,158483,0,n.a.,n.a.,n.a.,n.a.,352704,143307,52145,157252
Of Which: Non-Financial Organizations,81655,2025-10,0,n.a.,n.a.,n.a.,n.a.,382394,155035,47496,179863,0,n.a.,n.a.,n.a.,n.a.,392581,156358,55523,180700
Of Which: Non-Financial Organizations,81655,2025-09,0,n.a.,n.a.,n.a.,n.a.,367758,152541,48976,166241,0,n.a.,n.a.,n.a.,n.a.,374419,153948,56208,164263
Of Which: Non-Financial Organizations,81655,2025-08,0,n.a.,n.a.,n.a.,n.a.,330542,150636,38610,141296,0,n.a.,n.a.,n.a.,n.a.,344169,151312,44420,148437
Of Which: Non-Financial Organizations,81655,2025-07,0,n.a.,n.a.,n.a.,n.a.,404849,205406,42713,156730,0,n.a.,n.a.,n.a.,n.a.,423062,206265,52287,164510
Of Which: Non-Financial Organizations,81655,2025-06,0,n.a.,n.a.,n.a.,n.a.,377133,195257,39331,142545,0,n.a.,n.a.,n.a.,n.a.,382640,196310,48059,138271
Of Which: Non-Financial Organizations,81655,2025-05,0,n.a.,n.a.,n.a.,n.a.,332019,148634,40241,143144,0,n.a.,n.a.,n.a.,n.a.,352468,148664,47380,156424
Of Which: Non-Financial Organizations,81655,2025-04,0,n.a.,n.a.,n.a.,n.a.,348924,152440,41077,155407,0,n.a.,n.a.,n.a.,n.a.,352353,153546,45826,152981
Of Which: Non-Financial Organizations,81655,2025-03,0,n.a.,n.a.,n.a.,n.a.,367514,157134,51035,159345,0,n.a.,n.a.,n.a.,n.a.,387820,156767,59716,171337
Of Which: Non-Financial Organizations,81655,2025-02,0,n.a.,n.a.,n.a.,n.a.,338909,150808,42694,145407,0,n.a.,n.a.,n.a.,n.a.,351642,154190,49257,148195
Of Which: Non-Financial Organizations,81655,2025-01,0,n.a.,n.a.,n.a.,n.a.,306313,136755,39405,130153,0,n.a.,n.a.,n.a.,n.a.,320508,144526,43507,132475
Of Which: Non-Financial Organizations,81655,2024-12,0,n.a.,n.a.,n.a.,n.a.,284586,130986,30023,123577,0,n.a.,n.a.,n.a.,n.a.,285958,131012,32345,122601
Of Which: Non-Financial Organizations,81655,2024-11,0,n.a.,n.a.,n.a.,n.a.,267494,134909,32250,100335,0,n.a.,n.a.,n.a.,n.a.,272425,135212,36369,100844
Of Which: Non-Financial Organizations,81655,2024-10,0,n.a.,n.a.,n.a.,n.a.,324112,174952,45231,103929,0,n.a.,n.a.,n.a.,n.a.,333443,175173,45460,112810
Of Which: Non-Financial Organizations,81655,2024-09,0,n.a.,n.a.,n.a.,n.a.,339793,205289,38648,95856,0,n.a.,n.a.,n.a.,n.a.,344303,205964,45873,92466
Of Which: Non-Financial Organizations,81655,2024-08,0,n.a.,n.a.,n.a.,n.a.,290790,173902,30346,86542,0,n.a.,n.a.,n.a.,n.a.,295623,174962,31791,88870
Of Which: Non-Financial Organizations,81655,2024-07,0,n.a.,n.a.,n.a.,n.a.,278056,142740,39981,95335,0,n.a.,n.a.,n.a.,n.a.,279978,143823,42454,93701
Of Which: Non-Financial Organizations,81655,2024-06,0,n.a.,n.a.,n.a.,n.a.,183870,55809,34282,93779,0,n.a.,n.a.,n.a.,n.a.,196977,57140,41923,97914
Of Which: Non-Financial Organizations,81655,2024-05,0,n.a.,n.a.,n.a.,n.a.,194328,62003,31253,101072,0,n.a.,n.a.,n.a.,n.a.,201495,63166,37674,100655
Of Which: Non-Financial Organizations,81655,2024-04,0,n.a.,n.a.,n.a.,n.a.,210288,71770,38232,100286,0,n.a.,n.a.,n.a.,n.a.,218587,74588,46027,97972
Of Which: Non-Financial Organizations,81655,2024-03,0,n.a.,n.a.,n.a.,n.a.,192248,59607,39811,92830,0,n.a.,n.a.,n.a.,n.a.,209226,61150,49652,98424
Of Which: Non-Financial Organizations,81655,2024-02,0,n.a.,n.a.,n.a.,n.a.,177395,55861,33070,88464,0,n.a.,n.a.,n.a.,n.a.,189086,57722,38404,92960
Of Which: Non-Financial Organizations,81655,2024-01,0,n.a.,n.a.,n.a.,n.a.,190260,49054,39763,101443,0,n.a.,n.a.,n.a.,n.a.,190884,52713,45298,92873
Of Which: Non-Financial Organizations,81655,2023-12,0,n.a.,n.a.,n.a.,n.a.,165529,32034,27813,105682,0,n.a.,n.a.,n.a.,n.a.,167593,33041,31186,103366
Of Which: Non-Financial Organizations,81655,2023-11,0,n.a.,n.a.,n.a.,n.a.,150337,44001,26073,80263,0,n.a.,n.a.,n.a.,n.a.,153002,45286,28144,79572
Of Which: Non-Financial Organizations,81655,2023-10,0,n.a.,n.a.,n.a.,n.a.,145635,53542,17930,74163,0,n.a.,n.a.,n.a.,n.a.,151419,54623,19195,77601
Of Which: Non-Financial Organizations,81655,2023-09,0,n.a.,n.a.,n.a.,n.a.,148788,50360,23018,75410,0,n.a.,n.a.,n.a.,n.a.,149650,47284,28837,73529
Of Which: Non-Financial Organizations,81655,2023-08,0,n.a.,n.a.,n.a.,n.a.,114958,33445,16351,65162,0,n.a.,n.a.,n.a.,n.a.,122055,36264,18250,67541
Of Which: Non-Financial Organizations,81655,2023-07,0,n.a.,n.a.,n.a.,n.a.,116108,36751,16059,63298,0,n.a.,n.a.,n.a.,n.a.,126303,40376,21000,64927
Of Which: Non-Financial Organizations,81655,2023-06,0,n.a.,n.a.,n.a.,n.a.,119282,39575,20766,58941,0,n.a.,n.a.,n.a.,n.a.,123416,39368,20362,63686
Of Which: Non-Financial Organizations,81655,2023-05,0,n.a.,n.a.,n.a.,n.a.,118763,43272,14915,60576,0,n.a.,n.a.,n.a.,n.a.,118835,44487,19678,54670
Of Which: Non-Financial Organizations,81655,2023-04,0,n.a.,n.a.,n.a.,n.a.,125177,39730,17926,67521,0,n.a.,n.a.,n.a.,n.a.,118014,36934,18812,62268
Of Which: Non-Financial Organizations,81655,2023-03,0,n.a.,n.a.,n.a.,n.a.,228254,69664,44106,114484,0,n.a.,n.a.,n.a.,n.a.,222014,69467,40239,112308
Of Which: Non-Financial Organizations,81655,2023-02,0,n.a.,n.a.,n.a.,n.a.,186030,56182,35232,94616,0,n.a.,n.a.,n.a.,n.a.,206248,59930,49850,96468
Definitions:,,,,,,,,,,,,,,,,,,,,
"Euro area:  As of January 2023, includes Austria, Belgium, Croatia, Cyprus, Estonia, Finland, France, Germany, Greece, Ireland, Italy,",,,,,,,,,,,,,,,,,,,,
"Latvia, Lithuania, Luxembourg, Malta, the Netherlands, Portugal, Slovakia, Slovenia, and Spain.",,,,,,,,,,,,,,,,,,,,
"European Union includes Austria, Belgium, Bulgaria, Croatia, Cyprus, the Czech Republic, Denmark, Estonia, Finland, France, Germany, Greece,",,,,,,,,,,,,,,,,,,,,
"Hungary, Ireland, Italy, Latvia, Lithuania, Luxembourg, Malta, the Netherlands, Poland, Portugal, Romania, Slovakia, Slovenia, and Sweden.",,,,,,,,,,,,,,,,,,,,
Purchase and sale note:,,,,,,,,,,,,,,,,,,,,
Sales are sales by the U.S. of securities to a foreign entity.,,,,,,,,,,,,,,,,,,,,
Purchases are purchases by the U.S. of securities from a foreign entity.,,,,,,,,,,,,,,,,,,,,
Column definitions:,,,,,,,,,,,,,,,,,,,,
for_lt_total_sale: 3 + 7 + 11 + 15 + 19 + 23 + 27 + 31,,,,,,,,,,,,,,,,,,,,
for_lt_treas_sale: 3 + 7,,,,,,,,,,,,,,,,,,,,
for_lt_agcy_sale: 11 + 15,,,,,,,,,,,,,,,,,,,,
for_lt_corp_sale: 19 + 23,,,,,,,,,,,,,,,,,,,,
for_lt_eqty_sale: 27 + 31,,,,,,,,,,,,,,,,,,,,
us_lt_total_sale: 35 + 39 + 43,,,,,,,,,,,,,,,,,,,,
us_lt_govt_bond_sale: 35,,,,,,,,,,,,,,,,,,,,
us_lt_corp_bond_sale: 39,,,,,,,,,,,,,,,,,,,,
us_lt_eqty_sale: 43,,,,,,,,,,,,,,,,,,,,
for_lt_total_pur: 2 + 6 + 10 + 14 + 18 + 22 + 26 + 30,,,,,,,,,,,,,,,,,,,,
for_lt_treas_pur: 2 + 6,,,,,,,,,,,,,,,,,,,,
for_lt_agcy_pur: 10 + 14,,,,,,,,,,,,,,,,,,,,
for_lt_corp_pur: 18 + 22,,,,,,,,,,,,,,,,,,,,
for_lt_eqty_pur: 26 + 30,,,,,,,,,,,,,,,,,,,,
us_lt_total_pur: 34 + 38 + 42,,,,,,,,,,,,,,,,,,,,
us_lt_govt_bond_pur: 34,,,,,,,,,,,,,,,,,,,,
us_lt_corp_bond_pur: 38,,,,,,,,,,,,,,,,,,,,
us_lt_eqty_pur: 42,,,,,,,,,,,,,,,,,,,,
